trial_id,reward,timestamp,checkpoint_dir_name,done,training_iteration,date,time_this_iter_s,time_total_s,pid,hostname,node_ip,time_since_restore,iterations_since_restore,experiment_tag,config/exp_name,config/seed,config/torch_deterministic,config/cuda,config/track,config/wandb_project_name,config/wandb_entity,config/capture_video,config/env_id,config/total_timesteps,config/num_envs,config/num_steps,config/anneal_lr,config/gamma,config/num_minibatches,config/policy_lr_start,config/q_lr_start,config/alpha,config/eta,config/update_epochs,config/autotune,config/target_entropy_scale,config/saddle_point_optimization,config/use_kl_loss,config/q_histogram,config/batch_size,config/minibatch_size,config/num_iterations,config/__trial_index__
f685f007,[32.],1712590375,,True,3841,2024-04-08_17-32-55,0.0023648738861083984,289.2640781402588,87048,Nicolass-Air.technicolor.net,127.0.0.1,289.2640781402588,3841,"1_trial_index=0,alpha=2.0000,anneal_lr=True,autotune=False,batch_size=0,capture_video=False,cuda=True,env_id=CartPole-v1,eta=None,exp_name=QREPS,gamma=0.9900,minibatch_size=0,num_envs=8,num_iterations=0,num_minibatches=4,num_steps=256,policy_lr_start=0.0010,q_histogram=False,q_lr_start=0.0025,saddle_point_optimization=False,seed=0,target_entropy_scale=0.5000,torch_deterministic=True,total_timesteps=100000,track=False,update_epochs=100,use_kl_loss=True,wandb_entity=None,wandb_project_name=QREPS_cleanRL",QREPS,0,True,True,False,QREPS_cleanRL,,False,CartPole-v1,100000,8,256,True,0.99,4,0.001,0.0025,2.0,,100,False,0.5,False,True,False,0,0,0,0
436dba49,-1000,1712590077,,True,80,2024-04-08_17-27-57,0.43139100074768066,2.4380640983581543,87057,Nicolass-Air.technicolor.net,127.0.0.1,2.4380640983581543,80,"2_trial_index=0,alpha=4.0000,anneal_lr=True,autotune=True,batch_size=0,capture_video=False,cuda=True,env_id=CartPole-v1,eta=None,exp_name=QREPS,gamma=0.9900,minibatch_size=0,num_envs=4,num_iterations=0,num_minibatches=8,num_steps=128,policy_lr_start=0.0003,q_histogram=False,q_lr_start=0.0003,saddle_point_optimization=True,seed=0,target_entropy_scale=0.2500,torch_deterministic=True,total_timesteps=100000,track=False,update_epochs=15,use_kl_loss=False,wandb_entity=None,wandb_project_name=QREPS_cleanRL",QREPS,0,True,True,False,QREPS_cleanRL,,False,CartPole-v1,100000,4,128,True,0.99,8,0.00025,0.00025,4.0,,15,True,0.25,True,False,False,0,0,0,0
ea7c9aad,-1000,1712590079,,True,88,2024-04-08_17-27-59,1.0992770195007324,1.3870923519134521,87057,Nicolass-Air.technicolor.net,127.0.0.1,1.3870923519134521,88,"3_trial_index=0,alpha=8.0000,anneal_lr=True,autotune=True,batch_size=0,capture_video=False,cuda=True,env_id=CartPole-v1,eta=None,exp_name=QREPS,gamma=0.9900,minibatch_size=0,num_envs=4,num_iterations=0,num_minibatches=4,num_steps=500,policy_lr_start=0.0025,q_histogram=False,q_lr_start=0.0025,saddle_point_optimization=True,seed=0,target_entropy_scale=0.5000,torch_deterministic=True,total_timesteps=100000,track=False,update_epochs=100,use_kl_loss=False,wandb_entity=None,wandb_project_name=QREPS_cleanRL",QREPS,0,True,True,False,QREPS_cleanRL,,False,CartPole-v1,100000,4,500,True,0.99,4,0.0025,0.0025,8.0,,100,True,0.5,True,False,False,0,0,0,0
be9426fc,[10.],1712590180,,True,4941,2024-04-08_17-29-40,0.0022878646850585938,74.7792637348175,87057,Nicolass-Air.technicolor.net,127.0.0.1,74.7792637348175,4941,"4_trial_index=0,alpha=2.0000,anneal_lr=True,autotune=False,batch_size=0,capture_video=False,cuda=True,env_id=CartPole-v1,eta=None,exp_name=QREPS,gamma=0.9900,minibatch_size=0,num_envs=8,num_iterations=0,num_minibatches=8,num_steps=256,policy_lr_start=0.0025,q_histogram=False,q_lr_start=0.0010,saddle_point_optimization=False,seed=0,target_entropy_scale=0.8900,torch_deterministic=True,total_timesteps=100000,track=False,update_epochs=15,use_kl_loss=True,wandb_entity=None,wandb_project_name=QREPS_cleanRL",QREPS,0,True,True,False,QREPS_cleanRL,,False,CartPole-v1,100000,8,256,True,0.99,8,0.0025,0.001,2.0,,15,False,0.89,False,True,False,0,0,0,0
788196cd,-1000,1712590089,,True,168,2024-04-08_17-28-09,2.4297738075256348,3.1674156188964844,87078,Nicolass-Air.technicolor.net,127.0.0.1,3.1674156188964844,168,"5_trial_index=0,alpha=4.0000,anneal_lr=True,autotune=True,batch_size=0,capture_video=False,cuda=True,env_id=CartPole-v1,eta=None,exp_name=QREPS,gamma=0.9900,minibatch_size=0,num_envs=8,num_iterations=0,num_minibatches=8,num_steps=500,policy_lr_start=0.0025,q_histogram=False,q_lr_start=0.0010,saddle_point_optimization=True,seed=0,target_entropy_scale=0.5000,torch_deterministic=True,total_timesteps=100000,track=False,update_epochs=300,use_kl_loss=False,wandb_entity=None,wandb_project_name=QREPS_cleanRL",QREPS,0,True,True,False,QREPS_cleanRL,,False,CartPole-v1,100000,8,500,True,0.99,8,0.0025,0.001,4.0,,300,True,0.5,True,False,False,0,0,0,0
da44d867,[13.],1712590168,,True,5433,2024-04-08_17-29-28,0.007420778274536133,47.1199631690979,87078,Nicolass-Air.technicolor.net,127.0.0.1,47.1199631690979,5433,"6_trial_index=0,alpha=6.0000,anneal_lr=True,autotune=False,batch_size=0,capture_video=False,cuda=True,env_id=CartPole-v1,eta=None,exp_name=QREPS,gamma=0.9900,minibatch_size=0,num_envs=4,num_iterations=0,num_minibatches=4,num_steps=256,policy_lr_start=0.0025,q_histogram=False,q_lr_start=0.0025,saddle_point_optimization=False,seed=0,target_entropy_scale=0.8900,torch_deterministic=True,total_timesteps=100000,track=False,update_epochs=4,use_kl_loss=True,wandb_entity=None,wandb_project_name=QREPS_cleanRL",QREPS,0,True,True,False,QREPS_cleanRL,,False,CartPole-v1,100000,4,256,True,0.99,4,0.0025,0.0025,6.0,,4,False,0.89,False,True,False,0,0,0,0
86b3e3c1,[14.],1712590395,,True,3067,2024-04-08_17-33-15,0.0014972686767578125,285.6424562931061,87096,Nicolass-Air.technicolor.net,127.0.0.1,285.6424562931061,3067,"7_trial_index=0,alpha=6.0000,anneal_lr=True,autotune=False,batch_size=0,capture_video=False,cuda=True,env_id=CartPole-v1,eta=None,exp_name=QREPS,gamma=0.9900,minibatch_size=0,num_envs=4,num_iterations=0,num_minibatches=8,num_steps=256,policy_lr_start=0.0003,q_histogram=False,q_lr_start=0.0003,saddle_point_optimization=False,seed=0,target_entropy_scale=0.5000,torch_deterministic=True,total_timesteps=100000,track=False,update_epochs=50,use_kl_loss=True,wandb_entity=None,wandb_project_name=QREPS_cleanRL",QREPS,0,True,True,False,QREPS_cleanRL,,False,CartPole-v1,100000,4,256,True,0.99,8,0.00025,0.00025,6.0,,50,False,0.5,False,True,False,0,0,0,0
4d84d75e,-1000,1712590104,,True,47,2024-04-08_17-28-24,0.5303158760070801,1.2122955322265625,87107,Nicolass-Air.technicolor.net,127.0.0.1,1.2122955322265625,47,"8_trial_index=0,alpha=0.5000,anneal_lr=True,autotune=True,batch_size=0,capture_video=False,cuda=True,env_id=CartPole-v1,eta=None,exp_name=QREPS,gamma=0.9900,minibatch_size=0,num_envs=8,num_iterations=0,num_minibatches=4,num_steps=128,policy_lr_start=0.0010,q_histogram=False,q_lr_start=0.0025,saddle_point_optimization=True,seed=0,target_entropy_scale=0.2500,torch_deterministic=True,total_timesteps=100000,track=False,update_epochs=50,use_kl_loss=False,wandb_entity=None,wandb_project_name=QREPS_cleanRL",QREPS,0,True,True,False,QREPS_cleanRL,,False,CartPole-v1,100000,8,128,True,0.99,4,0.001,0.0025,0.5,,50,True,0.25,True,False,False,0,0,0,0
667bc9ac,[8.],1712591269,,True,6469,2024-04-08_17-47-49,6.604194641113281e-05,1154.3564291000366,87107,Nicolass-Air.technicolor.net,127.0.0.1,1154.3564291000366,6469,"9_trial_index=0,alpha=2.0000,anneal_lr=True,autotune=True,batch_size=0,capture_video=False,cuda=True,env_id=CartPole-v1,eta=None,exp_name=QREPS,gamma=0.9900,minibatch_size=0,num_envs=8,num_iterations=0,num_minibatches=8,num_steps=500,policy_lr_start=0.0025,q_histogram=False,q_lr_start=0.0003,saddle_point_optimization=False,seed=0,target_entropy_scale=0.5000,torch_deterministic=True,total_timesteps=100000,track=False,update_epochs=300,use_kl_loss=False,wandb_entity=None,wandb_project_name=QREPS_cleanRL",QREPS,0,True,True,False,QREPS_cleanRL,,False,CartPole-v1,100000,8,500,True,0.99,8,0.0025,0.00025,2.0,,300,True,0.5,False,False,False,0,0,0,0
570474a7,-1000,1712590116,,True,291,2024-04-08_17-28-36,0.08504080772399902,3.0097882747650146,87128,Nicolass-Air.technicolor.net,127.0.0.1,3.0097882747650146,291,"10_trial_index=0,alpha=8.0000,anneal_lr=True,autotune=False,batch_size=0,capture_video=False,cuda=True,env_id=CartPole-v1,eta=None,exp_name=QREPS,gamma=0.9900,minibatch_size=0,num_envs=4,num_iterations=0,num_minibatches=4,num_steps=256,policy_lr_start=0.0025,q_histogram=False,q_lr_start=0.0025,saddle_point_optimization=True,seed=0,target_entropy_scale=0.8900,torch_deterministic=True,total_timesteps=100000,track=False,update_epochs=4,use_kl_loss=True,wandb_entity=None,wandb_project_name=QREPS_cleanRL",QREPS,0,True,True,False,QREPS_cleanRL,,False,CartPole-v1,100000,4,256,True,0.99,4,0.0025,0.0025,8.0,,4,False,0.89,True,True,False,0,0,0,0
aac01c51,-1000,1712590118,,True,41,2024-04-08_17-28-38,1.108733892440796,1.4445250034332275,87128,Nicolass-Air.technicolor.net,127.0.0.1,1.4445250034332275,41,"11_trial_index=0,alpha=4.0000,anneal_lr=True,autotune=False,batch_size=0,capture_video=False,cuda=True,env_id=CartPole-v1,eta=None,exp_name=QREPS,gamma=0.9900,minibatch_size=0,num_envs=4,num_iterations=0,num_minibatches=8,num_steps=256,policy_lr_start=0.0010,q_histogram=False,q_lr_start=0.0010,saddle_point_optimization=True,seed=0,target_entropy_scale=0.5000,torch_deterministic=True,total_timesteps=100000,track=False,update_epochs=50,use_kl_loss=True,wandb_entity=None,wandb_project_name=QREPS_cleanRL",QREPS,0,True,True,False,QREPS_cleanRL,,False,CartPole-v1,100000,4,256,True,0.99,8,0.001,0.001,4.0,,50,False,0.5,True,True,False,0,0,0,0
919327e8,[10.],1712590382,,True,10142,2024-04-08_17-33-02,0.0012841224670410156,220.30059123039246,87128,Nicolass-Air.technicolor.net,127.0.0.1,220.30059123039246,10142,"12_trial_index=0,alpha=2.0000,anneal_lr=True,autotune=True,batch_size=0,capture_video=False,cuda=True,env_id=CartPole-v1,eta=None,exp_name=QREPS,gamma=0.9900,minibatch_size=0,num_envs=8,num_iterations=0,num_minibatches=4,num_steps=128,policy_lr_start=0.0003,q_histogram=False,q_lr_start=0.0025,saddle_point_optimization=False,seed=0,target_entropy_scale=0.2500,torch_deterministic=True,total_timesteps=100000,track=False,update_epochs=50,use_kl_loss=False,wandb_entity=None,wandb_project_name=QREPS_cleanRL",QREPS,0,True,True,False,QREPS_cleanRL,,False,CartPole-v1,100000,8,128,True,0.99,4,0.00025,0.0025,2.0,,50,True,0.25,False,False,False,0,0,0,0
bb0d8c4d,-1000,1712590133,,True,90,2024-04-08_17-28-53,0.9393432140350342,1.833461046218872,87166,Nicolass-Air.technicolor.net,127.0.0.1,1.833461046218872,90,"13_trial_index=0,alpha=0.5000,anneal_lr=True,autotune=False,batch_size=0,capture_video=False,cuda=True,env_id=CartPole-v1,eta=None,exp_name=QREPS,gamma=0.9900,minibatch_size=0,num_envs=8,num_iterations=0,num_minibatches=4,num_steps=256,policy_lr_start=0.0003,q_histogram=False,q_lr_start=0.0025,saddle_point_optimization=True,seed=0,target_entropy_scale=0.5000,torch_deterministic=True,total_timesteps=100000,track=False,update_epochs=100,use_kl_loss=True,wandb_entity=None,wandb_project_name=QREPS_cleanRL",QREPS,0,True,True,False,QREPS_cleanRL,,False,CartPole-v1,100000,8,256,True,0.99,4,0.00025,0.0025,0.5,,100,False,0.5,True,True,False,0,0,0,0
d7a3d30c,[10.],1712590341,,True,9507,2024-04-08_17-32-21,0.001791238784790039,164.56571626663208,87166,Nicolass-Air.technicolor.net,127.0.0.1,164.56571626663208,9507,"14_trial_index=0,alpha=6.0000,anneal_lr=True,autotune=True,batch_size=0,capture_video=False,cuda=True,env_id=CartPole-v1,eta=None,exp_name=QREPS,gamma=0.9900,minibatch_size=0,num_envs=4,num_iterations=0,num_minibatches=8,num_steps=128,policy_lr_start=0.0010,q_histogram=False,q_lr_start=0.0010,saddle_point_optimization=False,seed=0,target_entropy_scale=0.2500,torch_deterministic=True,total_timesteps=100000,track=False,update_epochs=15,use_kl_loss=False,wandb_entity=None,wandb_project_name=QREPS_cleanRL",QREPS,0,True,True,False,QREPS_cleanRL,,False,CartPole-v1,100000,4,128,True,0.99,8,0.001,0.001,6.0,,15,True,0.25,False,False,False,0,0,0,0
002ccd96,[35.],1712591858,,True,1985,2024-04-08_17-57-38,0.006570100784301758,535.6055889129639,87078,Nicolass-Air.technicolor.net,127.0.0.1,535.6055889129639,1985,"15_trial_index=0,alpha=6.0000,anneal_lr=True,autotune=True,batch_size=0,capture_video=False,cuda=True,env_id=CartPole-v1,eta=None,exp_name=QREPS,gamma=0.9900,minibatch_size=0,num_envs=4,num_iterations=0,num_minibatches=4,num_steps=500,policy_lr_start=0.0025,q_histogram=False,q_lr_start=0.0025,saddle_point_optimization=False,seed=0,target_entropy_scale=0.5000,torch_deterministic=True,total_timesteps=100000,track=False,update_epochs=100,use_kl_loss=False,wandb_entity=None,wandb_project_name=QREPS_cleanRL",QREPS,0,True,True,False,QREPS_cleanRL,,False,CartPole-v1,100000,4,500,True,0.99,4,0.0025,0.0025,6.0,,100,True,0.5,False,False,False,0,0,0,0
a45e61bd,-1000,1712591330,,True,453,2024-04-08_17-48-50,0.23154902458190918,4.593628883361816,88087,Nicolass-Air.technicolor.net,127.0.0.1,4.593628883361816,453,"16_trial_index=0,alpha=4.0000,anneal_lr=True,autotune=False,batch_size=0,capture_video=False,cuda=True,env_id=CartPole-v1,eta=None,exp_name=QREPS,gamma=0.9900,minibatch_size=0,num_envs=8,num_iterations=0,num_minibatches=8,num_steps=256,policy_lr_start=0.0025,q_histogram=False,q_lr_start=0.0003,saddle_point_optimization=True,seed=0,target_entropy_scale=0.8900,torch_deterministic=True,total_timesteps=100000,track=False,update_epochs=15,use_kl_loss=True,wandb_entity=None,wandb_project_name=QREPS_cleanRL",QREPS,0,True,True,False,QREPS_cleanRL,,False,CartPole-v1,100000,8,256,True,0.99,8,0.0025,0.00025,4.0,,15,False,0.89,True,True,False,0,0,0,0
921eaf36,[26.],1712591612,,True,4507,2024-04-08_17-53-32,0.01340174674987793,258.0862431526184,88087,Nicolass-Air.technicolor.net,127.0.0.1,258.0862431526184,4507,"17_trial_index=0,alpha=0.5000,anneal_lr=True,autotune=True,batch_size=0,capture_video=False,cuda=True,env_id=CartPole-v1,eta=None,exp_name=QREPS,gamma=0.9900,minibatch_size=0,num_envs=8,num_iterations=0,num_minibatches=8,num_steps=256,policy_lr_start=0.0010,q_histogram=False,q_lr_start=0.0025,saddle_point_optimization=False,seed=0,target_entropy_scale=0.8900,torch_deterministic=True,total_timesteps=100000,track=False,update_epochs=50,use_kl_loss=True,wandb_entity=None,wandb_project_name=QREPS_cleanRL",QREPS,0,True,True,False,QREPS_cleanRL,,False,CartPole-v1,100000,8,256,True,0.99,8,0.001,0.0025,0.5,,50,True,0.89,False,True,False,0,0,0,0
f0fd097d,[18.],1712591932,,True,3387,2024-04-08_17-58-52,0.002869844436645508,582.2005450725555,88111,Nicolass-Air.technicolor.net,127.0.0.1,582.2005450725555,3387,"18_trial_index=0,alpha=2.0000,anneal_lr=True,autotune=False,batch_size=0,capture_video=False,cuda=True,env_id=CartPole-v1,eta=None,exp_name=QREPS,gamma=0.9900,minibatch_size=0,num_envs=4,num_iterations=0,num_minibatches=4,num_steps=256,policy_lr_start=0.0010,q_histogram=False,q_lr_start=0.0025,saddle_point_optimization=False,seed=0,target_entropy_scale=0.5000,torch_deterministic=True,total_timesteps=100000,track=False,update_epochs=100,use_kl_loss=False,wandb_entity=None,wandb_project_name=QREPS_cleanRL",QREPS,0,True,True,False,QREPS_cleanRL,,False,CartPole-v1,100000,4,256,True,0.99,4,0.001,0.0025,2.0,,100,False,0.5,False,False,False,0,0,0,0
2b587733,[39.],1712591776,,True,1864,2024-04-08_17-56-16,0.026890039443969727,424.20851469039917,88119,Nicolass-Air.technicolor.net,127.0.0.1,424.20851469039917,1864,"19_trial_index=0,alpha=4.0000,anneal_lr=True,autotune=False,batch_size=0,capture_video=False,cuda=True,env_id=CartPole-v1,eta=None,exp_name=QREPS,gamma=0.9900,minibatch_size=0,num_envs=4,num_iterations=0,num_minibatches=8,num_steps=256,policy_lr_start=0.0010,q_histogram=False,q_lr_start=0.0003,saddle_point_optimization=False,seed=0,target_entropy_scale=0.5000,torch_deterministic=True,total_timesteps=100000,track=False,update_epochs=50,use_kl_loss=False,wandb_entity=None,wandb_project_name=QREPS_cleanRL",QREPS,0,True,True,False,QREPS_cleanRL,,False,CartPole-v1,100000,4,256,True,0.99,8,0.001,0.00025,4.0,,50,False,0.5,False,False,False,0,0,0,0
ee09f5a7,[18.],1712592483,,True,6911,2024-04-08_18-08-03,0.0007479190826416016,1119.4621999263763,88125,Nicolass-Air.technicolor.net,127.0.0.1,1119.4621999263763,6911,"20_trial_index=0,alpha=0.5000,anneal_lr=True,autotune=False,batch_size=0,capture_video=False,cuda=True,env_id=CartPole-v1,eta=None,exp_name=QREPS,gamma=0.9900,minibatch_size=0,num_envs=8,num_iterations=0,num_minibatches=4,num_steps=128,policy_lr_start=0.0010,q_histogram=False,q_lr_start=0.0003,saddle_point_optimization=False,seed=0,target_entropy_scale=0.2500,torch_deterministic=True,total_timesteps=100000,track=False,update_epochs=300,use_kl_loss=True,wandb_entity=None,wandb_project_name=QREPS_cleanRL",QREPS,0,True,True,False,QREPS_cleanRL,,False,CartPole-v1,100000,8,128,True,0.99,4,0.001,0.00025,0.5,,300,False,0.25,False,True,False,0,0,0,0
37383e6d,[15.],1712591686,,True,4083,2024-04-08_17-54-46,0.013749837875366211,307.0207929611206,88131,Nicolass-Air.technicolor.net,127.0.0.1,307.0207929611206,4083,"21_trial_index=0,alpha=6.0000,anneal_lr=True,autotune=True,batch_size=0,capture_video=False,cuda=True,env_id=CartPole-v1,eta=None,exp_name=QREPS,gamma=0.9900,minibatch_size=0,num_envs=8,num_iterations=0,num_minibatches=4,num_steps=256,policy_lr_start=0.0010,q_histogram=False,q_lr_start=0.0003,saddle_point_optimization=False,seed=0,target_entropy_scale=0.8900,torch_deterministic=True,total_timesteps=100000,track=False,update_epochs=50,use_kl_loss=False,wandb_entity=None,wandb_project_name=QREPS_cleanRL",QREPS,0,True,True,False,QREPS_cleanRL,,False,CartPole-v1,100000,8,256,True,0.99,4,0.001,0.00025,6.0,,50,True,0.89,False,False,False,0,0,0,0
57d2f902,[27.],1712591435,,True,2608,2024-04-08_17-50-35,0.0004239082336425781,52.4929039478302,88138,Nicolass-Air.technicolor.net,127.0.0.1,52.4929039478302,2608,"22_trial_index=0,alpha=0.5000,anneal_lr=True,autotune=False,batch_size=0,capture_video=False,cuda=True,env_id=CartPole-v1,eta=None,exp_name=QREPS,gamma=0.9900,minibatch_size=0,num_envs=4,num_iterations=0,num_minibatches=4,num_steps=128,policy_lr_start=0.0010,q_histogram=False,q_lr_start=0.0025,saddle_point_optimization=False,seed=0,target_entropy_scale=0.5000,torch_deterministic=True,total_timesteps=100000,track=False,update_epochs=4,use_kl_loss=False,wandb_entity=None,wandb_project_name=QREPS_cleanRL",QREPS,0,True,True,False,QREPS_cleanRL,,False,CartPole-v1,100000,4,128,True,0.99,4,0.001,0.0025,0.5,,4,False,0.5,False,False,False,0,0,0,0
fe6b06ea,[23.],1712591863,,True,4181,2024-04-08_17-57-43,0.002141237258911133,467.81161975860596,88146,Nicolass-Air.technicolor.net,127.0.0.1,467.81161975860596,4181,"23_trial_index=0,alpha=6.0000,anneal_lr=True,autotune=False,batch_size=0,capture_video=False,cuda=True,env_id=CartPole-v1,eta=None,exp_name=QREPS,gamma=0.9900,minibatch_size=0,num_envs=4,num_iterations=0,num_minibatches=4,num_steps=500,policy_lr_start=0.0010,q_histogram=False,q_lr_start=0.0010,saddle_point_optimization=False,seed=0,target_entropy_scale=0.8900,torch_deterministic=True,total_timesteps=100000,track=False,update_epochs=100,use_kl_loss=True,wandb_entity=None,wandb_project_name=QREPS_cleanRL",QREPS,0,True,True,False,QREPS_cleanRL,,False,CartPole-v1,100000,4,500,True,0.99,4,0.001,0.001,6.0,,100,False,0.89,False,True,False,0,0,0,0
f09d1ab4,[13.],1712592963,,True,4840,2024-04-08_18-16-03,0.0076100826263427734,442.13902592658997,88138,Nicolass-Air.technicolor.net,127.0.0.1,442.13902592658997,4840,"24_trial_index=0,alpha=6.0000,anneal_lr=True,autotune=False,batch_size=0,capture_video=False,cuda=True,env_id=CartPole-v1,eta=None,exp_name=QREPS,gamma=0.9900,minibatch_size=0,num_envs=8,num_iterations=0,num_minibatches=8,num_steps=500,policy_lr_start=0.0010,q_histogram=False,q_lr_start=0.0010,saddle_point_optimization=False,seed=0,target_entropy_scale=0.2500,torch_deterministic=True,total_timesteps=100000,track=False,update_epochs=100,use_kl_loss=True,wandb_entity=None,wandb_project_name=QREPS_cleanRL",QREPS,0,True,True,False,QREPS_cleanRL,,False,CartPole-v1,100000,8,500,True,0.99,8,0.001,0.001,6.0,,100,False,0.25,False,True,False,0,0,0,0
c52bfda8,[18.],1712593239,,True,5416,2024-04-08_18-20-39,0.0025670528411865234,705.3505859375,88723,Nicolass-Air.technicolor.net,127.0.0.1,705.3505859375,5416,"25_trial_index=0,alpha=4,anneal_lr=True,autotune=True,batch_size=0,capture_video=False,cuda=True,env_id=CartPole-v1,eta=None,exp_name=QREPS,gamma=0.9900,minibatch_size=0,num_envs=8,num_iterations=0,num_minibatches=8,num_steps=500,policy_lr_start=0.0025,q_histogram=False,q_lr_start=0.0003,saddle_point_optimization=False,seed=0,target_entropy_scale=0.2500,torch_deterministic=True,total_timesteps=100000,track=False,update_epochs=100,use_kl_loss=False,wandb_entity=None,wandb_project_name=QREPS_cleanRL",QREPS,0,True,True,False,QREPS_cleanRL,,False,CartPole-v1,100000,8,500,True,0.99,8,0.0025,0.00025,4.0,,100,True,0.25,False,False,False,0,0,0,0
b4a7ece5,[12.],1712593105,,True,3913,2024-04-08_18-18-25,0.000993967056274414,574.5031819343567,88729,Nicolass-Air.technicolor.net,127.0.0.1,574.5031819343567,3913,"26_trial_index=0,alpha=4,anneal_lr=True,autotune=False,batch_size=0,capture_video=False,cuda=True,env_id=CartPole-v1,eta=None,exp_name=QREPS,gamma=0.9900,minibatch_size=0,num_envs=8,num_iterations=0,num_minibatches=8,num_steps=500,policy_lr_start=0.0010,q_histogram=False,q_lr_start=0.0003,saddle_point_optimization=False,seed=0,target_entropy_scale=0.5000,torch_deterministic=True,total_timesteps=100000,track=False,update_epochs=100,use_kl_loss=False,wandb_entity=None,wandb_project_name=QREPS_cleanRL",QREPS,0,True,True,False,QREPS_cleanRL,,False,CartPole-v1,100000,8,500,True,0.99,8,0.001,0.00025,4.0,,100,False,0.5,False,False,False,0,0,0,0
739f1737,[11.],1712593582,,True,7521,2024-04-08_18-26-22,0.0018990039825439453,1040.7159042358398,88737,Nicolass-Air.technicolor.net,127.0.0.1,1040.7159042358398,7521,"27_trial_index=0,alpha=4,anneal_lr=True,autotune=True,batch_size=0,capture_video=False,cuda=True,env_id=CartPole-v1,eta=None,exp_name=QREPS,gamma=0.9900,minibatch_size=0,num_envs=4,num_iterations=0,num_minibatches=8,num_steps=128,policy_lr_start=0.0003,q_histogram=False,q_lr_start=0.0025,saddle_point_optimization=False,seed=0,target_entropy_scale=0.2500,torch_deterministic=True,total_timesteps=100000,track=False,update_epochs=100,use_kl_loss=False,wandb_entity=None,wandb_project_name=QREPS_cleanRL",QREPS,0,True,True,False,QREPS_cleanRL,,False,CartPole-v1,100000,4,128,True,0.99,8,0.00025,0.0025,4.0,,100,True,0.25,False,False,False,0,0,0,0
6e06c9d5,[10.],1712593336,,True,7120,2024-04-08_18-22-16,0.0015070438385009766,780.7476968765259,88748,Nicolass-Air.technicolor.net,127.0.0.1,780.7476968765259,7120,"28_trial_index=0,alpha=4,anneal_lr=True,autotune=True,batch_size=0,capture_video=False,cuda=True,env_id=CartPole-v1,eta=None,exp_name=QREPS,gamma=0.9900,minibatch_size=0,num_envs=4,num_iterations=0,num_minibatches=4,num_steps=256,policy_lr_start=0.0025,q_histogram=False,q_lr_start=0.0003,saddle_point_optimization=False,seed=0,target_entropy_scale=0.5000,torch_deterministic=True,total_timesteps=100000,track=False,update_epochs=100,use_kl_loss=False,wandb_entity=None,wandb_project_name=QREPS_cleanRL",QREPS,0,True,True,False,QREPS_cleanRL,,False,CartPole-v1,100000,4,256,True,0.99,4,0.0025,0.00025,4.0,,100,True,0.5,False,False,False,0,0,0,0
c2af1fd5,[18.],1712593373,,True,6461,2024-04-08_18-22-53,0.0007679462432861328,812.2442338466644,88754,Nicolass-Air.technicolor.net,127.0.0.1,812.2442338466644,6461,"29_trial_index=0,alpha=4,anneal_lr=True,autotune=True,batch_size=0,capture_video=False,cuda=True,env_id=CartPole-v1,eta=None,exp_name=QREPS,gamma=0.9900,minibatch_size=0,num_envs=8,num_iterations=0,num_minibatches=8,num_steps=128,policy_lr_start=0.0010,q_histogram=False,q_lr_start=0.0025,saddle_point_optimization=False,seed=0,target_entropy_scale=0.5000,torch_deterministic=True,total_timesteps=100000,track=False,update_epochs=100,use_kl_loss=False,wandb_entity=None,wandb_project_name=QREPS_cleanRL",QREPS,0,True,True,False,QREPS_cleanRL,,False,CartPole-v1,100000,8,128,True,0.99,8,0.001,0.0025,4.0,,100,True,0.5,False,False,False,0,0,0,0
c223ad4e,[26.],1712593100,,True,4915,2024-04-08_18-18-20,0.006125211715698242,529.8423392772675,88761,Nicolass-Air.technicolor.net,127.0.0.1,529.8423392772675,4915,"30_trial_index=0,alpha=4,anneal_lr=True,autotune=False,batch_size=0,capture_video=False,cuda=True,env_id=CartPole-v1,eta=None,exp_name=QREPS,gamma=0.9900,minibatch_size=0,num_envs=4,num_iterations=0,num_minibatches=4,num_steps=256,policy_lr_start=0.0003,q_histogram=False,q_lr_start=0.0025,saddle_point_optimization=False,seed=0,target_entropy_scale=0.5000,torch_deterministic=True,total_timesteps=100000,track=False,update_epochs=100,use_kl_loss=True,wandb_entity=None,wandb_project_name=QREPS_cleanRL",QREPS,0,True,True,False,QREPS_cleanRL,,False,CartPole-v1,100000,4,256,True,0.99,4,0.00025,0.0025,4.0,,100,False,0.5,False,True,False,0,0,0,0
d90057ed,[9.],1712593234,,True,9865,2024-04-08_18-20-34,0.0019741058349609375,632.7827560901642,88778,Nicolass-Air.technicolor.net,127.0.0.1,632.7827560901642,9865,"31_trial_index=0,alpha=4,anneal_lr=True,autotune=True,batch_size=0,capture_video=False,cuda=True,env_id=CartPole-v1,eta=None,exp_name=QREPS,gamma=0.9900,minibatch_size=0,num_envs=8,num_iterations=0,num_minibatches=4,num_steps=128,policy_lr_start=0.0025,q_histogram=False,q_lr_start=0.0010,saddle_point_optimization=False,seed=0,target_entropy_scale=0.2500,torch_deterministic=True,total_timesteps=100000,track=False,update_epochs=100,use_kl_loss=True,wandb_entity=None,wandb_project_name=QREPS_cleanRL",QREPS,0,True,True,False,QREPS_cleanRL,,False,CartPole-v1,100000,8,128,True,0.99,4,0.0025,0.001,4.0,,100,True,0.25,False,True,False,0,0,0,0
8586ea2a,[10.],1712594420,,True,4729,2024-04-08_18-40-20,0.002090930938720703,811.7198750972748,88138,Nicolass-Air.technicolor.net,127.0.0.1,811.7198750972748,4729,"32_trial_index=0,alpha=4,anneal_lr=True,autotune=True,batch_size=0,capture_video=False,cuda=True,env_id=CartPole-v1,eta=None,exp_name=QREPS,gamma=0.9900,minibatch_size=0,num_envs=4,num_iterations=0,num_minibatches=8,num_steps=256,policy_lr_start=0.0003,q_histogram=False,q_lr_start=0.0025,saddle_point_optimization=False,seed=0,target_entropy_scale=0.2500,torch_deterministic=True,total_timesteps=100000,track=False,update_epochs=100,use_kl_loss=False,wandb_entity=None,wandb_project_name=QREPS_cleanRL",QREPS,0,True,True,False,QREPS_cleanRL,,False,CartPole-v1,100000,4,256,True,0.99,8,0.00025,0.0025,4.0,,100,True,0.25,False,False,False,0,0,0,0
7a7f00bf,[37.],1712593659,,True,4731,2024-04-08_18-27-39,0.004915952682495117,43.537803411483765,89569,Nicolass-Air.technicolor.net,127.0.0.1,43.537803411483765,4731,"33_trial_index=0,alpha=8,anneal_lr=True,autotune=False,batch_size=0,capture_video=False,cuda=True,env_id=CartPole-v1,eta=None,exp_name=QREPS,gamma=0.9900,minibatch_size=0,num_envs=4,num_iterations=0,num_minibatches=8,num_steps=256,policy_lr_start=0.0010,q_histogram=False,q_lr_start=0.0010,saddle_point_optimization=False,seed=0,target_entropy_scale=0.5000,torch_deterministic=True,total_timesteps=100000,track=False,update_epochs=4,use_kl_loss=False,wandb_entity=None,wandb_project_name=QREPS_cleanRL",QREPS,0,True,True,False,QREPS_cleanRL,,False,CartPole-v1,100000,4,256,True,0.99,8,0.001,0.001,8.0,,4,False,0.5,False,False,False,0,0,0,0
a52b87e9,[13.],1712593829,,True,4615,2024-04-08_18-30-29,0.002277851104736328,201.73318886756897,89576,Nicolass-Air.technicolor.net,127.0.0.1,201.73318886756897,4615,"34_trial_index=0,alpha=4,anneal_lr=True,autotune=False,batch_size=0,capture_video=False,cuda=True,env_id=CartPole-v1,eta=None,exp_name=QREPS,gamma=0.9900,minibatch_size=0,num_envs=8,num_iterations=0,num_minibatches=4,num_steps=256,policy_lr_start=0.0010,q_histogram=False,q_lr_start=0.0025,saddle_point_optimization=False,seed=0,target_entropy_scale=0.5000,torch_deterministic=True,total_timesteps=100000,track=False,update_epochs=50,use_kl_loss=True,wandb_entity=None,wandb_project_name=QREPS_cleanRL",QREPS,0,True,True,False,QREPS_cleanRL,,False,CartPole-v1,100000,8,256,True,0.99,4,0.001,0.0025,4.0,,50,False,0.5,False,True,False,0,0,0,0
07458ae6,[8.],1712593992,,True,8765,2024-04-08_18-33-12,0.010661840438842773,335.30282163619995,89583,Nicolass-Air.technicolor.net,127.0.0.1,335.30282163619995,8765,"35_trial_index=0,alpha=4,anneal_lr=True,autotune=True,batch_size=0,capture_video=False,cuda=True,env_id=CartPole-v1,eta=None,exp_name=QREPS,gamma=0.9900,minibatch_size=0,num_envs=8,num_iterations=0,num_minibatches=8,num_steps=256,policy_lr_start=0.0010,q_histogram=False,q_lr_start=0.0010,saddle_point_optimization=False,seed=0,target_entropy_scale=0.2500,torch_deterministic=True,total_timesteps=100000,track=False,update_epochs=50,use_kl_loss=True,wandb_entity=None,wandb_project_name=QREPS_cleanRL",QREPS,0,True,True,False,QREPS_cleanRL,,False,CartPole-v1,100000,8,256,True,0.99,8,0.001,0.001,4.0,,50,True,0.25,False,True,False,0,0,0,0
48b3a755,[8.],1712594258,,True,10110,2024-04-08_18-37-38,0.0017671585083007812,590.9969222545624,89596,Nicolass-Air.technicolor.net,127.0.0.1,590.9969222545624,10110,"36_trial_index=0,alpha=4,anneal_lr=True,autotune=True,batch_size=0,capture_video=False,cuda=True,env_id=CartPole-v1,eta=None,exp_name=QREPS,gamma=0.9900,minibatch_size=0,num_envs=4,num_iterations=0,num_minibatches=8,num_steps=128,policy_lr_start=0.0003,q_histogram=False,q_lr_start=0.0025,saddle_point_optimization=False,seed=0,target_entropy_scale=0.5000,torch_deterministic=True,total_timesteps=100000,track=False,update_epochs=50,use_kl_loss=False,wandb_entity=None,wandb_project_name=QREPS_cleanRL",QREPS,0,True,True,False,QREPS_cleanRL,,False,CartPole-v1,100000,4,128,True,0.99,8,0.00025,0.0025,4.0,,50,True,0.5,False,False,False,0,0,0,0
aa7b1bca,[29.],1712594962,,True,4891,2024-04-08_18-49-22,0.0013689994812011719,1319.5507769584656,89601,Nicolass-Air.technicolor.net,127.0.0.1,1319.5507769584656,4891,"37_trial_index=0,alpha=4,anneal_lr=True,autotune=False,batch_size=0,capture_video=False,cuda=True,env_id=CartPole-v1,eta=None,exp_name=QREPS,gamma=0.9900,minibatch_size=0,num_envs=8,num_iterations=0,num_minibatches=8,num_steps=256,policy_lr_start=0.0025,q_histogram=False,q_lr_start=0.0025,saddle_point_optimization=False,seed=0,target_entropy_scale=0.8900,torch_deterministic=True,total_timesteps=100000,track=False,update_epochs=300,use_kl_loss=True,wandb_entity=None,wandb_project_name=QREPS_cleanRL",QREPS,0,True,True,False,QREPS_cleanRL,,False,CartPole-v1,100000,8,256,True,0.99,8,0.0025,0.0025,4.0,,300,False,0.89,False,True,False,0,0,0,0
2413b6d4,[31.],1712595826,,True,4951,2024-04-08_19-03-46,0.0005371570587158203,2178.1469707489014,89612,Nicolass-Air.technicolor.net,127.0.0.1,2178.1469707489014,4951,"38_trial_index=0,alpha=4,anneal_lr=True,autotune=False,batch_size=0,capture_video=False,cuda=True,env_id=CartPole-v1,eta=None,exp_name=QREPS,gamma=0.9900,minibatch_size=0,num_envs=4,num_iterations=0,num_minibatches=8,num_steps=128,policy_lr_start=0.0025,q_histogram=False,q_lr_start=0.0025,saddle_point_optimization=False,seed=0,target_entropy_scale=0.5000,torch_deterministic=True,total_timesteps=100000,track=False,update_epochs=300,use_kl_loss=True,wandb_entity=None,wandb_project_name=QREPS_cleanRL",QREPS,0,True,True,False,QREPS_cleanRL,,False,CartPole-v1,100000,4,128,True,0.99,8,0.0025,0.0025,4.0,,300,False,0.5,False,True,False,0,0,0,0
36a1c2b9,[59.],1712594925,,True,5087,2024-04-08_18-48-45,0.0031533241271972656,1260.7134630680084,89628,Nicolass-Air.technicolor.net,127.0.0.1,1260.7134630680084,5087,"39_trial_index=0,alpha=4,anneal_lr=True,autotune=False,batch_size=0,capture_video=False,cuda=True,env_id=CartPole-v1,eta=None,exp_name=QREPS,gamma=0.9900,minibatch_size=0,num_envs=4,num_iterations=0,num_minibatches=8,num_steps=500,policy_lr_start=0.0025,q_histogram=False,q_lr_start=0.0025,saddle_point_optimization=False,seed=0,target_entropy_scale=0.2500,torch_deterministic=True,total_timesteps=100000,track=False,update_epochs=300,use_kl_loss=True,wandb_entity=None,wandb_project_name=QREPS_cleanRL",QREPS,0,True,True,False,QREPS_cleanRL,,False,CartPole-v1,100000,4,500,True,0.99,8,0.0025,0.0025,4.0,,300,False,0.25,False,True,False,0,0,0,0
8a04e1db,[18.],1712595940,,True,5042,2024-04-08_19-05-40,0.004641056060791016,81.33287382125854,89569,Nicolass-Air.technicolor.net,127.0.0.1,81.33287382125854,5042,"40_trial_index=0,alpha=4,anneal_lr=True,autotune=True,batch_size=0,capture_video=False,cuda=True,env_id=CartPole-v1,eta=None,exp_name=QREPS,gamma=0.9900,minibatch_size=0,num_envs=8,num_iterations=0,num_minibatches=4,num_steps=128,policy_lr_start=0.0003,q_histogram=False,q_lr_start=0.0025,saddle_point_optimization=False,seed=0,target_entropy_scale=0.5000,torch_deterministic=True,total_timesteps=100000,track=False,update_epochs=15,use_kl_loss=True,wandb_entity=None,wandb_project_name=QREPS_cleanRL",QREPS,0,True,True,False,QREPS_cleanRL,,False,CartPole-v1,100000,8,128,True,0.99,4,0.00025,0.0025,4.0,,15,True,0.5,False,True,False,0,0,0,0
5d85ca32,[40.],1712596193,,True,4433,2024-04-08_19-09-53,0.0024628639221191406,325.3222641944885,90991,Nicolass-Air.technicolor.net,127.0.0.1,325.3222641944885,4433,"41_trial_index=0,alpha=8.0000,anneal_lr=True,autotune=False,batch_size=0,capture_video=False,cuda=True,env_id=CartPole-v1,eta=None,exp_name=QREPS,gamma=0.9900,minibatch_size=0,num_envs=4,num_iterations=0,num_minibatches=8,num_steps=500,policy_lr_start=0.0025,q_histogram=False,q_lr_start=0.0025,saddle_point_optimization=False,seed=0,target_entropy_scale=0.8900,torch_deterministic=True,total_timesteps=100000,track=False,update_epochs=50,use_kl_loss=True,wandb_entity=None,wandb_project_name=QREPS_cleanRL",QREPS,0,True,True,False,QREPS_cleanRL,,False,CartPole-v1,100000,4,500,True,0.99,8,0.0025,0.0025,8.0,,50,False,0.89,False,True,False,0,0,0,0
f88bb082,[48.],1712597584,,True,3297,2024-04-08_19-33-04,0.0006010532379150391,1719.5368387699127,90998,Nicolass-Air.technicolor.net,127.0.0.1,1719.5368387699127,3297,"42_trial_index=0,alpha=2.0000,anneal_lr=True,autotune=False,batch_size=0,capture_video=False,cuda=True,env_id=CartPole-v1,eta=None,exp_name=QREPS,gamma=0.9900,minibatch_size=0,num_envs=4,num_iterations=0,num_minibatches=8,num_steps=500,policy_lr_start=0.0025,q_histogram=False,q_lr_start=0.0025,saddle_point_optimization=False,seed=0,target_entropy_scale=0.8900,torch_deterministic=True,total_timesteps=100000,track=False,update_epochs=300,use_kl_loss=False,wandb_entity=None,wandb_project_name=QREPS_cleanRL",QREPS,0,True,True,False,QREPS_cleanRL,,False,CartPole-v1,100000,4,500,True,0.99,8,0.0025,0.0025,2.0,,300,False,0.89,False,False,False,0,0,0,0
d184df56,[67.],1712597560,,True,3096,2024-04-08_19-32-40,0.0017819404602050781,1688.4505743980408,91011,Nicolass-Air.technicolor.net,127.0.0.1,1688.4505743980408,3096,"43_trial_index=0,alpha=8.0000,anneal_lr=True,autotune=False,batch_size=0,capture_video=False,cuda=True,env_id=CartPole-v1,eta=None,exp_name=QREPS,gamma=0.9900,minibatch_size=0,num_envs=4,num_iterations=0,num_minibatches=8,num_steps=500,policy_lr_start=0.0010,q_histogram=False,q_lr_start=0.0025,saddle_point_optimization=False,seed=0,target_entropy_scale=0.2500,torch_deterministic=True,total_timesteps=100000,track=False,update_epochs=300,use_kl_loss=False,wandb_entity=None,wandb_project_name=QREPS_cleanRL",QREPS,0,True,True,False,QREPS_cleanRL,,False,CartPole-v1,100000,4,500,True,0.99,8,0.001,0.0025,8.0,,300,False,0.25,False,False,False,0,0,0,0
e02a5cde,[19.],1712597264,,True,4545,2024-04-08_19-27-44,0.005239963531494141,1376.0831310749054,91017,Nicolass-Air.technicolor.net,127.0.0.1,1376.0831310749054,4545,"44_trial_index=0,alpha=2.0000,anneal_lr=True,autotune=False,batch_size=0,capture_video=False,cuda=True,env_id=CartPole-v1,eta=None,exp_name=QREPS,gamma=0.9900,minibatch_size=0,num_envs=4,num_iterations=0,num_minibatches=4,num_steps=500,policy_lr_start=0.0025,q_histogram=False,q_lr_start=0.0025,saddle_point_optimization=False,seed=0,target_entropy_scale=0.2500,torch_deterministic=True,total_timesteps=100000,track=False,update_epochs=300,use_kl_loss=True,wandb_entity=None,wandb_project_name=QREPS_cleanRL",QREPS,0,True,True,False,QREPS_cleanRL,,False,CartPole-v1,100000,4,500,True,0.99,4,0.0025,0.0025,2.0,,300,False,0.25,False,True,False,0,0,0,0
8b5f4215,[41.],1712596148,,True,4089,2024-04-08_19-09-08,0.00559687614440918,249.286705493927,91024,Nicolass-Air.technicolor.net,127.0.0.1,249.286705493927,4089,"45_trial_index=0,alpha=0.5000,anneal_lr=True,autotune=False,batch_size=0,capture_video=False,cuda=True,env_id=CartPole-v1,eta=None,exp_name=QREPS,gamma=0.9900,minibatch_size=0,num_envs=4,num_iterations=0,num_minibatches=4,num_steps=500,policy_lr_start=0.0010,q_histogram=False,q_lr_start=0.0025,saddle_point_optimization=False,seed=0,target_entropy_scale=0.8900,torch_deterministic=True,total_timesteps=100000,track=False,update_epochs=50,use_kl_loss=True,wandb_entity=None,wandb_project_name=QREPS_cleanRL",QREPS,0,True,True,False,QREPS_cleanRL,,False,CartPole-v1,100000,4,500,True,0.99,4,0.001,0.0025,0.5,,50,False,0.89,False,True,False,0,0,0,0
5bd8fcef,[13.],1712597535,,True,5240,2024-04-08_19-32-15,0.00010991096496582031,1629.440584897995,91031,Nicolass-Air.technicolor.net,127.0.0.1,1629.440584897995,5240,"46_trial_index=0,alpha=2.0000,anneal_lr=True,autotune=False,batch_size=0,capture_video=False,cuda=True,env_id=CartPole-v1,eta=None,exp_name=QREPS,gamma=0.9900,minibatch_size=0,num_envs=4,num_iterations=0,num_minibatches=8,num_steps=500,policy_lr_start=0.0010,q_histogram=False,q_lr_start=0.0025,saddle_point_optimization=False,seed=0,target_entropy_scale=0.8900,torch_deterministic=True,total_timesteps=100000,track=False,update_epochs=300,use_kl_loss=True,wandb_entity=None,wandb_project_name=QREPS_cleanRL",QREPS,0,True,True,False,QREPS_cleanRL,,False,CartPole-v1,100000,4,500,True,0.99,8,0.001,0.0025,2.0,,300,False,0.89,False,True,False,0,0,0,0
6641191a,[16.],1712597334,,True,4382,2024-04-08_19-28-54,0.0017421245574951172,1418.6365141868591,91039,Nicolass-Air.technicolor.net,127.0.0.1,1418.6365141868591,4382,"47_trial_index=0,alpha=8.0000,anneal_lr=True,autotune=False,batch_size=0,capture_video=False,cuda=True,env_id=CartPole-v1,eta=None,exp_name=QREPS,gamma=0.9900,minibatch_size=0,num_envs=4,num_iterations=0,num_minibatches=4,num_steps=500,policy_lr_start=0.0010,q_histogram=False,q_lr_start=0.0025,saddle_point_optimization=False,seed=0,target_entropy_scale=0.2500,torch_deterministic=True,total_timesteps=100000,track=False,update_epochs=300,use_kl_loss=True,wandb_entity=None,wandb_project_name=QREPS_cleanRL",QREPS,0,True,True,False,QREPS_cleanRL,,False,CartPole-v1,100000,4,500,True,0.99,4,0.001,0.0025,8.0,,300,False,0.25,False,True,False,0,0,0,0
9c25abe2,[15.],1712597967,,True,4894,2024-04-08_19-39-27,0.014117717742919922,335.2888298034668,89569,Nicolass-Air.technicolor.net,127.0.0.1,335.2888298034668,4894,"48_trial_index=0,alpha=2.0000,anneal_lr=True,autotune=False,batch_size=0,capture_video=False,cuda=True,env_id=CartPole-v1,eta=None,exp_name=QREPS,gamma=0.9900,minibatch_size=0,num_envs=4,num_iterations=0,num_minibatches=4,num_steps=500,policy_lr_start=0.0010,q_histogram=False,q_lr_start=0.0025,saddle_point_optimization=False,seed=0,target_entropy_scale=0.8900,torch_deterministic=True,total_timesteps=100000,track=False,update_epochs=50,use_kl_loss=False,wandb_entity=None,wandb_project_name=QREPS_cleanRL",QREPS,0,True,True,False,QREPS_cleanRL,,False,CartPole-v1,100000,4,500,True,0.99,4,0.001,0.0025,2.0,,50,False,0.89,False,False,False,0,0,0,0
cbdc5756,[20.],1712599949,,True,4016,2024-04-08_20-12-29,0.0016231536865234375,2314.9803891181946,92131,Nicolass-Air.technicolor.net,127.0.0.1,2314.9803891181946,4016,"49_trial_index=0,alpha=8,anneal_lr=True,autotune=False,batch_size=0,capture_video=False,cuda=True,env_id=CartPole-v1,eta=None,exp_name=QREPS,gamma=0.9900,minibatch_size=0,num_envs=4,num_iterations=0,num_minibatches=8,num_steps=500,policy_lr_start=0.0003,q_histogram=False,q_lr_start=0.0025,saddle_point_optimization=False,seed=0,target_entropy_scale=0.8900,torch_deterministic=True,total_timesteps=100000,track=False,update_epochs=300,use_kl_loss=False,wandb_entity=None,wandb_project_name=QREPS_cleanRL",QREPS,0,True,True,False,QREPS_cleanRL,,False,CartPole-v1,100000,4,500,True,0.99,8,0.00025,0.0025,8.0,,300,False,0.89,False,False,False,0,0,0,0
59b101c5,[44.],1712600042,,True,4187,2024-04-08_20-14-02,0.0016629695892333984,2401.477848291397,92136,Nicolass-Air.technicolor.net,127.0.0.1,2401.477848291397,4187,"50_trial_index=0,alpha=4,anneal_lr=True,autotune=False,batch_size=0,capture_video=False,cuda=True,env_id=CartPole-v1,eta=None,exp_name=QREPS,gamma=0.9900,minibatch_size=0,num_envs=4,num_iterations=0,num_minibatches=8,num_steps=500,policy_lr_start=0.0025,q_histogram=False,q_lr_start=0.0025,saddle_point_optimization=False,seed=0,target_entropy_scale=0.8900,torch_deterministic=True,total_timesteps=100000,track=False,update_epochs=300,use_kl_loss=False,wandb_entity=None,wandb_project_name=QREPS_cleanRL",QREPS,0,True,True,False,QREPS_cleanRL,,False,CartPole-v1,100000,4,500,True,0.99,8,0.0025,0.0025,4.0,,300,False,0.89,False,False,False,0,0,0,0
5b1d8e57,[67.],1712600026,,True,3096,2024-04-08_20-13-46,0.002215862274169922,2383.694262266159,92143,Nicolass-Air.technicolor.net,127.0.0.1,2383.694262266159,3096,"51_trial_index=0,alpha=8,anneal_lr=True,autotune=False,batch_size=0,capture_video=False,cuda=True,env_id=CartPole-v1,eta=None,exp_name=QREPS,gamma=0.9900,minibatch_size=0,num_envs=4,num_iterations=0,num_minibatches=8,num_steps=500,policy_lr_start=0.0010,q_histogram=False,q_lr_start=0.0025,saddle_point_optimization=False,seed=0,target_entropy_scale=0.5000,torch_deterministic=True,total_timesteps=100000,track=False,update_epochs=300,use_kl_loss=False,wandb_entity=None,wandb_project_name=QREPS_cleanRL",QREPS,0,True,True,False,QREPS_cleanRL,,False,CartPole-v1,100000,4,500,True,0.99,8,0.001,0.0025,8.0,,300,False,0.5,False,False,False,0,0,0,0
c1a505dc,[17.],1712599389,,True,5171,2024-04-08_20-03-09,0.0023050308227539062,1726.7993903160095,92154,Nicolass-Air.technicolor.net,127.0.0.1,1726.7993903160095,5171,"52_trial_index=0,alpha=8,anneal_lr=True,autotune=False,batch_size=0,capture_video=False,cuda=True,env_id=CartPole-v1,eta=None,exp_name=QREPS,gamma=0.9900,minibatch_size=0,num_envs=8,num_iterations=0,num_minibatches=8,num_steps=500,policy_lr_start=0.0003,q_histogram=False,q_lr_start=0.0025,saddle_point_optimization=False,seed=0,target_entropy_scale=0.8900,torch_deterministic=True,total_timesteps=100000,track=False,update_epochs=300,use_kl_loss=False,wandb_entity=None,wandb_project_name=QREPS_cleanRL",QREPS,0,True,True,False,QREPS_cleanRL,,False,CartPole-v1,100000,8,500,True,0.99,8,0.00025,0.0025,8.0,,300,False,0.89,False,False,False,0,0,0,0
9bfd457e,[20.],1712599928,,True,4196,2024-04-08_20-12-08,0.011812925338745117,2262.4100472927094,92164,Nicolass-Air.technicolor.net,127.0.0.1,2262.4100472927094,4196,"53_trial_index=0,alpha=4,anneal_lr=True,autotune=False,batch_size=0,capture_video=False,cuda=True,env_id=CartPole-v1,eta=None,exp_name=QREPS,gamma=0.9900,minibatch_size=0,num_envs=8,num_iterations=0,num_minibatches=8,num_steps=500,policy_lr_start=0.0025,q_histogram=False,q_lr_start=0.0025,saddle_point_optimization=False,seed=0,target_entropy_scale=0.5000,torch_deterministic=True,total_timesteps=100000,track=False,update_epochs=300,use_kl_loss=False,wandb_entity=None,wandb_project_name=QREPS_cleanRL",QREPS,0,True,True,False,QREPS_cleanRL,,False,CartPole-v1,100000,8,500,True,0.99,8,0.0025,0.0025,4.0,,300,False,0.5,False,False,False,0,0,0,0
42930a5a,[44.],1712600119,,True,4187,2024-04-08_20-15-19,0.0009710788726806641,2443.149287223816,92174,Nicolass-Air.technicolor.net,127.0.0.1,2443.149287223816,4187,"54_trial_index=0,alpha=4,anneal_lr=True,autotune=False,batch_size=0,capture_video=False,cuda=True,env_id=CartPole-v1,eta=None,exp_name=QREPS,gamma=0.9900,minibatch_size=0,num_envs=4,num_iterations=0,num_minibatches=8,num_steps=500,policy_lr_start=0.0025,q_histogram=False,q_lr_start=0.0025,saddle_point_optimization=False,seed=0,target_entropy_scale=0.2500,torch_deterministic=True,total_timesteps=100000,track=False,update_epochs=300,use_kl_loss=False,wandb_entity=None,wandb_project_name=QREPS_cleanRL",QREPS,0,True,True,False,QREPS_cleanRL,,False,CartPole-v1,100000,4,500,True,0.99,8,0.0025,0.0025,4.0,,300,False,0.25,False,False,False,0,0,0,0
aee0c1e8,[16.],1712599578,,True,5611,2024-04-08_20-06-18,0.003943204879760742,1879.6539447307587,92183,Nicolass-Air.technicolor.net,127.0.0.1,1879.6539447307587,5611,"55_trial_index=0,alpha=4,anneal_lr=True,autotune=False,batch_size=0,capture_video=False,cuda=True,env_id=CartPole-v1,eta=None,exp_name=QREPS,gamma=0.9900,minibatch_size=0,num_envs=8,num_iterations=0,num_minibatches=8,num_steps=500,policy_lr_start=0.0003,q_histogram=False,q_lr_start=0.0025,saddle_point_optimization=False,seed=0,target_entropy_scale=0.2500,torch_deterministic=True,total_timesteps=100000,track=False,update_epochs=300,use_kl_loss=False,wandb_entity=None,wandb_project_name=QREPS_cleanRL",QREPS,0,True,True,False,QREPS_cleanRL,,False,CartPole-v1,100000,8,500,True,0.99,8,0.00025,0.0025,4.0,,300,False,0.25,False,False,False,0,0,0,0
f52dbbf1,[8.],1712601317,,True,9610,2024-04-08_20-35-17,0.0009398460388183594,1162.040263414383,89569,Nicolass-Air.technicolor.net,127.0.0.1,1162.040263414383,9610,"56_trial_index=0,alpha=4,anneal_lr=True,autotune=True,batch_size=0,capture_video=False,cuda=True,env_id=CartPole-v1,eta=None,exp_name=QREPS,gamma=0.9900,minibatch_size=0,num_envs=4,num_iterations=0,num_minibatches=8,num_steps=500,policy_lr_start=0.0003,q_histogram=False,q_lr_start=0.0025,saddle_point_optimization=False,seed=0,target_entropy_scale=0.2500,torch_deterministic=True,total_timesteps=100000,track=False,update_epochs=300,use_kl_loss=False,wandb_entity=None,wandb_project_name=QREPS_cleanRL",QREPS,0,True,True,False,QREPS_cleanRL,,False,CartPole-v1,100000,4,500,True,0.99,8,0.00025,0.0025,4.0,,300,True,0.25,False,False,False,0,0,0,0
d94a2fac,[66.],1712600293,,True,3500,2024-04-08_20-18-13,0.0032629966735839844,123.96722197532654,93676,Nicolass-Air.technicolor.net,127.0.0.1,123.96722197532654,3500,"57_trial_index=0,alpha=4,anneal_lr=True,autotune=True,batch_size=0,capture_video=False,cuda=True,env_id=CartPole-v1,eta=None,exp_name=QREPS,gamma=0.9900,minibatch_size=0,num_envs=4,num_iterations=0,num_minibatches=8,num_steps=500,policy_lr_start=0.0010,q_histogram=False,q_lr_start=0.0003,saddle_point_optimization=False,seed=0,target_entropy_scale=0.2500,torch_deterministic=True,total_timesteps=100000,track=False,update_epochs=15,use_kl_loss=True,wandb_entity=None,wandb_project_name=QREPS_cleanRL",QREPS,0,True,True,False,QREPS_cleanRL,,False,CartPole-v1,100000,4,500,True,0.99,8,0.001,0.00025,4.0,,15,True,0.25,False,True,False,0,0,0,0
dc5c01f6,[18.],1712600500,,True,5795,2024-04-08_20-21-40,0.002031087875366211,325.1063930988312,93684,Nicolass-Air.technicolor.net,127.0.0.1,325.1063930988312,5795,"58_trial_index=0,alpha=8,anneal_lr=True,autotune=False,batch_size=0,capture_video=False,cuda=True,env_id=CartPole-v1,eta=None,exp_name=QREPS,gamma=0.9900,minibatch_size=0,num_envs=4,num_iterations=0,num_minibatches=8,num_steps=500,policy_lr_start=0.0010,q_histogram=False,q_lr_start=0.0025,saddle_point_optimization=False,seed=0,target_entropy_scale=0.8900,torch_deterministic=True,total_timesteps=100000,track=False,update_epochs=50,use_kl_loss=False,wandb_entity=None,wandb_project_name=QREPS_cleanRL",QREPS,0,True,True,False,QREPS_cleanRL,,False,CartPole-v1,100000,4,500,True,0.99,8,0.001,0.0025,8.0,,50,False,0.89,False,False,False,0,0,0,0
6d4de7b8,[75.],1712600330,,True,2446,2024-04-08_20-18-50,0.0416560173034668,153.61310029029846,93690,Nicolass-Air.technicolor.net,127.0.0.1,153.61310029029846,2446,"59_trial_index=0,alpha=8,anneal_lr=True,autotune=True,batch_size=0,capture_video=False,cuda=True,env_id=CartPole-v1,eta=None,exp_name=QREPS,gamma=0.9900,minibatch_size=0,num_envs=4,num_iterations=0,num_minibatches=8,num_steps=500,policy_lr_start=0.0010,q_histogram=False,q_lr_start=0.0003,saddle_point_optimization=False,seed=0,target_entropy_scale=0.2500,torch_deterministic=True,total_timesteps=100000,track=False,update_epochs=15,use_kl_loss=False,wandb_entity=None,wandb_project_name=QREPS_cleanRL",QREPS,0,True,True,False,QREPS_cleanRL,,False,CartPole-v1,100000,4,500,True,0.99,8,0.001,0.00025,8.0,,15,True,0.25,False,False,False,0,0,0,0
2ae2286f,[31.],1712600327,,True,3882,2024-04-08_20-18-47,0.0029871463775634766,133.31615686416626,93697,Nicolass-Air.technicolor.net,127.0.0.1,133.31615686416626,3882,"60_trial_index=0,alpha=4,anneal_lr=True,autotune=False,batch_size=0,capture_video=False,cuda=True,env_id=CartPole-v1,eta=None,exp_name=QREPS,gamma=0.9900,minibatch_size=0,num_envs=4,num_iterations=0,num_minibatches=8,num_steps=500,policy_lr_start=0.0010,q_histogram=False,q_lr_start=0.0003,saddle_point_optimization=False,seed=0,target_entropy_scale=0.2500,torch_deterministic=True,total_timesteps=100000,track=False,update_epochs=15,use_kl_loss=True,wandb_entity=None,wandb_project_name=QREPS_cleanRL",QREPS,0,True,True,False,QREPS_cleanRL,,False,CartPole-v1,100000,4,500,True,0.99,8,0.001,0.00025,4.0,,15,False,0.25,False,True,False,0,0,0,0
e7efb192,[9.],1712600497,,True,9703,2024-04-08_20-21-37,0.000990152359008789,285.6960606575012,93709,Nicolass-Air.technicolor.net,127.0.0.1,285.6960606575012,9703,"61_trial_index=0,alpha=8,anneal_lr=True,autotune=True,batch_size=0,capture_video=False,cuda=True,env_id=CartPole-v1,eta=None,exp_name=QREPS,gamma=0.9900,minibatch_size=0,num_envs=4,num_iterations=0,num_minibatches=8,num_steps=500,policy_lr_start=0.0010,q_histogram=False,q_lr_start=0.0025,saddle_point_optimization=False,seed=0,target_entropy_scale=0.2500,torch_deterministic=True,total_timesteps=100000,track=False,update_epochs=50,use_kl_loss=False,wandb_entity=None,wandb_project_name=QREPS_cleanRL",QREPS,0,True,True,False,QREPS_cleanRL,,False,CartPole-v1,100000,4,500,True,0.99,8,0.001,0.0025,8.0,,50,True,0.25,False,False,False,0,0,0,0
bbb4ce6a,[34.],1712600358,,True,2348,2024-04-08_20-19-18,0.007881879806518555,155.58731937408447,93721,Nicolass-Air.technicolor.net,127.0.0.1,155.58731937408447,2348,"62_trial_index=0,alpha=8,anneal_lr=True,autotune=True,batch_size=0,capture_video=False,cuda=True,env_id=CartPole-v1,eta=None,exp_name=QREPS,gamma=0.9900,minibatch_size=0,num_envs=4,num_iterations=0,num_minibatches=8,num_steps=500,policy_lr_start=0.0010,q_histogram=False,q_lr_start=0.0003,saddle_point_optimization=False,seed=0,target_entropy_scale=0.8900,torch_deterministic=True,total_timesteps=100000,track=False,update_epochs=15,use_kl_loss=False,wandb_entity=None,wandb_project_name=QREPS_cleanRL",QREPS,0,True,True,False,QREPS_cleanRL,,False,CartPole-v1,100000,4,500,True,0.99,8,0.001,0.00025,8.0,,15,True,0.89,False,False,False,0,0,0,0
ad28afbb,[11.],1712600385,,True,6315,2024-04-08_20-19-45,0.0031731128692626953,153.24460816383362,93734,Nicolass-Air.technicolor.net,127.0.0.1,153.24460816383362,6315,"63_trial_index=0,alpha=4,anneal_lr=True,autotune=True,batch_size=0,capture_video=False,cuda=True,env_id=CartPole-v1,eta=None,exp_name=QREPS,gamma=0.9900,minibatch_size=0,num_envs=4,num_iterations=0,num_minibatches=8,num_steps=500,policy_lr_start=0.0010,q_histogram=False,q_lr_start=0.0025,saddle_point_optimization=False,seed=0,target_entropy_scale=0.8900,torch_deterministic=True,total_timesteps=100000,track=False,update_epochs=15,use_kl_loss=True,wandb_entity=None,wandb_project_name=QREPS_cleanRL",QREPS,0,True,True,False,QREPS_cleanRL,,False,CartPole-v1,100000,4,500,True,0.99,8,0.001,0.0025,4.0,,15,True,0.89,False,True,False,0,0,0,0
761890dc,[15.],1712602089,,True,5934,2024-04-08_20-48-09,0.002568960189819336,720.1126925945282,93676,Nicolass-Air.technicolor.net,127.0.0.1,720.1126925945282,5934,"64_trial_index=0,alpha=8,anneal_lr=True,autotune=True,batch_size=0,capture_video=False,cuda=True,env_id=CartPole-v1,eta=None,exp_name=QREPS,gamma=0.9900,minibatch_size=0,num_envs=4,num_iterations=0,num_minibatches=8,num_steps=500,policy_lr_start=0.0010,q_histogram=False,q_lr_start=0.0025,saddle_point_optimization=False,seed=0,target_entropy_scale=0.2500,torch_deterministic=True,total_timesteps=100000,track=False,update_epochs=100,use_kl_loss=False,wandb_entity=None,wandb_project_name=QREPS_cleanRL",QREPS,0,True,True,False,QREPS_cleanRL,,False,CartPole-v1,100000,4,500,True,0.99,8,0.001,0.0025,8.0,,100,True,0.25,False,False,False,0,0,0,0
f15f4192,[17.],1712603302,,True,3990,2024-04-08_21-08-22,0.00545811653137207,1939.0736644268036,94284,Nicolass-Air.technicolor.net,127.0.0.1,1939.0736644268036,3990,"65_trial_index=0,alpha=8,anneal_lr=True,autotune=True,batch_size=0,capture_video=False,cuda=True,env_id=CartPole-v1,eta=None,exp_name=QREPS,gamma=0.9900,minibatch_size=0,num_envs=4,num_iterations=0,num_minibatches=8,num_steps=500,policy_lr_start=0.0010,q_histogram=False,q_lr_start=0.0010,saddle_point_optimization=False,seed=0,target_entropy_scale=0.2500,torch_deterministic=True,total_timesteps=100000,track=False,update_epochs=300,use_kl_loss=False,wandb_entity=None,wandb_project_name=QREPS_cleanRL",QREPS,0,True,True,False,QREPS_cleanRL,,False,CartPole-v1,100000,4,500,True,0.99,8,0.001,0.001,8.0,,300,True,0.25,False,False,False,0,0,0,0
54b463bf,[8.],1712603475,,True,10474,2024-04-08_21-11-15,0.0012979507446289062,2085.8767199516296,94292,Nicolass-Air.technicolor.net,127.0.0.1,2085.8767199516296,10474,"66_trial_index=0,alpha=8,anneal_lr=True,autotune=True,batch_size=0,capture_video=False,cuda=True,env_id=CartPole-v1,eta=None,exp_name=QREPS,gamma=0.9900,minibatch_size=0,num_envs=4,num_iterations=0,num_minibatches=8,num_steps=256,policy_lr_start=0.0010,q_histogram=False,q_lr_start=0.0010,saddle_point_optimization=False,seed=0,target_entropy_scale=0.2500,torch_deterministic=True,total_timesteps=100000,track=False,update_epochs=300,use_kl_loss=False,wandb_entity=None,wandb_project_name=QREPS_cleanRL",QREPS,0,True,True,False,QREPS_cleanRL,,False,CartPole-v1,100000,4,256,True,0.99,8,0.001,0.001,8.0,,300,True,0.25,False,False,False,0,0,0,0
d7785df0,[11.],1712601580,,True,8245,2024-04-08_20-39-40,0.0003390312194824219,163.52249312400818,94299,Nicolass-Air.technicolor.net,127.0.0.1,163.52249312400818,8245,"67_trial_index=0,alpha=4,anneal_lr=True,autotune=True,batch_size=0,capture_video=False,cuda=True,env_id=CartPole-v1,eta=None,exp_name=QREPS,gamma=0.9900,minibatch_size=0,num_envs=4,num_iterations=0,num_minibatches=8,num_steps=500,policy_lr_start=0.0010,q_histogram=False,q_lr_start=0.0025,saddle_point_optimization=False,seed=0,target_entropy_scale=0.2500,torch_deterministic=True,total_timesteps=100000,track=False,update_epochs=15,use_kl_loss=False,wandb_entity=None,wandb_project_name=QREPS_cleanRL",QREPS,0,True,True,False,QREPS_cleanRL,,False,CartPole-v1,100000,4,500,True,0.99,8,0.001,0.0025,4.0,,15,True,0.25,False,False,False,0,0,0,0
05a291bd,[10.],1712601613,,True,7887,2024-04-08_20-40-13,0.008176803588867188,189.2916533946991,94306,Nicolass-Air.technicolor.net,127.0.0.1,189.2916533946991,7887,"68_trial_index=0,alpha=4,anneal_lr=True,autotune=True,batch_size=0,capture_video=False,cuda=True,env_id=CartPole-v1,eta=None,exp_name=QREPS,gamma=0.9900,minibatch_size=0,num_envs=4,num_iterations=0,num_minibatches=8,num_steps=500,policy_lr_start=0.0010,q_histogram=False,q_lr_start=0.0025,saddle_point_optimization=False,seed=0,target_entropy_scale=0.5000,torch_deterministic=True,total_timesteps=100000,track=False,update_epochs=15,use_kl_loss=False,wandb_entity=None,wandb_project_name=QREPS_cleanRL",QREPS,0,True,True,False,QREPS_cleanRL,,False,CartPole-v1,100000,4,500,True,0.99,8,0.001,0.0025,4.0,,15,True,0.5,False,False,False,0,0,0,0
6039eb0a,[39.],1712603173,,True,1788,2024-04-08_21-06-13,0.013382911682128906,1784.5965416431427,94326,Nicolass-Air.technicolor.net,127.0.0.1,1784.5965416431427,1788,"69_trial_index=0,alpha=8,anneal_lr=True,autotune=True,batch_size=0,capture_video=False,cuda=True,env_id=CartPole-v1,eta=None,exp_name=QREPS,gamma=0.9900,minibatch_size=0,num_envs=4,num_iterations=0,num_minibatches=8,num_steps=500,policy_lr_start=0.0010,q_histogram=False,q_lr_start=0.0025,saddle_point_optimization=False,seed=0,target_entropy_scale=0.2500,torch_deterministic=True,total_timesteps=100000,track=False,update_epochs=300,use_kl_loss=False,wandb_entity=None,wandb_project_name=QREPS_cleanRL",QREPS,0,True,True,False,QREPS_cleanRL,,False,CartPole-v1,100000,4,500,True,0.99,8,0.001,0.0025,8.0,,300,True,0.25,False,False,False,0,0,0,0
05326bb8,[9.],1712601630,,True,8337,2024-04-08_20-40-30,0.0030241012573242188,184.50894713401794,94343,Nicolass-Air.technicolor.net,127.0.0.1,184.50894713401794,8337,"70_trial_index=0,alpha=8,anneal_lr=True,autotune=True,batch_size=0,capture_video=False,cuda=True,env_id=CartPole-v1,eta=None,exp_name=QREPS,gamma=0.9900,minibatch_size=0,num_envs=4,num_iterations=0,num_minibatches=8,num_steps=500,policy_lr_start=0.0010,q_histogram=False,q_lr_start=0.0025,saddle_point_optimization=False,seed=0,target_entropy_scale=0.5000,torch_deterministic=True,total_timesteps=100000,track=False,update_epochs=15,use_kl_loss=False,wandb_entity=None,wandb_project_name=QREPS_cleanRL",QREPS,0,True,True,False,QREPS_cleanRL,,False,CartPole-v1,100000,4,500,True,0.99,8,0.001,0.0025,8.0,,15,True,0.5,False,False,False,0,0,0,0
228841ec,[9.],1712604063,,True,10634,2024-04-08_21-21-03,0.0010161399841308594,2632.6006524562836,94350,Nicolass-Air.technicolor.net,127.0.0.1,2632.6006524562836,10634,"71_trial_index=0,alpha=8,anneal_lr=True,autotune=True,batch_size=0,capture_video=False,cuda=True,env_id=CartPole-v1,eta=None,exp_name=QREPS,gamma=0.9900,minibatch_size=0,num_envs=4,num_iterations=0,num_minibatches=8,num_steps=128,policy_lr_start=0.0010,q_histogram=False,q_lr_start=0.0010,saddle_point_optimization=False,seed=0,target_entropy_scale=0.5000,torch_deterministic=True,total_timesteps=100000,track=False,update_epochs=300,use_kl_loss=False,wandb_entity=None,wandb_project_name=QREPS_cleanRL",QREPS,0,True,True,False,QREPS_cleanRL,,False,CartPole-v1,100000,4,128,True,0.99,8,0.001,0.001,8.0,,300,True,0.5,False,False,False,0,0,0,0
3484301b,[10.],1712606327,,True,2832,2024-04-08_21-58-47,0.007012128829956055,2243.8118872642517,94299,Nicolass-Air.technicolor.net,127.0.0.1,2243.8118872642517,2832,"72_trial_index=0,alpha=8,anneal_lr=True,autotune=True,batch_size=0,capture_video=False,cuda=True,env_id=CartPole-v1,eta=None,exp_name=QREPS,gamma=0.9900,minibatch_size=0,num_envs=4,num_iterations=0,num_minibatches=8,num_steps=500,policy_lr_start=0.0010,q_histogram=False,q_lr_start=0.0003,saddle_point_optimization=False,seed=0,target_entropy_scale=0.2500,torch_deterministic=True,total_timesteps=100000,track=False,update_epochs=300,use_kl_loss=False,wandb_entity=None,wandb_project_name=QREPS_cleanRL",QREPS,0,True,True,False,QREPS_cleanRL,,False,CartPole-v1,100000,4,500,True,0.99,8,0.001,0.00025,8.0,,300,True,0.25,False,False,False,0,0,0,0
81987e9b,[11.],1712604985,,True,9698,2024-04-08_21-36-25,0.003859996795654297,854.291640996933,96139,Nicolass-Air.technicolor.net,127.0.0.1,854.291640996933,9698,"73_trial_index=0,alpha=0.5000,anneal_lr=True,autotune=True,batch_size=0,capture_video=False,cuda=True,env_id=CartPole-v1,eta=None,exp_name=QREPS,gamma=0.9900,minibatch_size=0,num_envs=4,num_iterations=0,num_minibatches=8,num_steps=128,policy_lr_start=0.0010,q_histogram=False,q_lr_start=0.0003,saddle_point_optimization=False,seed=0,target_entropy_scale=0.2500,torch_deterministic=True,total_timesteps=100000,track=False,update_epochs=50,use_kl_loss=False,wandb_entity=None,wandb_project_name=QREPS_cleanRL",QREPS,0,True,True,False,QREPS_cleanRL,,False,CartPole-v1,100000,4,128,True,0.99,8,0.001,0.00025,0.5,,50,True,0.25,False,False,False,0,0,0,0
1d3203ff,[12.],1712605052,,True,3863,2024-04-08_21-37-32,0.013344049453735352,941.1557374000549,96144,Nicolass-Air.technicolor.net,127.0.0.1,941.1557374000549,3863,"74_trial_index=0,alpha=8.0000,anneal_lr=True,autotune=True,batch_size=0,capture_video=False,cuda=True,env_id=CartPole-v1,eta=None,exp_name=QREPS,gamma=0.9900,minibatch_size=0,num_envs=4,num_iterations=0,num_minibatches=8,num_steps=500,policy_lr_start=0.0010,q_histogram=False,q_lr_start=0.0003,saddle_point_optimization=False,seed=0,target_entropy_scale=0.2500,torch_deterministic=True,total_timesteps=100000,track=False,update_epochs=100,use_kl_loss=False,wandb_entity=None,wandb_project_name=QREPS_cleanRL",QREPS,0,True,True,False,QREPS_cleanRL,,False,CartPole-v1,100000,4,500,True,0.99,8,0.001,0.00025,8.0,,100,True,0.25,False,False,False,0,0,0,0
b96df1be,[17.],1712606305,,True,3219,2024-04-08_21-58-25,0.007483959197998047,2197.8723809719086,96151,Nicolass-Air.technicolor.net,127.0.0.1,2197.8723809719086,3219,"75_trial_index=0,alpha=0.5000,anneal_lr=True,autotune=True,batch_size=0,capture_video=False,cuda=True,env_id=CartPole-v1,eta=None,exp_name=QREPS,gamma=0.9900,minibatch_size=0,num_envs=4,num_iterations=0,num_minibatches=8,num_steps=500,policy_lr_start=0.0010,q_histogram=False,q_lr_start=0.0003,saddle_point_optimization=False,seed=0,target_entropy_scale=0.2500,torch_deterministic=True,total_timesteps=100000,track=False,update_epochs=300,use_kl_loss=False,wandb_entity=None,wandb_project_name=QREPS_cleanRL",QREPS,0,True,True,False,QREPS_cleanRL,,False,CartPole-v1,100000,4,500,True,0.99,8,0.001,0.00025,0.5,,300,True,0.25,False,False,False,0,0,0,0
c5b7309b,[39.],1712606337,,True,3322,2024-04-08_21-58-57,0.011067867279052734,2220.651438474655,96156,Nicolass-Air.technicolor.net,127.0.0.1,2220.651438474655,3322,"76_trial_index=0,alpha=2.0000,anneal_lr=True,autotune=True,batch_size=0,capture_video=False,cuda=True,env_id=CartPole-v1,eta=None,exp_name=QREPS,gamma=0.9900,minibatch_size=0,num_envs=4,num_iterations=0,num_minibatches=8,num_steps=500,policy_lr_start=0.0010,q_histogram=False,q_lr_start=0.0003,saddle_point_optimization=False,seed=0,target_entropy_scale=0.5000,torch_deterministic=True,total_timesteps=100000,track=False,update_epochs=300,use_kl_loss=False,wandb_entity=None,wandb_project_name=QREPS_cleanRL",QREPS,0,True,True,False,QREPS_cleanRL,,False,CartPole-v1,100000,4,500,True,0.99,8,0.001,0.00025,2.0,,300,True,0.5,False,False,False,0,0,0,0
e28f56c1,[36.],1712604679,,True,3185,2024-04-08_21-31-19,0.002351045608520508,548.184677362442,96169,Nicolass-Air.technicolor.net,127.0.0.1,548.184677362442,3185,"77_trial_index=0,alpha=8.0000,anneal_lr=True,autotune=True,batch_size=0,capture_video=False,cuda=True,env_id=CartPole-v1,eta=None,exp_name=QREPS,gamma=0.9900,minibatch_size=0,num_envs=4,num_iterations=0,num_minibatches=8,num_steps=500,policy_lr_start=0.0010,q_histogram=False,q_lr_start=0.0003,saddle_point_optimization=False,seed=0,target_entropy_scale=0.5000,torch_deterministic=True,total_timesteps=100000,track=False,update_epochs=50,use_kl_loss=False,wandb_entity=None,wandb_project_name=QREPS_cleanRL",QREPS,0,True,True,False,QREPS_cleanRL,,False,CartPole-v1,100000,4,500,True,0.99,8,0.001,0.00025,8.0,,50,True,0.5,False,False,False,0,0,0,0
9cd4875b,[35.],1712606371,,True,3670,2024-04-08_21-59-31,0.0014641284942626953,2235.0677359104156,96175,Nicolass-Air.technicolor.net,127.0.0.1,2235.0677359104156,3670,"78_trial_index=0,alpha=4.0000,anneal_lr=True,autotune=True,batch_size=0,capture_video=False,cuda=True,env_id=CartPole-v1,eta=None,exp_name=QREPS,gamma=0.9900,minibatch_size=0,num_envs=4,num_iterations=0,num_minibatches=8,num_steps=500,policy_lr_start=0.0010,q_histogram=False,q_lr_start=0.0003,saddle_point_optimization=False,seed=0,target_entropy_scale=0.5000,torch_deterministic=True,total_timesteps=100000,track=False,update_epochs=300,use_kl_loss=False,wandb_entity=None,wandb_project_name=QREPS_cleanRL",QREPS,0,True,True,False,QREPS_cleanRL,,False,CartPole-v1,100000,4,500,True,0.99,8,0.001,0.00025,4.0,,300,True,0.5,False,False,False,0,0,0,0
305e86c7,[43.],1712604325,,True,2907,2024-04-08_21-25-25,0.016206741333007812,173.49916791915894,96184,Nicolass-Air.technicolor.net,127.0.0.1,173.49916791915894,2907,"79_trial_index=0,alpha=6.0000,anneal_lr=True,autotune=True,batch_size=0,capture_video=False,cuda=True,env_id=CartPole-v1,eta=None,exp_name=QREPS,gamma=0.9900,minibatch_size=0,num_envs=4,num_iterations=0,num_minibatches=8,num_steps=500,policy_lr_start=0.0010,q_histogram=False,q_lr_start=0.0003,saddle_point_optimization=False,seed=0,target_entropy_scale=0.5000,torch_deterministic=True,total_timesteps=100000,track=False,update_epochs=15,use_kl_loss=False,wandb_entity=None,wandb_project_name=QREPS_cleanRL",QREPS,0,True,True,False,QREPS_cleanRL,,False,CartPole-v1,100000,4,500,True,0.99,8,0.001,0.00025,6.0,,15,True,0.5,False,False,False,0,0,0,0
3ba2a8df,[17.],1712607911,,True,3675,2024-04-08_22-25-11,0.003453969955444336,1511.0151875019073,96184,Nicolass-Air.technicolor.net,127.0.0.1,1511.0151875019073,3675,"80_trial_index=0,alpha=2.0000,anneal_lr=True,autotune=True,batch_size=0,capture_video=False,cuda=True,env_id=CartPole-v1,eta=None,exp_name=QREPS,gamma=0.9900,minibatch_size=0,num_envs=4,num_iterations=0,num_minibatches=8,num_steps=256,policy_lr_start=0.0010,q_histogram=False,q_lr_start=0.0003,saddle_point_optimization=False,seed=0,target_entropy_scale=0.2500,torch_deterministic=True,total_timesteps=100000,track=False,update_epochs=300,use_kl_loss=False,wandb_entity=None,wandb_project_name=QREPS_cleanRL",QREPS,0,True,True,False,QREPS_cleanRL,,False,CartPole-v1,100000,4,256,True,0.99,8,0.001,0.00025,2.0,,300,True,0.25,False,False,False,0,0,0,0
ead2d827,[18.],1712606574,,True,3248,2024-04-08_22-02-54,0.0071103572845458984,152.77828168869019,97872,Nicolass-Air.technicolor.net,127.0.0.1,152.77828168869019,3248,"81_trial_index=0,alpha=0.5000,anneal_lr=True,autotune=True,batch_size=0,capture_video=False,cuda=True,env_id=CartPole-v1,eta=None,exp_name=QREPS,gamma=0.9900,minibatch_size=0,num_envs=4,num_iterations=0,num_minibatches=8,num_steps=500,policy_lr_start=0.0010,q_histogram=False,q_lr_start=0.0003,saddle_point_optimization=False,seed=0,target_entropy_scale=0.5000,torch_deterministic=True,total_timesteps=100000,track=False,update_epochs=15,use_kl_loss=False,wandb_entity=None,wandb_project_name=QREPS_cleanRL",QREPS,0,True,True,False,QREPS_cleanRL,,False,CartPole-v1,100000,4,500,True,0.99,8,0.001,0.00025,0.5,,15,True,0.5,False,False,False,0,0,0,0
45f1452e,[13.],1712606591,,True,3262,2024-04-08_22-03-11,0.00706791877746582,160.09062004089355,97881,Nicolass-Air.technicolor.net,127.0.0.1,160.09062004089355,3262,"82_trial_index=0,alpha=0.5000,anneal_lr=True,autotune=True,batch_size=0,capture_video=False,cuda=True,env_id=CartPole-v1,eta=None,exp_name=QREPS,gamma=0.9900,minibatch_size=0,num_envs=4,num_iterations=0,num_minibatches=8,num_steps=500,policy_lr_start=0.0003,q_histogram=False,q_lr_start=0.0003,saddle_point_optimization=False,seed=0,target_entropy_scale=0.2500,torch_deterministic=True,total_timesteps=100000,track=False,update_epochs=15,use_kl_loss=False,wandb_entity=None,wandb_project_name=QREPS_cleanRL",QREPS,0,True,True,False,QREPS_cleanRL,,False,CartPole-v1,100000,4,500,True,0.99,8,0.00025,0.00025,0.5,,15,True,0.25,False,False,False,0,0,0,0
bf7d9d3d,[42.],1712606609,,True,2207,2024-04-08_22-03-29,0.005138874053955078,176.5711326599121,97894,Nicolass-Air.technicolor.net,127.0.0.1,176.5711326599121,2207,"83_trial_index=0,alpha=8.0000,anneal_lr=True,autotune=True,batch_size=0,capture_video=False,cuda=True,env_id=CartPole-v1,eta=None,exp_name=QREPS,gamma=0.9900,minibatch_size=0,num_envs=4,num_iterations=0,num_minibatches=8,num_steps=500,policy_lr_start=0.0003,q_histogram=False,q_lr_start=0.0003,saddle_point_optimization=False,seed=0,target_entropy_scale=0.5000,torch_deterministic=True,total_timesteps=100000,track=False,update_epochs=15,use_kl_loss=True,wandb_entity=None,wandb_project_name=QREPS_cleanRL",QREPS,0,True,True,False,QREPS_cleanRL,,False,CartPole-v1,100000,4,500,True,0.99,8,0.00025,0.00025,8.0,,15,True,0.5,False,True,False,0,0,0,0
bdd247a8,[28.],1712606630,,True,3481,2024-04-08_22-03-50,0.004023075103759766,179.7654993534088,97904,Nicolass-Air.technicolor.net,127.0.0.1,179.7654993534088,3481,"84_trial_index=0,alpha=8.0000,anneal_lr=True,autotune=True,batch_size=0,capture_video=False,cuda=True,env_id=CartPole-v1,eta=None,exp_name=QREPS,gamma=0.9900,minibatch_size=0,num_envs=4,num_iterations=0,num_minibatches=8,num_steps=500,policy_lr_start=0.0010,q_histogram=False,q_lr_start=0.0003,saddle_point_optimization=False,seed=0,target_entropy_scale=0.5000,torch_deterministic=True,total_timesteps=100000,track=False,update_epochs=15,use_kl_loss=True,wandb_entity=None,wandb_project_name=QREPS_cleanRL",QREPS,0,True,True,False,QREPS_cleanRL,,False,CartPole-v1,100000,4,500,True,0.99,8,0.001,0.00025,8.0,,15,True,0.5,False,True,False,0,0,0,0
ee77568d,[22.],1712606639,,True,3797,2024-04-08_22-03-59,0.0016810894012451172,175.91445636749268,97917,Nicolass-Air.technicolor.net,127.0.0.1,175.91445636749268,3797,"85_trial_index=0,alpha=8.0000,anneal_lr=True,autotune=True,batch_size=0,capture_video=False,cuda=True,env_id=CartPole-v1,eta=None,exp_name=QREPS,gamma=0.9900,minibatch_size=0,num_envs=4,num_iterations=0,num_minibatches=8,num_steps=500,policy_lr_start=0.0025,q_histogram=False,q_lr_start=0.0003,saddle_point_optimization=False,seed=0,target_entropy_scale=0.2500,torch_deterministic=True,total_timesteps=100000,track=False,update_epochs=15,use_kl_loss=True,wandb_entity=None,wandb_project_name=QREPS_cleanRL",QREPS,0,True,True,False,QREPS_cleanRL,,False,CartPole-v1,100000,4,500,True,0.99,8,0.0025,0.00025,8.0,,15,True,0.25,False,True,False,0,0,0,0
bb3a000b,[21.],1712606635,,True,4365,2024-04-08_22-03-55,0.00162506103515625,154.37800550460815,97934,Nicolass-Air.technicolor.net,127.0.0.1,154.37800550460815,4365,"86_trial_index=0,alpha=0.5000,anneal_lr=True,autotune=True,batch_size=0,capture_video=False,cuda=True,env_id=CartPole-v1,eta=None,exp_name=QREPS,gamma=0.9900,minibatch_size=0,num_envs=4,num_iterations=0,num_minibatches=8,num_steps=500,policy_lr_start=0.0025,q_histogram=False,q_lr_start=0.0003,saddle_point_optimization=False,seed=0,target_entropy_scale=0.5000,torch_deterministic=True,total_timesteps=100000,track=False,update_epochs=15,use_kl_loss=True,wandb_entity=None,wandb_project_name=QREPS_cleanRL",QREPS,0,True,True,False,QREPS_cleanRL,,False,CartPole-v1,100000,4,500,True,0.99,8,0.0025,0.00025,0.5,,15,True,0.5,False,True,False,0,0,0,0
ce96bcab,[14.],1712606624,,True,3790,2024-04-08_22-03-44,0.005950927734375,128.6985354423523,97956,Nicolass-Air.technicolor.net,127.0.0.1,128.6985354423523,3790,"87_trial_index=0,alpha=8.0000,anneal_lr=True,autotune=True,batch_size=0,capture_video=False,cuda=True,env_id=CartPole-v1,eta=None,exp_name=QREPS,gamma=0.9900,minibatch_size=0,num_envs=8,num_iterations=0,num_minibatches=8,num_steps=500,policy_lr_start=0.0003,q_histogram=False,q_lr_start=0.0003,saddle_point_optimization=False,seed=0,target_entropy_scale=0.2500,torch_deterministic=True,total_timesteps=100000,track=False,update_epochs=15,use_kl_loss=False,wandb_entity=None,wandb_project_name=QREPS_cleanRL",QREPS,0,True,True,False,QREPS_cleanRL,,False,CartPole-v1,100000,8,500,True,0.99,8,0.00025,0.00025,8.0,,15,True,0.25,False,False,False,0,0,0,0
393a953e,[49.],1712608030,,True,3088,2024-04-08_22-27-10,0.0047948360443115234,87.19220566749573,97872,Nicolass-Air.technicolor.net,127.0.0.1,87.19220566749573,3088,"88_trial_index=0,alpha=0.5000,anneal_lr=True,autotune=True,batch_size=0,capture_video=False,cuda=True,env_id=CartPole-v1,eta=None,exp_name=QREPS,gamma=0.9900,minibatch_size=0,num_envs=4,num_iterations=0,num_minibatches=8,num_steps=500,policy_lr_start=0.0003,q_histogram=False,q_lr_start=0.0003,saddle_point_optimization=False,seed=0,target_entropy_scale=0.5000,torch_deterministic=True,total_timesteps=100000,track=False,update_epochs=15,use_kl_loss=False,wandb_entity=None,wandb_project_name=QREPS_cleanRL",QREPS,0,True,True,False,QREPS_cleanRL,,False,CartPole-v1,100000,4,500,True,0.99,8,0.00025,0.00025,0.5,,15,True,0.5,False,False,False,0,0,0,0
ce0011bf,[12.],1712608063,,True,6073,2024-04-08_22-27-43,0.0019321441650390625,91.86405849456787,98724,Nicolass-Air.technicolor.net,127.0.0.1,91.86405849456787,6073,"89_trial_index=0,alpha=8.0000,anneal_lr=True,autotune=True,batch_size=0,capture_video=False,cuda=True,env_id=CartPole-v1,eta=None,exp_name=QREPS,gamma=0.9900,minibatch_size=0,num_envs=8,num_iterations=0,num_minibatches=8,num_steps=256,policy_lr_start=0.0010,q_histogram=False,q_lr_start=0.0003,saddle_point_optimization=False,seed=0,target_entropy_scale=0.2500,torch_deterministic=True,total_timesteps=100000,track=False,update_epochs=15,use_kl_loss=False,wandb_entity=None,wandb_project_name=QREPS_cleanRL",QREPS,0,True,True,False,QREPS_cleanRL,,False,CartPole-v1,100000,8,256,True,0.99,8,0.001,0.00025,8.0,,15,True,0.25,False,False,False,0,0,0,0
73c68608,[14.],1712608065,,True,3408,2024-04-08_22-27-45,0.010662317276000977,101.30785608291626,98729,Nicolass-Air.technicolor.net,127.0.0.1,101.30785608291626,3408,"90_trial_index=0,alpha=2.0000,anneal_lr=True,autotune=True,batch_size=0,capture_video=False,cuda=True,env_id=CartPole-v1,eta=None,exp_name=QREPS,gamma=0.9900,minibatch_size=0,num_envs=4,num_iterations=0,num_minibatches=8,num_steps=500,policy_lr_start=0.0010,q_histogram=False,q_lr_start=0.0010,saddle_point_optimization=False,seed=0,target_entropy_scale=0.2500,torch_deterministic=True,total_timesteps=100000,track=False,update_epochs=15,use_kl_loss=False,wandb_entity=None,wandb_project_name=QREPS_cleanRL",QREPS,0,True,True,False,QREPS_cleanRL,,False,CartPole-v1,100000,4,500,True,0.99,8,0.001,0.001,2.0,,15,True,0.25,False,False,False,0,0,0,0
90dfc9fb,[24.],1712608060,,True,4535,2024-04-08_22-27-40,0.0003921985626220703,79.90893697738647,98736,Nicolass-Air.technicolor.net,127.0.0.1,79.90893697738647,4535,"91_trial_index=0,alpha=4.0000,anneal_lr=True,autotune=True,batch_size=0,capture_video=False,cuda=True,env_id=CartPole-v1,eta=None,exp_name=QREPS,gamma=0.9900,minibatch_size=0,num_envs=8,num_iterations=0,num_minibatches=8,num_steps=500,policy_lr_start=0.0010,q_histogram=False,q_lr_start=0.0003,saddle_point_optimization=False,seed=0,target_entropy_scale=0.2500,torch_deterministic=True,total_timesteps=100000,track=False,update_epochs=15,use_kl_loss=False,wandb_entity=None,wandb_project_name=QREPS_cleanRL",QREPS,0,True,True,False,QREPS_cleanRL,,False,CartPole-v1,100000,8,500,True,0.99,8,0.001,0.00025,4.0,,15,True,0.25,False,False,False,0,0,0,0
5927054a,[29.],1712609257,,True,3064,2024-04-08_22-47-37,0.0005819797515869141,1293.8877227306366,98741,Nicolass-Air.technicolor.net,127.0.0.1,1293.8877227306366,3064,"92_trial_index=0,alpha=0.5000,anneal_lr=True,autotune=False,batch_size=0,capture_video=False,cuda=True,env_id=CartPole-v1,eta=None,exp_name=QREPS,gamma=0.9900,minibatch_size=0,num_envs=4,num_iterations=0,num_minibatches=8,num_steps=256,policy_lr_start=0.0010,q_histogram=False,q_lr_start=0.0025,saddle_point_optimization=False,seed=0,target_entropy_scale=0.2500,torch_deterministic=True,total_timesteps=100000,track=False,update_epochs=300,use_kl_loss=True,wandb_entity=None,wandb_project_name=QREPS_cleanRL",QREPS,0,True,True,False,QREPS_cleanRL,,False,CartPole-v1,100000,4,256,True,0.99,8,0.001,0.0025,0.5,,300,False,0.25,False,True,False,0,0,0,0
f8fa1bd1,[14.],1712608111,,True,5049,2024-04-08_22-28-31,0.0040018558502197266,119.19439816474915,98746,Nicolass-Air.technicolor.net,127.0.0.1,119.19439816474915,5049,"93_trial_index=0,alpha=2.0000,anneal_lr=True,autotune=True,batch_size=0,capture_video=False,cuda=True,env_id=CartPole-v1,eta=None,exp_name=QREPS,gamma=0.9900,minibatch_size=0,num_envs=4,num_iterations=0,num_minibatches=8,num_steps=500,policy_lr_start=0.0010,q_histogram=False,q_lr_start=0.0003,saddle_point_optimization=False,seed=0,target_entropy_scale=0.2500,torch_deterministic=True,total_timesteps=100000,track=False,update_epochs=15,use_kl_loss=False,wandb_entity=None,wandb_project_name=QREPS_cleanRL",QREPS,0,True,True,False,QREPS_cleanRL,,False,CartPole-v1,100000,4,500,True,0.99,8,0.001,0.00025,2.0,,15,True,0.25,False,False,False,0,0,0,0
5a9f5b16,[10.],1712608112,,True,6363,2024-04-08_22-28-32,0.0011043548583984375,105.08191108703613,98753,Nicolass-Air.technicolor.net,127.0.0.1,105.08191108703613,6363,"94_trial_index=0,alpha=4.0000,anneal_lr=True,autotune=True,batch_size=0,capture_video=False,cuda=True,env_id=CartPole-v1,eta=None,exp_name=QREPS,gamma=0.9900,minibatch_size=0,num_envs=4,num_iterations=0,num_minibatches=8,num_steps=500,policy_lr_start=0.0010,q_histogram=False,q_lr_start=0.0010,saddle_point_optimization=False,seed=0,target_entropy_scale=0.2500,torch_deterministic=True,total_timesteps=100000,track=False,update_epochs=15,use_kl_loss=False,wandb_entity=None,wandb_project_name=QREPS_cleanRL",QREPS,0,True,True,False,QREPS_cleanRL,,False,CartPole-v1,100000,4,500,True,0.99,8,0.001,0.001,4.0,,15,True,0.25,False,False,False,0,0,0,0
fc76a84c,[14.],1712609011,,True,3003,2024-04-08_22-43-31,0.0036330223083496094,1020.2794735431671,98765,Nicolass-Air.technicolor.net,127.0.0.1,1020.2794735431671,3003,"95_trial_index=0,alpha=0.5000,anneal_lr=True,autotune=False,batch_size=0,capture_video=False,cuda=True,env_id=CartPole-v1,eta=None,exp_name=QREPS,gamma=0.9900,minibatch_size=0,num_envs=4,num_iterations=0,num_minibatches=8,num_steps=500,policy_lr_start=0.0010,q_histogram=False,q_lr_start=0.0025,saddle_point_optimization=False,seed=0,target_entropy_scale=0.5000,torch_deterministic=True,total_timesteps=100000,track=False,update_epochs=300,use_kl_loss=True,wandb_entity=None,wandb_project_name=QREPS_cleanRL",QREPS,0,True,True,False,QREPS_cleanRL,,False,CartPole-v1,100000,4,500,True,0.99,8,0.001,0.0025,0.5,,300,False,0.5,False,True,False,0,0,0,0
861d69c8,[13.],1712609374,,True,7054,2024-04-08_22-49-34,0.0005879402160644531,87.99564504623413,97872,Nicolass-Air.technicolor.net,127.0.0.1,87.99564504623413,7054,"96_trial_index=0,alpha=4.0000,anneal_lr=True,autotune=True,batch_size=0,capture_video=False,cuda=True,env_id=CartPole-v1,eta=None,exp_name=QREPS,gamma=0.9900,minibatch_size=0,num_envs=4,num_iterations=0,num_minibatches=8,num_steps=256,policy_lr_start=0.0010,q_histogram=False,q_lr_start=0.0010,saddle_point_optimization=False,seed=0,target_entropy_scale=0.2500,torch_deterministic=True,total_timesteps=100000,track=False,update_epochs=15,use_kl_loss=False,wandb_entity=None,wandb_project_name=QREPS_cleanRL",QREPS,0,True,True,False,QREPS_cleanRL,,False,CartPole-v1,100000,4,256,True,0.99,8,0.001,0.001,4.0,,15,True,0.25,False,False,False,0,0,0,0
7d1db1a2,-1000,1712609280,,True,41,2024-04-08_22-48-00,0.23494887351989746,0.7622096538543701,99593,Nicolass-Air.technicolor.net,127.0.0.1,0.7622096538543701,41,"97_trial_index=0,alpha=0.5000,anneal_lr=True,autotune=False,batch_size=0,capture_video=False,cuda=True,env_id=CartPole-v1,eta=None,exp_name=QREPS,gamma=0.9900,minibatch_size=0,num_envs=4,num_iterations=0,num_minibatches=8,num_steps=256,policy_lr_start=0.0010,q_histogram=False,q_lr_start=0.0025,saddle_point_optimization=True,seed=0,target_entropy_scale=0.5000,torch_deterministic=True,total_timesteps=100000,track=False,update_epochs=100,use_kl_loss=False,wandb_entity=None,wandb_project_name=QREPS_cleanRL",QREPS,0,True,True,False,QREPS_cleanRL,,False,CartPole-v1,100000,4,256,True,0.99,8,0.001,0.0025,0.5,,100,False,0.5,True,False,False,0,0,0,0
45b821ad,[29.],1712609361,,True,4015,2024-04-08_22-49-21,0.0016779899597167969,70.36835741996765,99593,Nicolass-Air.technicolor.net,127.0.0.1,70.36835741996765,4015,"98_trial_index=0,alpha=8.0000,anneal_lr=True,autotune=True,batch_size=0,capture_video=False,cuda=True,env_id=CartPole-v1,eta=None,exp_name=QREPS,gamma=0.9900,minibatch_size=0,num_envs=4,num_iterations=0,num_minibatches=8,num_steps=500,policy_lr_start=0.0010,q_histogram=False,q_lr_start=0.0010,saddle_point_optimization=False,seed=0,target_entropy_scale=0.2500,torch_deterministic=True,total_timesteps=100000,track=False,update_epochs=15,use_kl_loss=False,wandb_entity=None,wandb_project_name=QREPS_cleanRL",QREPS,0,True,True,False,QREPS_cleanRL,,False,CartPole-v1,100000,4,500,True,0.99,8,0.001,0.001,8.0,,15,True,0.25,False,False,False,0,0,0,0
3c0cab48,[10.],1712609350,,True,4046,2024-04-08_22-49-10,0.0021300315856933594,52.486316442489624,99605,Nicolass-Air.technicolor.net,127.0.0.1,52.486316442489624,4046,"99_trial_index=0,alpha=8.0000,anneal_lr=True,autotune=True,batch_size=0,capture_video=False,cuda=True,env_id=CartPole-v1,eta=None,exp_name=QREPS,gamma=0.9900,minibatch_size=0,num_envs=8,num_iterations=0,num_minibatches=8,num_steps=500,policy_lr_start=0.0010,q_histogram=False,q_lr_start=0.0003,saddle_point_optimization=False,seed=0,target_entropy_scale=0.2500,torch_deterministic=True,total_timesteps=100000,track=False,update_epochs=15,use_kl_loss=False,wandb_entity=None,wandb_project_name=QREPS_cleanRL",QREPS,0,True,True,False,QREPS_cleanRL,,False,CartPole-v1,100000,8,500,True,0.99,8,0.001,0.00025,8.0,,15,True,0.25,False,False,False,0,0,0,0
a8efbd1b,[34.],1712609360,,True,4093,2024-04-08_22-49-20,0.001795053482055664,56.74997687339783,99614,Nicolass-Air.technicolor.net,127.0.0.1,56.74997687339783,4093,"100_trial_index=0,alpha=8.0000,anneal_lr=True,autotune=False,batch_size=0,capture_video=False,cuda=True,env_id=CartPole-v1,eta=None,exp_name=QREPS,gamma=0.9900,minibatch_size=0,num_envs=4,num_iterations=0,num_minibatches=8,num_steps=500,policy_lr_start=0.0010,q_histogram=False,q_lr_start=0.0003,saddle_point_optimization=False,seed=0,target_entropy_scale=0.2500,torch_deterministic=True,total_timesteps=100000,track=False,update_epochs=15,use_kl_loss=False,wandb_entity=None,wandb_project_name=QREPS_cleanRL",QREPS,0,True,True,False,QREPS_cleanRL,,False,CartPole-v1,100000,4,500,True,0.99,8,0.001,0.00025,8.0,,15,False,0.25,False,False,False,0,0,0,0
