trial_id,reward,timestamp,checkpoint_dir_name,done,training_iteration,date,time_this_iter_s,time_total_s,pid,hostname,node_ip,time_since_restore,iterations_since_restore,experiment_tag,config/exp_name,config/description,config/seed,config/torch_deterministic,config/cuda,config/track,config/wandb_project_name,config/wandb_entity,config/capture_video,config/env_id,config/total_timesteps,config/learning_rate,config/num_envs,config/num_steps,config/anneal_lr,config/gamma,config/gae_lambda,config/num_minibatches,config/update_epochs,config/norm_adv,config/clip_coef,config/clip_vloss,config/ent_coef,config/vf_coef,config/max_grad_norm,config/target_kl,config/beta,config/batch_size,config/minibatch_size,config/num_iterations,config/__trial_index__
c3694c2b,[8.28849],1709889692,,True,2936,2024-03-08_10-21-32,0.10164928436279297,211.63790130615234,59198,poblenou-128-62.eduroamcp.upf.edu,127.0.0.1,211.63790130615234,2936,"1_trial_index=0,anneal_lr=True,batch_size=0,beta=4.1446,capture_video=False,clip_coef=0.2000,clip_vloss=True,cuda=True,description=the_name_of_this_experiment,ent_coef=0.0100,env_id=LunarLander-v2,exp_name=example_experiment,gae_lambda=0.9500,gamma=0.9900,learning_rate=0.0025,max_grad_norm=0.5000,minibatch_size=0,norm_adv=True,num_envs=4,num_iterations=0,num_minibatches=4,num_steps=128,seed=1,target_kl=None,torch_deterministic=True,total_timesteps=1000000,track=False,update_epochs=4,vf_coef=0.5000,wandb_entity=None,wandb_project_name=XPPO",example_experiment,the name of this experiment,1,True,True,False,XPPO,,False,LunarLander-v2,1000000,0.0025,4,128,True,0.99,0.95,4,4,True,0.2,True,0.01,0.5,0.5,,4.144606302224495,0,0,0,0
7965fda8,[216.482],1709889702,,True,2033,2024-03-08_10-21-42,0.14088916778564453,220.50000643730164,59204,poblenou-128-62.eduroamcp.upf.edu,127.0.0.1,220.50000643730164,2033,"2_trial_index=1,anneal_lr=True,batch_size=0,beta=4.1446,capture_video=False,clip_coef=0.2000,clip_vloss=True,cuda=True,description=the_name_of_this_experiment,ent_coef=0.0100,env_id=LunarLander-v2,exp_name=example_experiment,gae_lambda=0.9500,gamma=0.9900,learning_rate=0.0025,max_grad_norm=0.5000,minibatch_size=0,norm_adv=True,num_envs=4,num_iterations=0,num_minibatches=4,num_steps=128,seed=1,target_kl=None,torch_deterministic=True,total_timesteps=1000000,track=False,update_epochs=4,vf_coef=0.5000,wandb_entity=None,wandb_project_name=XPPO",example_experiment,the name of this experiment,1,True,True,False,XPPO,,False,LunarLander-v2,1000000,0.0025,4,128,True,0.99,0.95,4,4,True,0.2,True,0.01,0.5,0.5,,4.144606302224495,0,0,0,1
00e47bdb,[103.36348],1709889711,,True,2364,2024-03-08_10-21-51,0.19252800941467285,223.54285168647766,59209,poblenou-128-62.eduroamcp.upf.edu,127.0.0.1,223.54285168647766,2364,"3_trial_index=2,anneal_lr=True,batch_size=0,beta=4.1446,capture_video=False,clip_coef=0.2000,clip_vloss=True,cuda=True,description=the_name_of_this_experiment,ent_coef=0.0100,env_id=LunarLander-v2,exp_name=example_experiment,gae_lambda=0.9500,gamma=0.9900,learning_rate=0.0025,max_grad_norm=0.5000,minibatch_size=0,norm_adv=True,num_envs=4,num_iterations=0,num_minibatches=4,num_steps=128,seed=1,target_kl=None,torch_deterministic=True,total_timesteps=1000000,track=False,update_epochs=4,vf_coef=0.5000,wandb_entity=None,wandb_project_name=XPPO",example_experiment,the name of this experiment,1,True,True,False,XPPO,,False,LunarLander-v2,1000000,0.0025,4,128,True,0.99,0.95,4,4,True,0.2,True,0.01,0.5,0.5,,4.144606302224495,0,0,0,2
c0fc7f07,[-33.909485],1709889743,,True,5144,2024-03-08_10-22-23,0.06926488876342773,235.48294591903687,59217,poblenou-128-62.eduroamcp.upf.edu,127.0.0.1,235.48294591903687,5144,"4_trial_index=0,anneal_lr=True,batch_size=0,beta=1.4709,capture_video=False,clip_coef=0.2000,clip_vloss=True,cuda=True,description=the_name_of_this_experiment,ent_coef=0.0100,env_id=LunarLander-v2,exp_name=example_experiment,gae_lambda=0.9500,gamma=0.9900,learning_rate=0.0025,max_grad_norm=0.5000,minibatch_size=0,norm_adv=True,num_envs=4,num_iterations=0,num_minibatches=4,num_steps=128,seed=1,target_kl=None,torch_deterministic=True,total_timesteps=1000000,track=False,update_epochs=4,vf_coef=0.5000,wandb_entity=None,wandb_project_name=XPPO",example_experiment,the name of this experiment,1,True,True,False,XPPO,,False,LunarLander-v2,1000000,0.0025,4,128,True,0.99,0.95,4,4,True,0.2,True,0.01,0.5,0.5,,1.4708779603323197,0,0,0,0
c09348a8,[-95.22387],1709889730,,True,1888,2024-03-08_10-22-10,0.5397162437438965,233.16006207466125,59223,poblenou-128-62.eduroamcp.upf.edu,127.0.0.1,233.16006207466125,1888,"5_trial_index=1,anneal_lr=True,batch_size=0,beta=1.4709,capture_video=False,clip_coef=0.2000,clip_vloss=True,cuda=True,description=the_name_of_this_experiment,ent_coef=0.0100,env_id=LunarLander-v2,exp_name=example_experiment,gae_lambda=0.9500,gamma=0.9900,learning_rate=0.0025,max_grad_norm=0.5000,minibatch_size=0,norm_adv=True,num_envs=4,num_iterations=0,num_minibatches=4,num_steps=128,seed=1,target_kl=None,torch_deterministic=True,total_timesteps=1000000,track=False,update_epochs=4,vf_coef=0.5000,wandb_entity=None,wandb_project_name=XPPO",example_experiment,the name of this experiment,1,True,True,False,XPPO,,False,LunarLander-v2,1000000,0.0025,4,128,True,0.99,0.95,4,4,True,0.2,True,0.01,0.5,0.5,,1.4708779603323197,0,0,0,1
c29026f8,[-57.641888],1709889743,,True,2219,2024-03-08_10-22-23,0.028059720993041992,238.60072374343872,59236,poblenou-128-62.eduroamcp.upf.edu,127.0.0.1,238.60072374343872,2219,"6_trial_index=2,anneal_lr=True,batch_size=0,beta=1.4709,capture_video=False,clip_coef=0.2000,clip_vloss=True,cuda=True,description=the_name_of_this_experiment,ent_coef=0.0100,env_id=LunarLander-v2,exp_name=example_experiment,gae_lambda=0.9500,gamma=0.9900,learning_rate=0.0025,max_grad_norm=0.5000,minibatch_size=0,norm_adv=True,num_envs=4,num_iterations=0,num_minibatches=4,num_steps=128,seed=1,target_kl=None,torch_deterministic=True,total_timesteps=1000000,track=False,update_epochs=4,vf_coef=0.5000,wandb_entity=None,wandb_project_name=XPPO",example_experiment,the name of this experiment,1,True,True,False,XPPO,,False,LunarLander-v2,1000000,0.0025,4,128,True,0.99,0.95,4,4,True,0.2,True,0.01,0.5,0.5,,1.4708779603323197,0,0,0,2
92923904,[235.98041],1709889751,,True,2596,2024-03-08_10-22-31,0.042229652404785156,237.1993727684021,59241,poblenou-128-62.eduroamcp.upf.edu,127.0.0.1,237.1993727684021,2596,"7_trial_index=0,anneal_lr=True,batch_size=0,beta=1.7417,capture_video=False,clip_coef=0.2000,clip_vloss=True,cuda=True,description=the_name_of_this_experiment,ent_coef=0.0100,env_id=LunarLander-v2,exp_name=example_experiment,gae_lambda=0.9500,gamma=0.9900,learning_rate=0.0025,max_grad_norm=0.5000,minibatch_size=0,norm_adv=True,num_envs=4,num_iterations=0,num_minibatches=4,num_steps=128,seed=1,target_kl=None,torch_deterministic=True,total_timesteps=1000000,track=False,update_epochs=4,vf_coef=0.5000,wandb_entity=None,wandb_project_name=XPPO",example_experiment,the name of this experiment,1,True,True,False,XPPO,,False,LunarLander-v2,1000000,0.0025,4,128,True,0.99,0.95,4,4,True,0.2,True,0.01,0.5,0.5,,1.7417409598088727,0,0,0,0
06f58769,[-131.19016],1709889750,,True,1700,2024-03-08_10-22-30,0.02074408531188965,232.94752311706543,59252,poblenou-128-62.eduroamcp.upf.edu,127.0.0.1,232.94752311706543,1700,"8_trial_index=1,anneal_lr=True,batch_size=0,beta=1.7417,capture_video=False,clip_coef=0.2000,clip_vloss=True,cuda=True,description=the_name_of_this_experiment,ent_coef=0.0100,env_id=LunarLander-v2,exp_name=example_experiment,gae_lambda=0.9500,gamma=0.9900,learning_rate=0.0025,max_grad_norm=0.5000,minibatch_size=0,norm_adv=True,num_envs=4,num_iterations=0,num_minibatches=4,num_steps=128,seed=1,target_kl=None,torch_deterministic=True,total_timesteps=1000000,track=False,update_epochs=4,vf_coef=0.5000,wandb_entity=None,wandb_project_name=XPPO",example_experiment,the name of this experiment,1,True,True,False,XPPO,,False,LunarLander-v2,1000000,0.0025,4,128,True,0.99,0.95,4,4,True,0.2,True,0.01,0.5,0.5,,1.7417409598088727,0,0,0,1
408d9e5f,[-42.221478],1709889965,,True,1826,2024-03-08_10-26-05,0.07505393028259277,261.94781589508057,59198,poblenou-128-62.eduroamcp.upf.edu,127.0.0.1,261.94781589508057,1826,"9_trial_index=2,anneal_lr=True,batch_size=0,beta=1.7417,capture_video=False,clip_coef=0.2000,clip_vloss=True,cuda=True,description=the_name_of_this_experiment,ent_coef=0.0100,env_id=LunarLander-v2,exp_name=example_experiment,gae_lambda=0.9500,gamma=0.9900,learning_rate=0.0025,max_grad_norm=0.5000,minibatch_size=0,norm_adv=True,num_envs=4,num_iterations=0,num_minibatches=4,num_steps=128,seed=1,target_kl=None,torch_deterministic=True,total_timesteps=1000000,track=False,update_epochs=4,vf_coef=0.5000,wandb_entity=None,wandb_project_name=XPPO",example_experiment,the name of this experiment,1,True,True,False,XPPO,,False,LunarLander-v2,1000000,0.0025,4,128,True,0.99,0.95,4,4,True,0.2,True,0.01,0.5,0.5,,1.7417409598088727,0,0,0,2
495961e5,[227.55292],1709889989,,True,3376,2024-03-08_10-26-29,0.16477584838867188,268.3718719482422,59204,poblenou-128-62.eduroamcp.upf.edu,127.0.0.1,268.3718719482422,3376,"10_trial_index=0,anneal_lr=True,batch_size=0,beta=2.3370,capture_video=False,clip_coef=0.2000,clip_vloss=True,cuda=True,description=the_name_of_this_experiment,ent_coef=0.0100,env_id=LunarLander-v2,exp_name=example_experiment,gae_lambda=0.9500,gamma=0.9900,learning_rate=0.0025,max_grad_norm=0.5000,minibatch_size=0,norm_adv=True,num_envs=4,num_iterations=0,num_minibatches=4,num_steps=128,seed=1,target_kl=None,torch_deterministic=True,total_timesteps=1000000,track=False,update_epochs=4,vf_coef=0.5000,wandb_entity=None,wandb_project_name=XPPO",example_experiment,the name of this experiment,1,True,True,False,XPPO,,False,LunarLander-v2,1000000,0.0025,4,128,True,0.99,0.95,4,4,True,0.2,True,0.01,0.5,0.5,,2.336983152379202,0,0,0,0
aa75d14c,[28.362],1709889992,,True,2568,2024-03-08_10-26-32,0.027320146560668945,266.4638657569885,59209,poblenou-128-62.eduroamcp.upf.edu,127.0.0.1,266.4638657569885,2568,"11_trial_index=1,anneal_lr=True,batch_size=0,beta=2.3370,capture_video=False,clip_coef=0.2000,clip_vloss=True,cuda=True,description=the_name_of_this_experiment,ent_coef=0.0100,env_id=LunarLander-v2,exp_name=example_experiment,gae_lambda=0.9500,gamma=0.9900,learning_rate=0.0025,max_grad_norm=0.5000,minibatch_size=0,norm_adv=True,num_envs=4,num_iterations=0,num_minibatches=4,num_steps=128,seed=1,target_kl=None,torch_deterministic=True,total_timesteps=1000000,track=False,update_epochs=4,vf_coef=0.5000,wandb_entity=None,wandb_project_name=XPPO",example_experiment,the name of this experiment,1,True,True,False,XPPO,,False,LunarLander-v2,1000000,0.0025,4,128,True,0.99,0.95,4,4,True,0.2,True,0.01,0.5,0.5,,2.336983152379202,0,0,0,1
1a8fc5db,[238.69427],1709890021,,True,2814,2024-03-08_10-27-01,0.2278449535369873,274.5770540237427,59223,poblenou-128-62.eduroamcp.upf.edu,127.0.0.1,274.5770540237427,2814,"12_trial_index=2,anneal_lr=True,batch_size=0,beta=2.3370,capture_video=False,clip_coef=0.2000,clip_vloss=True,cuda=True,description=the_name_of_this_experiment,ent_coef=0.0100,env_id=LunarLander-v2,exp_name=example_experiment,gae_lambda=0.9500,gamma=0.9900,learning_rate=0.0025,max_grad_norm=0.5000,minibatch_size=0,norm_adv=True,num_envs=4,num_iterations=0,num_minibatches=4,num_steps=128,seed=1,target_kl=None,torch_deterministic=True,total_timesteps=1000000,track=False,update_epochs=4,vf_coef=0.5000,wandb_entity=None,wandb_project_name=XPPO",example_experiment,the name of this experiment,1,True,True,False,XPPO,,False,LunarLander-v2,1000000,0.0025,4,128,True,0.99,0.95,4,4,True,0.2,True,0.01,0.5,0.5,,2.336983152379202,0,0,0,2
3f569576,[-106.405304],1709890072,,True,11077,2024-03-08_10-27-52,0.025377988815307617,270.9830937385559,59217,poblenou-128-62.eduroamcp.upf.edu,127.0.0.1,270.9830937385559,11077,"13_trial_index=0,anneal_lr=True,batch_size=0,beta=3.1755,capture_video=False,clip_coef=0.2000,clip_vloss=True,cuda=True,description=the_name_of_this_experiment,ent_coef=0.0100,env_id=LunarLander-v2,exp_name=example_experiment,gae_lambda=0.9500,gamma=0.9900,learning_rate=0.0025,max_grad_norm=0.5000,minibatch_size=0,norm_adv=True,num_envs=4,num_iterations=0,num_minibatches=4,num_steps=128,seed=1,target_kl=None,torch_deterministic=True,total_timesteps=1000000,track=False,update_epochs=4,vf_coef=0.5000,wandb_entity=None,wandb_project_name=XPPO",example_experiment,the name of this experiment,1,True,True,False,XPPO,,False,LunarLander-v2,1000000,0.0025,4,128,True,0.99,0.95,4,4,True,0.2,True,0.01,0.5,0.5,,3.1755454964135654,0,0,0,0
f14efff1,[241.34085],1709890033,,True,2626,2024-03-08_10-27-13,0.0004940032958984375,274.9509267807007,59236,poblenou-128-62.eduroamcp.upf.edu,127.0.0.1,274.9509267807007,2626,"14_trial_index=1,anneal_lr=True,batch_size=0,beta=3.1755,capture_video=False,clip_coef=0.2000,clip_vloss=True,cuda=True,description=the_name_of_this_experiment,ent_coef=0.0100,env_id=LunarLander-v2,exp_name=example_experiment,gae_lambda=0.9500,gamma=0.9900,learning_rate=0.0025,max_grad_norm=0.5000,minibatch_size=0,norm_adv=True,num_envs=4,num_iterations=0,num_minibatches=4,num_steps=128,seed=1,target_kl=None,torch_deterministic=True,total_timesteps=1000000,track=False,update_epochs=4,vf_coef=0.5000,wandb_entity=None,wandb_project_name=XPPO",example_experiment,the name of this experiment,1,True,True,False,XPPO,,False,LunarLander-v2,1000000,0.0025,4,128,True,0.99,0.95,4,4,True,0.2,True,0.01,0.5,0.5,,3.1755454964135654,0,0,0,1
9ff71c89,[122.37373],1709890035,,True,2573,2024-03-08_10-27-15,0.08079004287719727,270.6400725841522,59252,poblenou-128-62.eduroamcp.upf.edu,127.0.0.1,270.6400725841522,2573,"15_trial_index=2,anneal_lr=True,batch_size=0,beta=3.1755,capture_video=False,clip_coef=0.2000,clip_vloss=True,cuda=True,description=the_name_of_this_experiment,ent_coef=0.0100,env_id=LunarLander-v2,exp_name=example_experiment,gae_lambda=0.9500,gamma=0.9900,learning_rate=0.0025,max_grad_norm=0.5000,minibatch_size=0,norm_adv=True,num_envs=4,num_iterations=0,num_minibatches=4,num_steps=128,seed=1,target_kl=None,torch_deterministic=True,total_timesteps=1000000,track=False,update_epochs=4,vf_coef=0.5000,wandb_entity=None,wandb_project_name=XPPO",example_experiment,the name of this experiment,1,True,True,False,XPPO,,False,LunarLander-v2,1000000,0.0025,4,128,True,0.99,0.95,4,4,True,0.2,True,0.01,0.5,0.5,,3.1755454964135654,0,0,0,2
7320aadf,[-89.171844],1709890022,,True,1599,2024-03-08_10-27-02,0.020260095596313477,261.91798400878906,59241,poblenou-128-62.eduroamcp.upf.edu,127.0.0.1,261.91798400878906,1599,"16_trial_index=0,anneal_lr=True,batch_size=0,beta=1.9296,capture_video=False,clip_coef=0.2000,clip_vloss=True,cuda=True,description=the_name_of_this_experiment,ent_coef=0.0100,env_id=LunarLander-v2,exp_name=example_experiment,gae_lambda=0.9500,gamma=0.9900,learning_rate=0.0025,max_grad_norm=0.5000,minibatch_size=0,norm_adv=True,num_envs=4,num_iterations=0,num_minibatches=4,num_steps=128,seed=1,target_kl=None,torch_deterministic=True,total_timesteps=1000000,track=False,update_epochs=4,vf_coef=0.5000,wandb_entity=None,wandb_project_name=XPPO",example_experiment,the name of this experiment,1,True,True,False,XPPO,,False,LunarLander-v2,1000000,0.0025,4,128,True,0.99,0.95,4,4,True,0.2,True,0.01,0.5,0.5,,1.929582301507466,0,0,0,0
ff8c966a,[77.51436],1709890231,,True,2216,2024-03-08_10-30-31,0.020362138748168945,252.8895914554596,59198,poblenou-128-62.eduroamcp.upf.edu,127.0.0.1,252.8895914554596,2216,"17_trial_index=1,anneal_lr=True,batch_size=0,beta=1.9296,capture_video=False,clip_coef=0.2000,clip_vloss=True,cuda=True,description=the_name_of_this_experiment,ent_coef=0.0100,env_id=LunarLander-v2,exp_name=example_experiment,gae_lambda=0.9500,gamma=0.9900,learning_rate=0.0025,max_grad_norm=0.5000,minibatch_size=0,norm_adv=True,num_envs=4,num_iterations=0,num_minibatches=4,num_steps=128,seed=1,target_kl=None,torch_deterministic=True,total_timesteps=1000000,track=False,update_epochs=4,vf_coef=0.5000,wandb_entity=None,wandb_project_name=XPPO",example_experiment,the name of this experiment,1,True,True,False,XPPO,,False,LunarLander-v2,1000000,0.0025,4,128,True,0.99,0.95,4,4,True,0.2,True,0.01,0.5,0.5,,1.929582301507466,0,0,0,1
cd91ecac,[244.49559],1709890262,,True,2631,2024-03-08_10-31-02,0.07919907569885254,258.05114936828613,59204,poblenou-128-62.eduroamcp.upf.edu,127.0.0.1,258.05114936828613,2631,"18_trial_index=2,anneal_lr=True,batch_size=0,beta=1.9296,capture_video=False,clip_coef=0.2000,clip_vloss=True,cuda=True,description=the_name_of_this_experiment,ent_coef=0.0100,env_id=LunarLander-v2,exp_name=example_experiment,gae_lambda=0.9500,gamma=0.9900,learning_rate=0.0025,max_grad_norm=0.5000,minibatch_size=0,norm_adv=True,num_envs=4,num_iterations=0,num_minibatches=4,num_steps=128,seed=1,target_kl=None,torch_deterministic=True,total_timesteps=1000000,track=False,update_epochs=4,vf_coef=0.5000,wandb_entity=None,wandb_project_name=XPPO",example_experiment,the name of this experiment,1,True,True,False,XPPO,,False,LunarLander-v2,1000000,0.0025,4,128,True,0.99,0.95,4,4,True,0.2,True,0.01,0.5,0.5,,1.929582301507466,0,0,0,2
b44ef894,[-43.55923],1709890255,,True,1579,2024-03-08_10-30-55,0.051358938217163086,252.90793895721436,59209,poblenou-128-62.eduroamcp.upf.edu,127.0.0.1,252.90793895721436,1579,"19_trial_index=0,anneal_lr=True,batch_size=0,beta=1.0899,capture_video=False,clip_coef=0.2000,clip_vloss=True,cuda=True,description=the_name_of_this_experiment,ent_coef=0.0100,env_id=LunarLander-v2,exp_name=example_experiment,gae_lambda=0.9500,gamma=0.9900,learning_rate=0.0025,max_grad_norm=0.5000,minibatch_size=0,norm_adv=True,num_envs=4,num_iterations=0,num_minibatches=4,num_steps=128,seed=1,target_kl=None,torch_deterministic=True,total_timesteps=1000000,track=False,update_epochs=4,vf_coef=0.5000,wandb_entity=None,wandb_project_name=XPPO",example_experiment,the name of this experiment,1,True,True,False,XPPO,,False,LunarLander-v2,1000000,0.0025,4,128,True,0.99,0.95,4,4,True,0.2,True,0.01,0.5,0.5,,1.0898500677274836,0,0,0,0
d283f3e5,[46.97201],1709890295,,True,3445,2024-03-08_10-31-35,0.2685849666595459,254.74517965316772,59223,poblenou-128-62.eduroamcp.upf.edu,127.0.0.1,254.74517965316772,3445,"20_trial_index=1,anneal_lr=True,batch_size=0,beta=1.0899,capture_video=False,clip_coef=0.2000,clip_vloss=True,cuda=True,description=the_name_of_this_experiment,ent_coef=0.0100,env_id=LunarLander-v2,exp_name=example_experiment,gae_lambda=0.9500,gamma=0.9900,learning_rate=0.0025,max_grad_norm=0.5000,minibatch_size=0,norm_adv=True,num_envs=4,num_iterations=0,num_minibatches=4,num_steps=128,seed=1,target_kl=None,torch_deterministic=True,total_timesteps=1000000,track=False,update_epochs=4,vf_coef=0.5000,wandb_entity=None,wandb_project_name=XPPO",example_experiment,the name of this experiment,1,True,True,False,XPPO,,False,LunarLander-v2,1000000,0.0025,4,128,True,0.99,0.95,4,4,True,0.2,True,0.01,0.5,0.5,,1.0898500677274836,0,0,0,1
c3f96b68,[-3.480812],1709890283,,True,1933,2024-03-08_10-31-23,0.08635497093200684,248.45378637313843,59241,poblenou-128-62.eduroamcp.upf.edu,127.0.0.1,248.45378637313843,1933,"21_trial_index=2,anneal_lr=True,batch_size=0,beta=1.0899,capture_video=False,clip_coef=0.2000,clip_vloss=True,cuda=True,description=the_name_of_this_experiment,ent_coef=0.0100,env_id=LunarLander-v2,exp_name=example_experiment,gae_lambda=0.9500,gamma=0.9900,learning_rate=0.0025,max_grad_norm=0.5000,minibatch_size=0,norm_adv=True,num_envs=4,num_iterations=0,num_minibatches=4,num_steps=128,seed=1,target_kl=None,torch_deterministic=True,total_timesteps=1000000,track=False,update_epochs=4,vf_coef=0.5000,wandb_entity=None,wandb_project_name=XPPO",example_experiment,the name of this experiment,1,True,True,False,XPPO,,False,LunarLander-v2,1000000,0.0025,4,128,True,0.99,0.95,4,4,True,0.2,True,0.01,0.5,0.5,,1.0898500677274836,0,0,0,2
dba314f0,[246.33961],1709890310,,True,2996,2024-03-08_10-31-50,0.10036492347717285,258.3984844684601,59236,poblenou-128-62.eduroamcp.upf.edu,127.0.0.1,258.3984844684601,2996,"22_trial_index=0,anneal_lr=True,batch_size=0,beta=3.7657,capture_video=False,clip_coef=0.2000,clip_vloss=True,cuda=True,description=the_name_of_this_experiment,ent_coef=0.0100,env_id=LunarLander-v2,exp_name=example_experiment,gae_lambda=0.9500,gamma=0.9900,learning_rate=0.0025,max_grad_norm=0.5000,minibatch_size=0,norm_adv=True,num_envs=4,num_iterations=0,num_minibatches=4,num_steps=128,seed=1,target_kl=None,torch_deterministic=True,total_timesteps=1000000,track=False,update_epochs=4,vf_coef=0.5000,wandb_entity=None,wandb_project_name=XPPO",example_experiment,the name of this experiment,1,True,True,False,XPPO,,False,LunarLander-v2,1000000,0.0025,4,128,True,0.99,0.95,4,4,True,0.2,True,0.01,0.5,0.5,,3.7657368013723276,0,0,0,0
adc05d87,[250.5461],1709890297,,True,1663,2024-03-08_10-31-37,0.08101701736450195,250.5329098701477,59252,poblenou-128-62.eduroamcp.upf.edu,127.0.0.1,250.5329098701477,1663,"23_trial_index=1,anneal_lr=True,batch_size=0,beta=3.7657,capture_video=False,clip_coef=0.2000,clip_vloss=True,cuda=True,description=the_name_of_this_experiment,ent_coef=0.0100,env_id=LunarLander-v2,exp_name=example_experiment,gae_lambda=0.9500,gamma=0.9900,learning_rate=0.0025,max_grad_norm=0.5000,minibatch_size=0,norm_adv=True,num_envs=4,num_iterations=0,num_minibatches=4,num_steps=128,seed=1,target_kl=None,torch_deterministic=True,total_timesteps=1000000,track=False,update_epochs=4,vf_coef=0.5000,wandb_entity=None,wandb_project_name=XPPO",example_experiment,the name of this experiment,1,True,True,False,XPPO,,False,LunarLander-v2,1000000,0.0025,4,128,True,0.99,0.95,4,4,True,0.2,True,0.01,0.5,0.5,,3.7657368013723276,0,0,0,1
f04e1c87,[132.38744],1709890333,,True,2333,2024-03-08_10-32-13,0.15376901626586914,246.72169828414917,59217,poblenou-128-62.eduroamcp.upf.edu,127.0.0.1,246.72169828414917,2333,"24_trial_index=2,anneal_lr=True,batch_size=0,beta=3.7657,capture_video=False,clip_coef=0.2000,clip_vloss=True,cuda=True,description=the_name_of_this_experiment,ent_coef=0.0100,env_id=LunarLander-v2,exp_name=example_experiment,gae_lambda=0.9500,gamma=0.9900,learning_rate=0.0025,max_grad_norm=0.5000,minibatch_size=0,norm_adv=True,num_envs=4,num_iterations=0,num_minibatches=4,num_steps=128,seed=1,target_kl=None,torch_deterministic=True,total_timesteps=1000000,track=False,update_epochs=4,vf_coef=0.5000,wandb_entity=None,wandb_project_name=XPPO",example_experiment,the name of this experiment,1,True,True,False,XPPO,,False,LunarLander-v2,1000000,0.0025,4,128,True,0.99,0.95,4,4,True,0.2,True,0.01,0.5,0.5,,3.7657368013723276,0,0,0,2
e290effd,[246.30777],1709890489,,True,2639,2024-03-08_10-34-49,0.020126819610595703,245.00153923034668,59198,poblenou-128-62.eduroamcp.upf.edu,127.0.0.1,245.00153923034668,2639,"25_trial_index=0,anneal_lr=True,batch_size=0,beta=2.4141,capture_video=False,clip_coef=0.2000,clip_vloss=True,cuda=True,description=the_name_of_this_experiment,ent_coef=0.0100,env_id=LunarLander-v2,exp_name=example_experiment,gae_lambda=0.9500,gamma=0.9900,learning_rate=0.0025,max_grad_norm=0.5000,minibatch_size=0,norm_adv=True,num_envs=4,num_iterations=0,num_minibatches=4,num_steps=128,seed=1,target_kl=None,torch_deterministic=True,total_timesteps=1000000,track=False,update_epochs=4,vf_coef=0.5000,wandb_entity=None,wandb_project_name=XPPO",example_experiment,the name of this experiment,1,True,True,False,XPPO,,False,LunarLander-v2,1000000,0.0025,4,128,True,0.99,0.95,4,4,True,0.2,True,0.01,0.5,0.5,,2.414132144698776,0,0,0,0
35cd8ebe,[26.172363],1709890511,,True,2150,2024-03-08_10-35-11,0.18457412719726562,245.14671683311462,59209,poblenou-128-62.eduroamcp.upf.edu,127.0.0.1,245.14671683311462,2150,"26_trial_index=1,anneal_lr=True,batch_size=0,beta=2.4141,capture_video=False,clip_coef=0.2000,clip_vloss=True,cuda=True,description=the_name_of_this_experiment,ent_coef=0.0100,env_id=LunarLander-v2,exp_name=example_experiment,gae_lambda=0.9500,gamma=0.9900,learning_rate=0.0025,max_grad_norm=0.5000,minibatch_size=0,norm_adv=True,num_envs=4,num_iterations=0,num_minibatches=4,num_steps=128,seed=1,target_kl=None,torch_deterministic=True,total_timesteps=1000000,track=False,update_epochs=4,vf_coef=0.5000,wandb_entity=None,wandb_project_name=XPPO",example_experiment,the name of this experiment,1,True,True,False,XPPO,,False,LunarLander-v2,1000000,0.0025,4,128,True,0.99,0.95,4,4,True,0.2,True,0.01,0.5,0.5,,2.414132144698776,0,0,0,1
f88cbfb8,[-58.711826],1709890553,,True,8619,2024-03-08_10-35-53,0.11035013198852539,249.16331243515015,59204,poblenou-128-62.eduroamcp.upf.edu,127.0.0.1,249.16331243515015,8619,"27_trial_index=2,anneal_lr=True,batch_size=0,beta=2.4141,capture_video=False,clip_coef=0.2000,clip_vloss=True,cuda=True,description=the_name_of_this_experiment,ent_coef=0.0100,env_id=LunarLander-v2,exp_name=example_experiment,gae_lambda=0.9500,gamma=0.9900,learning_rate=0.0025,max_grad_norm=0.5000,minibatch_size=0,norm_adv=True,num_envs=4,num_iterations=0,num_minibatches=4,num_steps=128,seed=1,target_kl=None,torch_deterministic=True,total_timesteps=1000000,track=False,update_epochs=4,vf_coef=0.5000,wandb_entity=None,wandb_project_name=XPPO",example_experiment,the name of this experiment,1,True,True,False,XPPO,,False,LunarLander-v2,1000000,0.0025,4,128,True,0.99,0.95,4,4,True,0.2,True,0.01,0.5,0.5,,2.414132144698776,0,0,0,2
e429756f,[111.501335],1709890536,,True,1771,2024-03-08_10-35-36,0.11312413215637207,244.48746132850647,59241,poblenou-128-62.eduroamcp.upf.edu,127.0.0.1,244.48746132850647,1771,"28_trial_index=0,anneal_lr=True,batch_size=0,beta=2.3731,capture_video=False,clip_coef=0.2000,clip_vloss=True,cuda=True,description=the_name_of_this_experiment,ent_coef=0.0100,env_id=LunarLander-v2,exp_name=example_experiment,gae_lambda=0.9500,gamma=0.9900,learning_rate=0.0025,max_grad_norm=0.5000,minibatch_size=0,norm_adv=True,num_envs=4,num_iterations=0,num_minibatches=4,num_steps=128,seed=1,target_kl=None,torch_deterministic=True,total_timesteps=1000000,track=False,update_epochs=4,vf_coef=0.5000,wandb_entity=None,wandb_project_name=XPPO",example_experiment,the name of this experiment,1,True,True,False,XPPO,,False,LunarLander-v2,1000000,0.0025,4,128,True,0.99,0.95,4,4,True,0.2,True,0.01,0.5,0.5,,2.3731388908396425,0,0,0,0
56a896dd,[231.60696],1709890564,,True,2791,2024-03-08_10-36-04,0.013988971710205078,254.7506844997406,59223,poblenou-128-62.eduroamcp.upf.edu,127.0.0.1,254.7506844997406,2791,"29_trial_index=1,anneal_lr=True,batch_size=0,beta=2.3731,capture_video=False,clip_coef=0.2000,clip_vloss=True,cuda=True,description=the_name_of_this_experiment,ent_coef=0.0100,env_id=LunarLander-v2,exp_name=example_experiment,gae_lambda=0.9500,gamma=0.9900,learning_rate=0.0025,max_grad_norm=0.5000,minibatch_size=0,norm_adv=True,num_envs=4,num_iterations=0,num_minibatches=4,num_steps=128,seed=1,target_kl=None,torch_deterministic=True,total_timesteps=1000000,track=False,update_epochs=4,vf_coef=0.5000,wandb_entity=None,wandb_project_name=XPPO",example_experiment,the name of this experiment,1,True,True,False,XPPO,,False,LunarLander-v2,1000000,0.0025,4,128,True,0.99,0.95,4,4,True,0.2,True,0.01,0.5,0.5,,2.3731388908396425,0,0,0,1
989b4ddb,[34.864],1709890552,,True,1766,2024-03-08_10-35-52,0.012728214263916016,245.72236490249634,59252,poblenou-128-62.eduroamcp.upf.edu,127.0.0.1,245.72236490249634,1766,"30_trial_index=2,anneal_lr=True,batch_size=0,beta=2.3731,capture_video=False,clip_coef=0.2000,clip_vloss=True,cuda=True,description=the_name_of_this_experiment,ent_coef=0.0100,env_id=LunarLander-v2,exp_name=example_experiment,gae_lambda=0.9500,gamma=0.9900,learning_rate=0.0025,max_grad_norm=0.5000,minibatch_size=0,norm_adv=True,num_envs=4,num_iterations=0,num_minibatches=4,num_steps=128,seed=1,target_kl=None,torch_deterministic=True,total_timesteps=1000000,track=False,update_epochs=4,vf_coef=0.5000,wandb_entity=None,wandb_project_name=XPPO",example_experiment,the name of this experiment,1,True,True,False,XPPO,,False,LunarLander-v2,1000000,0.0025,4,128,True,0.99,0.95,4,4,True,0.2,True,0.01,0.5,0.5,,2.3731388908396425,0,0,0,2
7bd18ae3,[235.24724],1709890578,,True,2637,2024-03-08_10-36-18,0.019639015197753906,254.45084142684937,59236,poblenou-128-62.eduroamcp.upf.edu,127.0.0.1,254.45084142684937,2637,"31_trial_index=0,anneal_lr=True,batch_size=0,beta=2.4261,capture_video=False,clip_coef=0.2000,clip_vloss=True,cuda=True,description=the_name_of_this_experiment,ent_coef=0.0100,env_id=LunarLander-v2,exp_name=example_experiment,gae_lambda=0.9500,gamma=0.9900,learning_rate=0.0025,max_grad_norm=0.5000,minibatch_size=0,norm_adv=True,num_envs=4,num_iterations=0,num_minibatches=4,num_steps=128,seed=1,target_kl=None,torch_deterministic=True,total_timesteps=1000000,track=False,update_epochs=4,vf_coef=0.5000,wandb_entity=None,wandb_project_name=XPPO",example_experiment,the name of this experiment,1,True,True,False,XPPO,,False,LunarLander-v2,1000000,0.0025,4,128,True,0.99,0.95,4,4,True,0.2,True,0.01,0.5,0.5,,2.4261229313614234,0,0,0,0
f20e9870,[37.98996],1709890591,,True,2136,2024-03-08_10-36-31,0.19243812561035156,246.9319407939911,59217,poblenou-128-62.eduroamcp.upf.edu,127.0.0.1,246.9319407939911,2136,"32_trial_index=1,anneal_lr=True,batch_size=0,beta=2.4261,capture_video=False,clip_coef=0.2000,clip_vloss=True,cuda=True,description=the_name_of_this_experiment,ent_coef=0.0100,env_id=LunarLander-v2,exp_name=example_experiment,gae_lambda=0.9500,gamma=0.9900,learning_rate=0.0025,max_grad_norm=0.5000,minibatch_size=0,norm_adv=True,num_envs=4,num_iterations=0,num_minibatches=4,num_steps=128,seed=1,target_kl=None,torch_deterministic=True,total_timesteps=1000000,track=False,update_epochs=4,vf_coef=0.5000,wandb_entity=None,wandb_project_name=XPPO",example_experiment,the name of this experiment,1,True,True,False,XPPO,,False,LunarLander-v2,1000000,0.0025,4,128,True,0.99,0.95,4,4,True,0.2,True,0.01,0.5,0.5,,2.4261229313614234,0,0,0,1
3b78189d,[210.04805],1709890759,,True,3787,2024-03-08_10-39-19,0.022988080978393555,250.45293402671814,59198,poblenou-128-62.eduroamcp.upf.edu,127.0.0.1,250.45293402671814,3787,"33_trial_index=2,anneal_lr=True,batch_size=0,beta=2.4261,capture_video=False,clip_coef=0.2000,clip_vloss=True,cuda=True,description=the_name_of_this_experiment,ent_coef=0.0100,env_id=LunarLander-v2,exp_name=example_experiment,gae_lambda=0.9500,gamma=0.9900,learning_rate=0.0025,max_grad_norm=0.5000,minibatch_size=0,norm_adv=True,num_envs=4,num_iterations=0,num_minibatches=4,num_steps=128,seed=1,target_kl=None,torch_deterministic=True,total_timesteps=1000000,track=False,update_epochs=4,vf_coef=0.5000,wandb_entity=None,wandb_project_name=XPPO",example_experiment,the name of this experiment,1,True,True,False,XPPO,,False,LunarLander-v2,1000000,0.0025,4,128,True,0.99,0.95,4,4,True,0.2,True,0.01,0.5,0.5,,2.4261229313614234,0,0,0,2
a31ebd94,[6.635849],1709890779,,True,2544,2024-03-08_10-39-39,0.0183868408203125,252.41567492485046,59209,poblenou-128-62.eduroamcp.upf.edu,127.0.0.1,252.41567492485046,2544,"34_trial_index=0,anneal_lr=True,batch_size=0,beta=2.3507,capture_video=False,clip_coef=0.2000,clip_vloss=True,cuda=True,description=the_name_of_this_experiment,ent_coef=0.0100,env_id=LunarLander-v2,exp_name=example_experiment,gae_lambda=0.9500,gamma=0.9900,learning_rate=0.0025,max_grad_norm=0.5000,minibatch_size=0,norm_adv=True,num_envs=4,num_iterations=0,num_minibatches=4,num_steps=128,seed=1,target_kl=None,torch_deterministic=True,total_timesteps=1000000,track=False,update_epochs=4,vf_coef=0.5000,wandb_entity=None,wandb_project_name=XPPO",example_experiment,the name of this experiment,1,True,True,False,XPPO,,False,LunarLander-v2,1000000,0.0025,4,128,True,0.99,0.95,4,4,True,0.2,True,0.01,0.5,0.5,,2.3507135149636413,0,0,0,0
916cac29,[-53.184814],1709890806,,True,3082,2024-03-08_10-40-06,0.02063274383544922,253.06058359146118,59241,poblenou-128-62.eduroamcp.upf.edu,127.0.0.1,253.06058359146118,3082,"35_trial_index=1,anneal_lr=True,batch_size=0,beta=2.3507,capture_video=False,clip_coef=0.2000,clip_vloss=True,cuda=True,description=the_name_of_this_experiment,ent_coef=0.0100,env_id=LunarLander-v2,exp_name=example_experiment,gae_lambda=0.9500,gamma=0.9900,learning_rate=0.0025,max_grad_norm=0.5000,minibatch_size=0,norm_adv=True,num_envs=4,num_iterations=0,num_minibatches=4,num_steps=128,seed=1,target_kl=None,torch_deterministic=True,total_timesteps=1000000,track=False,update_epochs=4,vf_coef=0.5000,wandb_entity=None,wandb_project_name=XPPO",example_experiment,the name of this experiment,1,True,True,False,XPPO,,False,LunarLander-v2,1000000,0.0025,4,128,True,0.99,0.95,4,4,True,0.2,True,0.01,0.5,0.5,,2.3507135149636413,0,0,0,1
6f71ea10,[253.57695],1709890820,,True,2650,2024-03-08_10-40-20,0.09439992904663086,253.61140251159668,59252,poblenou-128-62.eduroamcp.upf.edu,127.0.0.1,253.61140251159668,2650,"36_trial_index=2,anneal_lr=True,batch_size=0,beta=2.3507,capture_video=False,clip_coef=0.2000,clip_vloss=True,cuda=True,description=the_name_of_this_experiment,ent_coef=0.0100,env_id=LunarLander-v2,exp_name=example_experiment,gae_lambda=0.9500,gamma=0.9900,learning_rate=0.0025,max_grad_norm=0.5000,minibatch_size=0,norm_adv=True,num_envs=4,num_iterations=0,num_minibatches=4,num_steps=128,seed=1,target_kl=None,torch_deterministic=True,total_timesteps=1000000,track=False,update_epochs=4,vf_coef=0.5000,wandb_entity=None,wandb_project_name=XPPO",example_experiment,the name of this experiment,1,True,True,False,XPPO,,False,LunarLander-v2,1000000,0.0025,4,128,True,0.99,0.95,4,4,True,0.2,True,0.01,0.5,0.5,,2.3507135149636413,0,0,0,2
f4bad560,[37.442596],1709890818,,True,2479,2024-03-08_10-40-18,0.02803778648376465,252.1531023979187,59204,poblenou-128-62.eduroamcp.upf.edu,127.0.0.1,252.1531023979187,2479,"37_trial_index=0,anneal_lr=True,batch_size=0,beta=2.5008,capture_video=False,clip_coef=0.2000,clip_vloss=True,cuda=True,description=the_name_of_this_experiment,ent_coef=0.0100,env_id=LunarLander-v2,exp_name=example_experiment,gae_lambda=0.9500,gamma=0.9900,learning_rate=0.0025,max_grad_norm=0.5000,minibatch_size=0,norm_adv=True,num_envs=4,num_iterations=0,num_minibatches=4,num_steps=128,seed=1,target_kl=None,torch_deterministic=True,total_timesteps=1000000,track=False,update_epochs=4,vf_coef=0.5000,wandb_entity=None,wandb_project_name=XPPO",example_experiment,the name of this experiment,1,True,True,False,XPPO,,False,LunarLander-v2,1000000,0.0025,4,128,True,0.99,0.95,4,4,True,0.2,True,0.01,0.5,0.5,,2.500752201719037,0,0,0,0
d11bef6b,[72.78795],1709890836,,True,2744,2024-03-08_10-40-36,0.020162105560302734,255.60005116462708,59223,poblenou-128-62.eduroamcp.upf.edu,127.0.0.1,255.60005116462708,2744,"38_trial_index=1,anneal_lr=True,batch_size=0,beta=2.5008,capture_video=False,clip_coef=0.2000,clip_vloss=True,cuda=True,description=the_name_of_this_experiment,ent_coef=0.0100,env_id=LunarLander-v2,exp_name=example_experiment,gae_lambda=0.9500,gamma=0.9900,learning_rate=0.0025,max_grad_norm=0.5000,minibatch_size=0,norm_adv=True,num_envs=4,num_iterations=0,num_minibatches=4,num_steps=128,seed=1,target_kl=None,torch_deterministic=True,total_timesteps=1000000,track=False,update_epochs=4,vf_coef=0.5000,wandb_entity=None,wandb_project_name=XPPO",example_experiment,the name of this experiment,1,True,True,False,XPPO,,False,LunarLander-v2,1000000,0.0025,4,128,True,0.99,0.95,4,4,True,0.2,True,0.01,0.5,0.5,,2.500752201719037,0,0,0,1
d5b9ca74,[276.47092],1709890848,,True,2303,2024-03-08_10-40-48,0.2194068431854248,258.4538240432739,59236,poblenou-128-62.eduroamcp.upf.edu,127.0.0.1,258.4538240432739,2303,"39_trial_index=2,anneal_lr=True,batch_size=0,beta=2.5008,capture_video=False,clip_coef=0.2000,clip_vloss=True,cuda=True,description=the_name_of_this_experiment,ent_coef=0.0100,env_id=LunarLander-v2,exp_name=example_experiment,gae_lambda=0.9500,gamma=0.9900,learning_rate=0.0025,max_grad_norm=0.5000,minibatch_size=0,norm_adv=True,num_envs=4,num_iterations=0,num_minibatches=4,num_steps=128,seed=1,target_kl=None,torch_deterministic=True,total_timesteps=1000000,track=False,update_epochs=4,vf_coef=0.5000,wandb_entity=None,wandb_project_name=XPPO",example_experiment,the name of this experiment,1,True,True,False,XPPO,,False,LunarLander-v2,1000000,0.0025,4,128,True,0.99,0.95,4,4,True,0.2,True,0.01,0.5,0.5,,2.500752201719037,0,0,0,2
5097f26f,[9.120834],1709890866,,True,4693,2024-03-08_10-41-06,0.023075103759765625,251.92676615715027,59217,poblenou-128-62.eduroamcp.upf.edu,127.0.0.1,251.92676615715027,4693,"40_trial_index=0,anneal_lr=True,batch_size=0,beta=2.5117,capture_video=False,clip_coef=0.2000,clip_vloss=True,cuda=True,description=the_name_of_this_experiment,ent_coef=0.0100,env_id=LunarLander-v2,exp_name=example_experiment,gae_lambda=0.9500,gamma=0.9900,learning_rate=0.0025,max_grad_norm=0.5000,minibatch_size=0,norm_adv=True,num_envs=4,num_iterations=0,num_minibatches=4,num_steps=128,seed=1,target_kl=None,torch_deterministic=True,total_timesteps=1000000,track=False,update_epochs=4,vf_coef=0.5000,wandb_entity=None,wandb_project_name=XPPO",example_experiment,the name of this experiment,1,True,True,False,XPPO,,False,LunarLander-v2,1000000,0.0025,4,128,True,0.99,0.95,4,4,True,0.2,True,0.01,0.5,0.5,,2.511726634575703,0,0,0,0
72c4ae7e,[249.89839],1709891027,,True,2861,2024-03-08_10-43-47,0.01549077033996582,252.78841066360474,59198,poblenou-128-62.eduroamcp.upf.edu,127.0.0.1,252.78841066360474,2861,"41_trial_index=1,anneal_lr=True,batch_size=0,beta=2.5117,capture_video=False,clip_coef=0.2000,clip_vloss=True,cuda=True,description=the_name_of_this_experiment,ent_coef=0.0100,env_id=LunarLander-v2,exp_name=example_experiment,gae_lambda=0.9500,gamma=0.9900,learning_rate=0.0025,max_grad_norm=0.5000,minibatch_size=0,norm_adv=True,num_envs=4,num_iterations=0,num_minibatches=4,num_steps=128,seed=1,target_kl=None,torch_deterministic=True,total_timesteps=1000000,track=False,update_epochs=4,vf_coef=0.5000,wandb_entity=None,wandb_project_name=XPPO",example_experiment,the name of this experiment,1,True,True,False,XPPO,,False,LunarLander-v2,1000000,0.0025,4,128,True,0.99,0.95,4,4,True,0.2,True,0.01,0.5,0.5,,2.511726634575703,0,0,0,1
dcc1ccfd,[18.876404],1709891045,,True,2248,2024-03-08_10-44-05,0.00605320930480957,253.06944751739502,59209,poblenou-128-62.eduroamcp.upf.edu,127.0.0.1,253.06944751739502,2248,"42_trial_index=2,anneal_lr=True,batch_size=0,beta=2.5117,capture_video=False,clip_coef=0.2000,clip_vloss=True,cuda=True,description=the_name_of_this_experiment,ent_coef=0.0100,env_id=LunarLander-v2,exp_name=example_experiment,gae_lambda=0.9500,gamma=0.9900,learning_rate=0.0025,max_grad_norm=0.5000,minibatch_size=0,norm_adv=True,num_envs=4,num_iterations=0,num_minibatches=4,num_steps=128,seed=1,target_kl=None,torch_deterministic=True,total_timesteps=1000000,track=False,update_epochs=4,vf_coef=0.5000,wandb_entity=None,wandb_project_name=XPPO",example_experiment,the name of this experiment,1,True,True,False,XPPO,,False,LunarLander-v2,1000000,0.0025,4,128,True,0.99,0.95,4,4,True,0.2,True,0.01,0.5,0.5,,2.511726634575703,0,0,0,2
ee3160b0,[217.68796],1709891081,,True,3286,2024-03-08_10-44-41,0.0007188320159912109,256.68788719177246,59241,poblenou-128-62.eduroamcp.upf.edu,127.0.0.1,256.68788719177246,3286,"43_trial_index=0,anneal_lr=True,batch_size=0,beta=2.5266,capture_video=False,clip_coef=0.2000,clip_vloss=True,cuda=True,description=the_name_of_this_experiment,ent_coef=0.0100,env_id=LunarLander-v2,exp_name=example_experiment,gae_lambda=0.9500,gamma=0.9900,learning_rate=0.0025,max_grad_norm=0.5000,minibatch_size=0,norm_adv=True,num_envs=4,num_iterations=0,num_minibatches=4,num_steps=128,seed=1,target_kl=None,torch_deterministic=True,total_timesteps=1000000,track=False,update_epochs=4,vf_coef=0.5000,wandb_entity=None,wandb_project_name=XPPO",example_experiment,the name of this experiment,1,True,True,False,XPPO,,False,LunarLander-v2,1000000,0.0025,4,128,True,0.99,0.95,4,4,True,0.2,True,0.01,0.5,0.5,,2.526582541930742,0,0,0,0
2be908ed,[35.646286],1709891099,,True,5040,2024-03-08_10-44-59,0.0469050407409668,253.76907229423523,59204,poblenou-128-62.eduroamcp.upf.edu,127.0.0.1,253.76907229423523,5040,"44_trial_index=1,anneal_lr=True,batch_size=0,beta=2.5266,capture_video=False,clip_coef=0.2000,clip_vloss=True,cuda=True,description=the_name_of_this_experiment,ent_coef=0.0100,env_id=LunarLander-v2,exp_name=example_experiment,gae_lambda=0.9500,gamma=0.9900,learning_rate=0.0025,max_grad_norm=0.5000,minibatch_size=0,norm_adv=True,num_envs=4,num_iterations=0,num_minibatches=4,num_steps=128,seed=1,target_kl=None,torch_deterministic=True,total_timesteps=1000000,track=False,update_epochs=4,vf_coef=0.5000,wandb_entity=None,wandb_project_name=XPPO",example_experiment,the name of this experiment,1,True,True,False,XPPO,,False,LunarLander-v2,1000000,0.0025,4,128,True,0.99,0.95,4,4,True,0.2,True,0.01,0.5,0.5,,2.526582541930742,0,0,0,1
2ebd3ccb,[295.06824],1709891094,,True,2828,2024-03-08_10-44-54,0.0753939151763916,258.4203643798828,59252,poblenou-128-62.eduroamcp.upf.edu,127.0.0.1,258.4203643798828,2828,"45_trial_index=2,anneal_lr=True,batch_size=0,beta=2.5266,capture_video=False,clip_coef=0.2000,clip_vloss=True,cuda=True,description=the_name_of_this_experiment,ent_coef=0.0100,env_id=LunarLander-v2,exp_name=example_experiment,gae_lambda=0.9500,gamma=0.9900,learning_rate=0.0025,max_grad_norm=0.5000,minibatch_size=0,norm_adv=True,num_envs=4,num_iterations=0,num_minibatches=4,num_steps=128,seed=1,target_kl=None,torch_deterministic=True,total_timesteps=1000000,track=False,update_epochs=4,vf_coef=0.5000,wandb_entity=None,wandb_project_name=XPPO",example_experiment,the name of this experiment,1,True,True,False,XPPO,,False,LunarLander-v2,1000000,0.0025,4,128,True,0.99,0.95,4,4,True,0.2,True,0.01,0.5,0.5,,2.526582541930742,0,0,0,2
011de67b,[230.38821],1709891113,,True,2881,2024-03-08_10-45-13,0.01749706268310547,260.34913206100464,59223,poblenou-128-62.eduroamcp.upf.edu,127.0.0.1,260.34913206100464,2881,"46_trial_index=0,anneal_lr=True,batch_size=0,beta=2.4598,capture_video=False,clip_coef=0.2000,clip_vloss=True,cuda=True,description=the_name_of_this_experiment,ent_coef=0.0100,env_id=LunarLander-v2,exp_name=example_experiment,gae_lambda=0.9500,gamma=0.9900,learning_rate=0.0025,max_grad_norm=0.5000,minibatch_size=0,norm_adv=True,num_envs=4,num_iterations=0,num_minibatches=4,num_steps=128,seed=1,target_kl=None,torch_deterministic=True,total_timesteps=1000000,track=False,update_epochs=4,vf_coef=0.5000,wandb_entity=None,wandb_project_name=XPPO",example_experiment,the name of this experiment,1,True,True,False,XPPO,,False,LunarLander-v2,1000000,0.0025,4,128,True,0.99,0.95,4,4,True,0.2,True,0.01,0.5,0.5,,2.459783126329897,0,0,0,0
4d29d404,[27.701958],1709891123,,True,2379,2024-03-08_10-45-23,0.03948807716369629,260.9113185405731,59236,poblenou-128-62.eduroamcp.upf.edu,127.0.0.1,260.9113185405731,2379,"47_trial_index=1,anneal_lr=True,batch_size=0,beta=2.4598,capture_video=False,clip_coef=0.2000,clip_vloss=True,cuda=True,description=the_name_of_this_experiment,ent_coef=0.0100,env_id=LunarLander-v2,exp_name=example_experiment,gae_lambda=0.9500,gamma=0.9900,learning_rate=0.0025,max_grad_norm=0.5000,minibatch_size=0,norm_adv=True,num_envs=4,num_iterations=0,num_minibatches=4,num_steps=128,seed=1,target_kl=None,torch_deterministic=True,total_timesteps=1000000,track=False,update_epochs=4,vf_coef=0.5000,wandb_entity=None,wandb_project_name=XPPO",example_experiment,the name of this experiment,1,True,True,False,XPPO,,False,LunarLander-v2,1000000,0.0025,4,128,True,0.99,0.95,4,4,True,0.2,True,0.01,0.5,0.5,,2.459783126329897,0,0,0,1
a48407f3,[246.39058],1709891139,,True,3047,2024-03-08_10-45-39,0.03947710990905762,256.08709621429443,59217,poblenou-128-62.eduroamcp.upf.edu,127.0.0.1,256.08709621429443,3047,"48_trial_index=2,anneal_lr=True,batch_size=0,beta=2.4598,capture_video=False,clip_coef=0.2000,clip_vloss=True,cuda=True,description=the_name_of_this_experiment,ent_coef=0.0100,env_id=LunarLander-v2,exp_name=example_experiment,gae_lambda=0.9500,gamma=0.9900,learning_rate=0.0025,max_grad_norm=0.5000,minibatch_size=0,norm_adv=True,num_envs=4,num_iterations=0,num_minibatches=4,num_steps=128,seed=1,target_kl=None,torch_deterministic=True,total_timesteps=1000000,track=False,update_epochs=4,vf_coef=0.5000,wandb_entity=None,wandb_project_name=XPPO",example_experiment,the name of this experiment,1,True,True,False,XPPO,,False,LunarLander-v2,1000000,0.0025,4,128,True,0.99,0.95,4,4,True,0.2,True,0.01,0.5,0.5,,2.459783126329897,0,0,0,2
006d5110,[267.50433],1709891301,,True,3196,2024-03-08_10-48-21,0.017308950424194336,257.30520510673523,59198,poblenou-128-62.eduroamcp.upf.edu,127.0.0.1,257.30520510673523,3196,"49_trial_index=0,anneal_lr=True,batch_size=0,beta=3.6551,capture_video=False,clip_coef=0.2000,clip_vloss=True,cuda=True,description=the_name_of_this_experiment,ent_coef=0.0100,env_id=LunarLander-v2,exp_name=example_experiment,gae_lambda=0.9500,gamma=0.9900,learning_rate=0.0025,max_grad_norm=0.5000,minibatch_size=0,norm_adv=True,num_envs=4,num_iterations=0,num_minibatches=4,num_steps=128,seed=1,target_kl=None,torch_deterministic=True,total_timesteps=1000000,track=False,update_epochs=4,vf_coef=0.5000,wandb_entity=None,wandb_project_name=XPPO",example_experiment,the name of this experiment,1,True,True,False,XPPO,,False,LunarLander-v2,1000000,0.0025,4,128,True,0.99,0.95,4,4,True,0.2,True,0.01,0.5,0.5,,3.6551172019054463,0,0,0,0
b9e995c9,[258.7454],1709891317,,True,2620,2024-03-08_10-48-37,0.1161642074584961,258.8218903541565,59209,poblenou-128-62.eduroamcp.upf.edu,127.0.0.1,258.8218903541565,2620,"50_trial_index=1,anneal_lr=True,batch_size=0,beta=3.6551,capture_video=False,clip_coef=0.2000,clip_vloss=True,cuda=True,description=the_name_of_this_experiment,ent_coef=0.0100,env_id=LunarLander-v2,exp_name=example_experiment,gae_lambda=0.9500,gamma=0.9900,learning_rate=0.0025,max_grad_norm=0.5000,minibatch_size=0,norm_adv=True,num_envs=4,num_iterations=0,num_minibatches=4,num_steps=128,seed=1,target_kl=None,torch_deterministic=True,total_timesteps=1000000,track=False,update_epochs=4,vf_coef=0.5000,wandb_entity=None,wandb_project_name=XPPO",example_experiment,the name of this experiment,1,True,True,False,XPPO,,False,LunarLander-v2,1000000,0.0025,4,128,True,0.99,0.95,4,4,True,0.2,True,0.01,0.5,0.5,,3.6551172019054463,0,0,0,1
93798304,[109.54411],1709891351,,True,1896,2024-03-08_10-49-11,0.02645587921142578,259.9551830291748,59241,poblenou-128-62.eduroamcp.upf.edu,127.0.0.1,259.9551830291748,1896,"51_trial_index=2,anneal_lr=True,batch_size=0,beta=3.6551,capture_video=False,clip_coef=0.2000,clip_vloss=True,cuda=True,description=the_name_of_this_experiment,ent_coef=0.0100,env_id=LunarLander-v2,exp_name=example_experiment,gae_lambda=0.9500,gamma=0.9900,learning_rate=0.0025,max_grad_norm=0.5000,minibatch_size=0,norm_adv=True,num_envs=4,num_iterations=0,num_minibatches=4,num_steps=128,seed=1,target_kl=None,torch_deterministic=True,total_timesteps=1000000,track=False,update_epochs=4,vf_coef=0.5000,wandb_entity=None,wandb_project_name=XPPO",example_experiment,the name of this experiment,1,True,True,False,XPPO,,False,LunarLander-v2,1000000,0.0025,4,128,True,0.99,0.95,4,4,True,0.2,True,0.01,0.5,0.5,,3.6551172019054463,0,0,0,2
d63caa81,[255.8469],1709891360,,True,1861,2024-03-08_10-49-20,0.02291083335876465,256.8783926963806,59252,poblenou-128-62.eduroamcp.upf.edu,127.0.0.1,256.8783926963806,1861,"52_trial_index=0,anneal_lr=True,batch_size=0,beta=3.7329,capture_video=False,clip_coef=0.2000,clip_vloss=True,cuda=True,description=the_name_of_this_experiment,ent_coef=0.0100,env_id=LunarLander-v2,exp_name=example_experiment,gae_lambda=0.9500,gamma=0.9900,learning_rate=0.0025,max_grad_norm=0.5000,minibatch_size=0,norm_adv=True,num_envs=4,num_iterations=0,num_minibatches=4,num_steps=128,seed=1,target_kl=None,torch_deterministic=True,total_timesteps=1000000,track=False,update_epochs=4,vf_coef=0.5000,wandb_entity=None,wandb_project_name=XPPO",example_experiment,the name of this experiment,1,True,True,False,XPPO,,False,LunarLander-v2,1000000,0.0025,4,128,True,0.99,0.95,4,4,True,0.2,True,0.01,0.5,0.5,,3.732946610617439,0,0,0,0
ff9a9f7a,[221.0508],1709891369,,True,2091,2024-03-08_10-49-29,0.2580738067626953,259.92540740966797,59204,poblenou-128-62.eduroamcp.upf.edu,127.0.0.1,259.92540740966797,2091,"53_trial_index=1,anneal_lr=True,batch_size=0,beta=3.7329,capture_video=False,clip_coef=0.2000,clip_vloss=True,cuda=True,description=the_name_of_this_experiment,ent_coef=0.0100,env_id=LunarLander-v2,exp_name=example_experiment,gae_lambda=0.9500,gamma=0.9900,learning_rate=0.0025,max_grad_norm=0.5000,minibatch_size=0,norm_adv=True,num_envs=4,num_iterations=0,num_minibatches=4,num_steps=128,seed=1,target_kl=None,torch_deterministic=True,total_timesteps=1000000,track=False,update_epochs=4,vf_coef=0.5000,wandb_entity=None,wandb_project_name=XPPO",example_experiment,the name of this experiment,1,True,True,False,XPPO,,False,LunarLander-v2,1000000,0.0025,4,128,True,0.99,0.95,4,4,True,0.2,True,0.01,0.5,0.5,,3.732946610617439,0,0,0,1
3a88b113,[36.85344],1709891389,,True,2378,2024-03-08_10-49-49,0.017961978912353516,264.09678387641907,59223,poblenou-128-62.eduroamcp.upf.edu,127.0.0.1,264.09678387641907,2378,"54_trial_index=2,anneal_lr=True,batch_size=0,beta=3.7329,capture_video=False,clip_coef=0.2000,clip_vloss=True,cuda=True,description=the_name_of_this_experiment,ent_coef=0.0100,env_id=LunarLander-v2,exp_name=example_experiment,gae_lambda=0.9500,gamma=0.9900,learning_rate=0.0025,max_grad_norm=0.5000,minibatch_size=0,norm_adv=True,num_envs=4,num_iterations=0,num_minibatches=4,num_steps=128,seed=1,target_kl=None,torch_deterministic=True,total_timesteps=1000000,track=False,update_epochs=4,vf_coef=0.5000,wandb_entity=None,wandb_project_name=XPPO",example_experiment,the name of this experiment,1,True,True,False,XPPO,,False,LunarLander-v2,1000000,0.0025,4,128,True,0.99,0.95,4,4,True,0.2,True,0.01,0.5,0.5,,3.732946610617439,0,0,0,2
f5c5721b,[212.9078],1709891400,,True,2020,2024-03-08_10-50-00,0.00646209716796875,266.98456144332886,59236,poblenou-128-62.eduroamcp.upf.edu,127.0.0.1,266.98456144332886,2020,"55_trial_index=0,anneal_lr=True,batch_size=0,beta=3.6891,capture_video=False,clip_coef=0.2000,clip_vloss=True,cuda=True,description=the_name_of_this_experiment,ent_coef=0.0100,env_id=LunarLander-v2,exp_name=example_experiment,gae_lambda=0.9500,gamma=0.9900,learning_rate=0.0025,max_grad_norm=0.5000,minibatch_size=0,norm_adv=True,num_envs=4,num_iterations=0,num_minibatches=4,num_steps=128,seed=1,target_kl=None,torch_deterministic=True,total_timesteps=1000000,track=False,update_epochs=4,vf_coef=0.5000,wandb_entity=None,wandb_project_name=XPPO",example_experiment,the name of this experiment,1,True,True,False,XPPO,,False,LunarLander-v2,1000000,0.0025,4,128,True,0.99,0.95,4,4,True,0.2,True,0.01,0.5,0.5,,3.6890508704494516,0,0,0,0
f1768aa9,[242.32156],1709891412,,True,2713,2024-03-08_10-50-12,0.223067045211792,259.211035490036,59217,poblenou-128-62.eduroamcp.upf.edu,127.0.0.1,259.211035490036,2713,"56_trial_index=1,anneal_lr=True,batch_size=0,beta=3.6891,capture_video=False,clip_coef=0.2000,clip_vloss=True,cuda=True,description=the_name_of_this_experiment,ent_coef=0.0100,env_id=LunarLander-v2,exp_name=example_experiment,gae_lambda=0.9500,gamma=0.9900,learning_rate=0.0025,max_grad_norm=0.5000,minibatch_size=0,norm_adv=True,num_envs=4,num_iterations=0,num_minibatches=4,num_steps=128,seed=1,target_kl=None,torch_deterministic=True,total_timesteps=1000000,track=False,update_epochs=4,vf_coef=0.5000,wandb_entity=None,wandb_project_name=XPPO",example_experiment,the name of this experiment,1,True,True,False,XPPO,,False,LunarLander-v2,1000000,0.0025,4,128,True,0.99,0.95,4,4,True,0.2,True,0.01,0.5,0.5,,3.6890508704494516,0,0,0,1
1089ea28,[230.43585],1709891565,,True,1991,2024-03-08_10-52-45,0.09650301933288574,254.14851999282837,59198,poblenou-128-62.eduroamcp.upf.edu,127.0.0.1,254.14851999282837,1991,"57_trial_index=2,anneal_lr=True,batch_size=0,beta=3.6891,capture_video=False,clip_coef=0.2000,clip_vloss=True,cuda=True,description=the_name_of_this_experiment,ent_coef=0.0100,env_id=LunarLander-v2,exp_name=example_experiment,gae_lambda=0.9500,gamma=0.9900,learning_rate=0.0025,max_grad_norm=0.5000,minibatch_size=0,norm_adv=True,num_envs=4,num_iterations=0,num_minibatches=4,num_steps=128,seed=1,target_kl=None,torch_deterministic=True,total_timesteps=1000000,track=False,update_epochs=4,vf_coef=0.5000,wandb_entity=None,wandb_project_name=XPPO",example_experiment,the name of this experiment,1,True,True,False,XPPO,,False,LunarLander-v2,1000000,0.0025,4,128,True,0.99,0.95,4,4,True,0.2,True,0.01,0.5,0.5,,3.6890508704494516,0,0,0,2
29ae6cab,[31.43045],1709891591,,True,3162,2024-03-08_10-53-11,0.10268497467041016,257.58346343040466,59209,poblenou-128-62.eduroamcp.upf.edu,127.0.0.1,257.58346343040466,3162,"58_trial_index=0,anneal_lr=True,batch_size=0,beta=3.6697,capture_video=False,clip_coef=0.2000,clip_vloss=True,cuda=True,description=the_name_of_this_experiment,ent_coef=0.0100,env_id=LunarLander-v2,exp_name=example_experiment,gae_lambda=0.9500,gamma=0.9900,learning_rate=0.0025,max_grad_norm=0.5000,minibatch_size=0,norm_adv=True,num_envs=4,num_iterations=0,num_minibatches=4,num_steps=128,seed=1,target_kl=None,torch_deterministic=True,total_timesteps=1000000,track=False,update_epochs=4,vf_coef=0.5000,wandb_entity=None,wandb_project_name=XPPO",example_experiment,the name of this experiment,1,True,True,False,XPPO,,False,LunarLander-v2,1000000,0.0025,4,128,True,0.99,0.95,4,4,True,0.2,True,0.01,0.5,0.5,,3.6697331275878287,0,0,0,0
d4345ce6,[-17.644966],1709891632,,True,2489,2024-03-08_10-53-52,0.3440132141113281,267.1847822666168,59241,poblenou-128-62.eduroamcp.upf.edu,127.0.0.1,267.1847822666168,2489,"59_trial_index=1,anneal_lr=True,batch_size=0,beta=3.6697,capture_video=False,clip_coef=0.2000,clip_vloss=True,cuda=True,description=the_name_of_this_experiment,ent_coef=0.0100,env_id=LunarLander-v2,exp_name=example_experiment,gae_lambda=0.9500,gamma=0.9900,learning_rate=0.0025,max_grad_norm=0.5000,minibatch_size=0,norm_adv=True,num_envs=4,num_iterations=0,num_minibatches=4,num_steps=128,seed=1,target_kl=None,torch_deterministic=True,total_timesteps=1000000,track=False,update_epochs=4,vf_coef=0.5000,wandb_entity=None,wandb_project_name=XPPO",example_experiment,the name of this experiment,1,True,True,False,XPPO,,False,LunarLander-v2,1000000,0.0025,4,128,True,0.99,0.95,4,4,True,0.2,True,0.01,0.5,0.5,,3.6697331275878287,0,0,0,1
7a1c1c20,[260.8271],1709891641,,True,2200,2024-03-08_10-54-01,0.09456276893615723,268.14934182167053,59252,poblenou-128-62.eduroamcp.upf.edu,127.0.0.1,268.14934182167053,2200,"60_trial_index=2,anneal_lr=True,batch_size=0,beta=3.6697,capture_video=False,clip_coef=0.2000,clip_vloss=True,cuda=True,description=the_name_of_this_experiment,ent_coef=0.0100,env_id=LunarLander-v2,exp_name=example_experiment,gae_lambda=0.9500,gamma=0.9900,learning_rate=0.0025,max_grad_norm=0.5000,minibatch_size=0,norm_adv=True,num_envs=4,num_iterations=0,num_minibatches=4,num_steps=128,seed=1,target_kl=None,torch_deterministic=True,total_timesteps=1000000,track=False,update_epochs=4,vf_coef=0.5000,wandb_entity=None,wandb_project_name=XPPO",example_experiment,the name of this experiment,1,True,True,False,XPPO,,False,LunarLander-v2,1000000,0.0025,4,128,True,0.99,0.95,4,4,True,0.2,True,0.01,0.5,0.5,,3.6697331275878287,0,0,0,2
d61b194d,[248.4874],1709891662,,True,2883,2024-03-08_10-54-22,0.07247185707092285,276.2782299518585,59204,poblenou-128-62.eduroamcp.upf.edu,127.0.0.1,276.2782299518585,2883,"61_trial_index=0,anneal_lr=True,batch_size=0,beta=3.6531,capture_video=False,clip_coef=0.2000,clip_vloss=True,cuda=True,description=the_name_of_this_experiment,ent_coef=0.0100,env_id=LunarLander-v2,exp_name=example_experiment,gae_lambda=0.9500,gamma=0.9900,learning_rate=0.0025,max_grad_norm=0.5000,minibatch_size=0,norm_adv=True,num_envs=4,num_iterations=0,num_minibatches=4,num_steps=128,seed=1,target_kl=None,torch_deterministic=True,total_timesteps=1000000,track=False,update_epochs=4,vf_coef=0.5000,wandb_entity=None,wandb_project_name=XPPO",example_experiment,the name of this experiment,1,True,True,False,XPPO,,False,LunarLander-v2,1000000,0.0025,4,128,True,0.99,0.95,4,4,True,0.2,True,0.01,0.5,0.5,,3.6530591150979266,0,0,0,0
742fd301,[27.997803],1709891686,,True,2304,2024-03-08_10-54-46,0.030178070068359375,284.18209981918335,59223,poblenou-128-62.eduroamcp.upf.edu,127.0.0.1,284.18209981918335,2304,"62_trial_index=1,anneal_lr=True,batch_size=0,beta=3.6531,capture_video=False,clip_coef=0.2000,clip_vloss=True,cuda=True,description=the_name_of_this_experiment,ent_coef=0.0100,env_id=LunarLander-v2,exp_name=example_experiment,gae_lambda=0.9500,gamma=0.9900,learning_rate=0.0025,max_grad_norm=0.5000,minibatch_size=0,norm_adv=True,num_envs=4,num_iterations=0,num_minibatches=4,num_steps=128,seed=1,target_kl=None,torch_deterministic=True,total_timesteps=1000000,track=False,update_epochs=4,vf_coef=0.5000,wandb_entity=None,wandb_project_name=XPPO",example_experiment,the name of this experiment,1,True,True,False,XPPO,,False,LunarLander-v2,1000000,0.0025,4,128,True,0.99,0.95,4,4,True,0.2,True,0.01,0.5,0.5,,3.6530591150979266,0,0,0,1
91674ca4,[-94.57692],1709891744,,True,11473,2024-03-08_10-55-44,0.028489112854003906,284.1357524394989,59236,poblenou-128-62.eduroamcp.upf.edu,127.0.0.1,284.1357524394989,11473,"63_trial_index=2,anneal_lr=True,batch_size=0,beta=3.6531,capture_video=False,clip_coef=0.2000,clip_vloss=True,cuda=True,description=the_name_of_this_experiment,ent_coef=0.0100,env_id=LunarLander-v2,exp_name=example_experiment,gae_lambda=0.9500,gamma=0.9900,learning_rate=0.0025,max_grad_norm=0.5000,minibatch_size=0,norm_adv=True,num_envs=4,num_iterations=0,num_minibatches=4,num_steps=128,seed=1,target_kl=None,torch_deterministic=True,total_timesteps=1000000,track=False,update_epochs=4,vf_coef=0.5000,wandb_entity=None,wandb_project_name=XPPO",example_experiment,the name of this experiment,1,True,True,False,XPPO,,False,LunarLander-v2,1000000,0.0025,4,128,True,0.99,0.95,4,4,True,0.2,True,0.01,0.5,0.5,,3.6530591150979266,0,0,0,2
1bf00938,[261.62177],1709891739,,True,9150,2024-03-08_10-55-39,0.15234613418579102,279.2190959453583,59217,poblenou-128-62.eduroamcp.upf.edu,127.0.0.1,279.2190959453583,9150,"64_trial_index=0,anneal_lr=True,batch_size=0,beta=3.5114,capture_video=False,clip_coef=0.2000,clip_vloss=True,cuda=True,description=the_name_of_this_experiment,ent_coef=0.0100,env_id=LunarLander-v2,exp_name=example_experiment,gae_lambda=0.9500,gamma=0.9900,learning_rate=0.0025,max_grad_norm=0.5000,minibatch_size=0,norm_adv=True,num_envs=4,num_iterations=0,num_minibatches=4,num_steps=128,seed=1,target_kl=None,torch_deterministic=True,total_timesteps=1000000,track=False,update_epochs=4,vf_coef=0.5000,wandb_entity=None,wandb_project_name=XPPO",example_experiment,the name of this experiment,1,True,True,False,XPPO,,False,LunarLander-v2,1000000,0.0025,4,128,True,0.99,0.95,4,4,True,0.2,True,0.01,0.5,0.5,,3.5114434194089337,0,0,0,0
be04664a,[-1.239296],1709891877,,True,2545,2024-03-08_10-57-57,0.1413440704345703,296.17847895622253,59198,poblenou-128-62.eduroamcp.upf.edu,127.0.0.1,296.17847895622253,2545,"65_trial_index=1,anneal_lr=True,batch_size=0,beta=3.5114,capture_video=False,clip_coef=0.2000,clip_vloss=True,cuda=True,description=the_name_of_this_experiment,ent_coef=0.0100,env_id=LunarLander-v2,exp_name=example_experiment,gae_lambda=0.9500,gamma=0.9900,learning_rate=0.0025,max_grad_norm=0.5000,minibatch_size=0,norm_adv=True,num_envs=4,num_iterations=0,num_minibatches=4,num_steps=128,seed=1,target_kl=None,torch_deterministic=True,total_timesteps=1000000,track=False,update_epochs=4,vf_coef=0.5000,wandb_entity=None,wandb_project_name=XPPO",example_experiment,the name of this experiment,1,True,True,False,XPPO,,False,LunarLander-v2,1000000,0.0025,4,128,True,0.99,0.95,4,4,True,0.2,True,0.01,0.5,0.5,,3.5114434194089337,0,0,0,1
c78370c0,[231.79791],1709891902,,True,2397,2024-03-08_10-58-22,0.005476236343383789,296.0388231277466,59209,poblenou-128-62.eduroamcp.upf.edu,127.0.0.1,296.0388231277466,2397,"66_trial_index=2,anneal_lr=True,batch_size=0,beta=3.5114,capture_video=False,clip_coef=0.2000,clip_vloss=True,cuda=True,description=the_name_of_this_experiment,ent_coef=0.0100,env_id=LunarLander-v2,exp_name=example_experiment,gae_lambda=0.9500,gamma=0.9900,learning_rate=0.0025,max_grad_norm=0.5000,minibatch_size=0,norm_adv=True,num_envs=4,num_iterations=0,num_minibatches=4,num_steps=128,seed=1,target_kl=None,torch_deterministic=True,total_timesteps=1000000,track=False,update_epochs=4,vf_coef=0.5000,wandb_entity=None,wandb_project_name=XPPO",example_experiment,the name of this experiment,1,True,True,False,XPPO,,False,LunarLander-v2,1000000,0.0025,4,128,True,0.99,0.95,4,4,True,0.2,True,0.01,0.5,0.5,,3.5114434194089337,0,0,0,2
e7bfd7b8,[267.1231],1709891941,,True,2838,2024-03-08_10-59-01,0.1303718090057373,291.73389625549316,59241,poblenou-128-62.eduroamcp.upf.edu,127.0.0.1,291.73389625549316,2838,"67_trial_index=0,anneal_lr=True,batch_size=0,beta=3.7642,capture_video=False,clip_coef=0.2000,clip_vloss=True,cuda=True,description=the_name_of_this_experiment,ent_coef=0.0100,env_id=LunarLander-v2,exp_name=example_experiment,gae_lambda=0.9500,gamma=0.9900,learning_rate=0.0025,max_grad_norm=0.5000,minibatch_size=0,norm_adv=True,num_envs=4,num_iterations=0,num_minibatches=4,num_steps=128,seed=1,target_kl=None,torch_deterministic=True,total_timesteps=1000000,track=False,update_epochs=4,vf_coef=0.5000,wandb_entity=None,wandb_project_name=XPPO",example_experiment,the name of this experiment,1,True,True,False,XPPO,,False,LunarLander-v2,1000000,0.0025,4,128,True,0.99,0.95,4,4,True,0.2,True,0.01,0.5,0.5,,3.7641728794045917,0,0,0,0
6ccee058,[79.75323],1709891940,,True,1916,2024-03-08_10-59-00,0.03268098831176758,286.9614863395691,59252,poblenou-128-62.eduroamcp.upf.edu,127.0.0.1,286.9614863395691,1916,"68_trial_index=1,anneal_lr=True,batch_size=0,beta=3.7642,capture_video=False,clip_coef=0.2000,clip_vloss=True,cuda=True,description=the_name_of_this_experiment,ent_coef=0.0100,env_id=LunarLander-v2,exp_name=example_experiment,gae_lambda=0.9500,gamma=0.9900,learning_rate=0.0025,max_grad_norm=0.5000,minibatch_size=0,norm_adv=True,num_envs=4,num_iterations=0,num_minibatches=4,num_steps=128,seed=1,target_kl=None,torch_deterministic=True,total_timesteps=1000000,track=False,update_epochs=4,vf_coef=0.5000,wandb_entity=None,wandb_project_name=XPPO",example_experiment,the name of this experiment,1,True,True,False,XPPO,,False,LunarLander-v2,1000000,0.0025,4,128,True,0.99,0.95,4,4,True,0.2,True,0.01,0.5,0.5,,3.7641728794045917,0,0,0,1
6a730ad1,[-31.814362],1709891960,,True,2435,2024-03-08_10-59-20,0.01807403564453125,282.47015404701233,59204,poblenou-128-62.eduroamcp.upf.edu,127.0.0.1,282.47015404701233,2435,"69_trial_index=2,anneal_lr=True,batch_size=0,beta=3.7642,capture_video=False,clip_coef=0.2000,clip_vloss=True,cuda=True,description=the_name_of_this_experiment,ent_coef=0.0100,env_id=LunarLander-v2,exp_name=example_experiment,gae_lambda=0.9500,gamma=0.9900,learning_rate=0.0025,max_grad_norm=0.5000,minibatch_size=0,norm_adv=True,num_envs=4,num_iterations=0,num_minibatches=4,num_steps=128,seed=1,target_kl=None,torch_deterministic=True,total_timesteps=1000000,track=False,update_epochs=4,vf_coef=0.5000,wandb_entity=None,wandb_project_name=XPPO",example_experiment,the name of this experiment,1,True,True,False,XPPO,,False,LunarLander-v2,1000000,0.0025,4,128,True,0.99,0.95,4,4,True,0.2,True,0.01,0.5,0.5,,3.7641728794045917,0,0,0,2
f5d2e78d,[225.32355],1709891979,,True,2205,2024-03-08_10-59-39,0.025413036346435547,279.8936107158661,59223,poblenou-128-62.eduroamcp.upf.edu,127.0.0.1,279.8936107158661,2205,"70_trial_index=0,anneal_lr=True,batch_size=0,beta=3.6912,capture_video=False,clip_coef=0.2000,clip_vloss=True,cuda=True,description=the_name_of_this_experiment,ent_coef=0.0100,env_id=LunarLander-v2,exp_name=example_experiment,gae_lambda=0.9500,gamma=0.9900,learning_rate=0.0025,max_grad_norm=0.5000,minibatch_size=0,norm_adv=True,num_envs=4,num_iterations=0,num_minibatches=4,num_steps=128,seed=1,target_kl=None,torch_deterministic=True,total_timesteps=1000000,track=False,update_epochs=4,vf_coef=0.5000,wandb_entity=None,wandb_project_name=XPPO",example_experiment,the name of this experiment,1,True,True,False,XPPO,,False,LunarLander-v2,1000000,0.0025,4,128,True,0.99,0.95,4,4,True,0.2,True,0.01,0.5,0.5,,3.691175519312716,0,0,0,0
dcc4e2d9,[257.51807],1709892010,,True,2217,2024-03-08_11-00-10,0.014530181884765625,259.0602958202362,59217,poblenou-128-62.eduroamcp.upf.edu,127.0.0.1,259.0602958202362,2217,"71_trial_index=1,anneal_lr=True,batch_size=0,beta=3.6912,capture_video=False,clip_coef=0.2000,clip_vloss=True,cuda=True,description=the_name_of_this_experiment,ent_coef=0.0100,env_id=LunarLander-v2,exp_name=example_experiment,gae_lambda=0.9500,gamma=0.9900,learning_rate=0.0025,max_grad_norm=0.5000,minibatch_size=0,norm_adv=True,num_envs=4,num_iterations=0,num_minibatches=4,num_steps=128,seed=1,target_kl=None,torch_deterministic=True,total_timesteps=1000000,track=False,update_epochs=4,vf_coef=0.5000,wandb_entity=None,wandb_project_name=XPPO",example_experiment,the name of this experiment,1,True,True,False,XPPO,,False,LunarLander-v2,1000000,0.0025,4,128,True,0.99,0.95,4,4,True,0.2,True,0.01,0.5,0.5,,3.691175519312716,0,0,0,1
611341ee,[129.73955],1709892017,,True,1954,2024-03-08_11-00-17,0.1137230396270752,259.39795088768005,59236,poblenou-128-62.eduroamcp.upf.edu,127.0.0.1,259.39795088768005,1954,"72_trial_index=2,anneal_lr=True,batch_size=0,beta=3.6912,capture_video=False,clip_coef=0.2000,clip_vloss=True,cuda=True,description=the_name_of_this_experiment,ent_coef=0.0100,env_id=LunarLander-v2,exp_name=example_experiment,gae_lambda=0.9500,gamma=0.9900,learning_rate=0.0025,max_grad_norm=0.5000,minibatch_size=0,norm_adv=True,num_envs=4,num_iterations=0,num_minibatches=4,num_steps=128,seed=1,target_kl=None,torch_deterministic=True,total_timesteps=1000000,track=False,update_epochs=4,vf_coef=0.5000,wandb_entity=None,wandb_project_name=XPPO",example_experiment,the name of this experiment,1,True,True,False,XPPO,,False,LunarLander-v2,1000000,0.0025,4,128,True,0.99,0.95,4,4,True,0.2,True,0.01,0.5,0.5,,3.691175519312716,0,0,0,2
f6d55a39,[260.0893],1709892081,,True,2200,2024-03-08_11-01-21,0.03207683563232422,195.64892435073853,59198,poblenou-128-62.eduroamcp.upf.edu,127.0.0.1,195.64892435073853,2200,"73_trial_index=0,anneal_lr=True,batch_size=0,beta=4.9076,capture_video=False,clip_coef=0.2000,clip_vloss=True,cuda=True,description=the_name_of_this_experiment,ent_coef=0.0100,env_id=LunarLander-v2,exp_name=example_experiment,gae_lambda=0.9500,gamma=0.9900,learning_rate=0.0025,max_grad_norm=0.5000,minibatch_size=0,norm_adv=True,num_envs=4,num_iterations=0,num_minibatches=4,num_steps=128,seed=1,target_kl=None,torch_deterministic=True,total_timesteps=1000000,track=False,update_epochs=4,vf_coef=0.5000,wandb_entity=None,wandb_project_name=XPPO",example_experiment,the name of this experiment,1,True,True,False,XPPO,,False,LunarLander-v2,1000000,0.0025,4,128,True,0.99,0.95,4,4,True,0.2,True,0.01,0.5,0.5,,4.907596573038653,0,0,0,0
8593e6fd,[269.3953],1709892094,,True,2087,2024-03-08_11-01-34,0.04085493087768555,184.5031292438507,59209,poblenou-128-62.eduroamcp.upf.edu,127.0.0.1,184.5031292438507,2087,"74_trial_index=1,anneal_lr=True,batch_size=0,beta=4.9076,capture_video=False,clip_coef=0.2000,clip_vloss=True,cuda=True,description=the_name_of_this_experiment,ent_coef=0.0100,env_id=LunarLander-v2,exp_name=example_experiment,gae_lambda=0.9500,gamma=0.9900,learning_rate=0.0025,max_grad_norm=0.5000,minibatch_size=0,norm_adv=True,num_envs=4,num_iterations=0,num_minibatches=4,num_steps=128,seed=1,target_kl=None,torch_deterministic=True,total_timesteps=1000000,track=False,update_epochs=4,vf_coef=0.5000,wandb_entity=None,wandb_project_name=XPPO",example_experiment,the name of this experiment,1,True,True,False,XPPO,,False,LunarLander-v2,1000000,0.0025,4,128,True,0.99,0.95,4,4,True,0.2,True,0.01,0.5,0.5,,4.907596573038653,0,0,0,1
ab14dbb6,[239.59029],1709892107,,True,2282,2024-03-08_11-01-47,0.013811826705932617,161.82836890220642,59252,poblenou-128-62.eduroamcp.upf.edu,127.0.0.1,161.82836890220642,2282,"75_trial_index=2,anneal_lr=True,batch_size=0,beta=4.9076,capture_video=False,clip_coef=0.2000,clip_vloss=True,cuda=True,description=the_name_of_this_experiment,ent_coef=0.0100,env_id=LunarLander-v2,exp_name=example_experiment,gae_lambda=0.9500,gamma=0.9900,learning_rate=0.0025,max_grad_norm=0.5000,minibatch_size=0,norm_adv=True,num_envs=4,num_iterations=0,num_minibatches=4,num_steps=128,seed=1,target_kl=None,torch_deterministic=True,total_timesteps=1000000,track=False,update_epochs=4,vf_coef=0.5000,wandb_entity=None,wandb_project_name=XPPO",example_experiment,the name of this experiment,1,True,True,False,XPPO,,False,LunarLander-v2,1000000,0.0025,4,128,True,0.99,0.95,4,4,True,0.2,True,0.01,0.5,0.5,,4.907596573038653,0,0,0,2
