trial_id,reward,timestamp,checkpoint_dir_name,done,training_iteration,date,time_this_iter_s,time_total_s,pid,hostname,node_ip,time_since_restore,iterations_since_restore,experiment_tag,config/exp_name,config/seed,config/torch_deterministic,config/cuda,config/track,config/wandb_project_name,config/wandb_entity,config/capture_video,config/env_id,config/total_timesteps,config/num_envs,config/num_steps,config/anneal_lr,config/gamma,config/num_minibatches,config/policy_lr_start,config/q_lr_start,config/alpha,config/eta,config/beta,config/update_epochs,config/autotune,config/target_entropy_scale,config/saddle_point_optimization,config/use_kl_loss,config/sampler,config/parametrized_sampler,config/sampler_lr,config/q_histogram,config/batch_size,config/minibatch_size,config/num_iterations,config/__trial_index__
7c4f4ca0,[-467.0498],1712827506,,True,360,2024-04-11_11-25-06,0.006656169891357422,200.91878080368042,84464,Nicolass-Air.technicolor.net,127.0.0.1,200.91878080368042,360,"1_trial_index=0,alpha=0.5000,anneal_lr=True,autotune=False,batch_size=0,beta=0.1000,capture_video=False,cuda=True,env_id=LunarLander-v2,eta=None,exp_name=QREPS,gamma=0.9900,minibatch_size=0,num_envs=8,num_iterations=0,num_minibatches=4,num_steps=256,parametrized_sampler=True,policy_lr_start=0.0025,q_histogram=False,q_lr_start=0.0003,saddle_point_optimization=True,sampler=ref_ph_15c28de2,sampler_lr=0.0100,seed=0,target_entropy_scale=0.7000,torch_deterministic=True,total_timesteps=50000,track=False,update_epochs=100,use_kl_loss=True,wandb_entity=None,wandb_project_name=QREPS_cleanRL",QREPS,0,True,True,False,QREPS_cleanRL,,False,LunarLander-v2,50000,8,256,True,0.99,4,0.0025,0.00025,0.5,,0.1,100,False,0.7,True,True,<class '__main__.ExponentiatedGradientSampler'>,True,0.01,False,0,0,0,0
15ca5763,[-430.87225],1712827337,,True,360,2024-04-11_11-22-17,0.009454965591430664,28.138631105422974,84476,Nicolass-Air.technicolor.net,127.0.0.1,28.138631105422974,360,"2_trial_index=0,alpha=6.0000,anneal_lr=False,autotune=True,batch_size=0,beta=0.0020,capture_video=False,cuda=True,env_id=LunarLander-v2,eta=None,exp_name=QREPS,gamma=0.9900,minibatch_size=0,num_envs=4,num_iterations=0,num_minibatches=8,num_steps=128,parametrized_sampler=True,policy_lr_start=0.0010,q_histogram=False,q_lr_start=0.0010,saddle_point_optimization=True,sampler=ref_ph_15c28de2,sampler_lr=0.0010,seed=0,target_entropy_scale=0.5000,torch_deterministic=True,total_timesteps=50000,track=False,update_epochs=10,use_kl_loss=False,wandb_entity=None,wandb_project_name=QREPS_cleanRL",QREPS,0,True,True,False,QREPS_cleanRL,,False,LunarLander-v2,50000,4,128,False,0.99,8,0.001,0.001,6.0,,0.002,10,True,0.5,True,False,<class '__main__.ExponentiatedGradientSampler'>,True,0.001,False,0,0,0,0
7b610da3,-1000,1712827344,,True,173,2024-04-11_11-22-24,0.4101450443267822,30.79068660736084,84481,Nicolass-Air.technicolor.net,127.0.0.1,30.79068660736084,173,"3_trial_index=0,alpha=1.5000,anneal_lr=True,autotune=True,batch_size=0,beta=0.0000,capture_video=False,cuda=True,env_id=LunarLander-v2,eta=None,exp_name=QREPS,gamma=0.9900,minibatch_size=0,num_envs=4,num_iterations=0,num_minibatches=2,num_steps=500,parametrized_sampler=True,policy_lr_start=0.1000,q_histogram=False,q_lr_start=0.0010,saddle_point_optimization=True,sampler=ref_ph_15c28de2,sampler_lr=0.0100,seed=0,target_entropy_scale=0.3000,torch_deterministic=True,total_timesteps=50000,track=False,update_epochs=50,use_kl_loss=False,wandb_entity=None,wandb_project_name=QREPS_cleanRL",QREPS,0,True,True,False,QREPS_cleanRL,,False,LunarLander-v2,50000,4,500,True,0.99,2,0.1,0.001,1.5,,4e-05,50,True,0.3,True,False,<class '__main__.ExponentiatedGradientSampler'>,True,0.01,False,0,0,0,0
b7ccfe07,-1000,1712827334,,True,41,2024-04-11_11-22-14,7.495824813842773,16.23013424873352,84492,Nicolass-Air.technicolor.net,127.0.0.1,16.23013424873352,41,"4_trial_index=0,alpha=8.0000,anneal_lr=False,autotune=False,batch_size=0,beta=0.1000,capture_video=False,cuda=True,env_id=LunarLander-v2,eta=None,exp_name=QREPS,gamma=0.9900,minibatch_size=0,num_envs=8,num_iterations=0,num_minibatches=16,num_steps=256,parametrized_sampler=True,policy_lr_start=0.0003,q_histogram=False,q_lr_start=0.0025,saddle_point_optimization=True,sampler=ref_ph_15c28de2,sampler_lr=0.0001,seed=0,target_entropy_scale=0.8900,torch_deterministic=True,total_timesteps=50000,track=False,update_epochs=100,use_kl_loss=True,wandb_entity=None,wandb_project_name=QREPS_cleanRL",QREPS,0,True,True,False,QREPS_cleanRL,,False,LunarLander-v2,50000,8,256,False,0.99,16,0.00025,0.0025,8.0,,0.1,100,False,0.89,True,True,<class '__main__.ExponentiatedGradientSampler'>,True,0.0001,False,0,0,0,0
76f593b1,-1000,1712827333,,True,40,2024-04-11_11-22-13,7.144885063171387,8.278257131576538,84505,Nicolass-Air.technicolor.net,127.0.0.1,8.278257131576538,40,"5_trial_index=0,alpha=2.0000,anneal_lr=False,autotune=True,batch_size=0,beta=0.0002,capture_video=False,cuda=True,env_id=LunarLander-v2,eta=None,exp_name=QREPS,gamma=0.9900,minibatch_size=0,num_envs=8,num_iterations=0,num_minibatches=8,num_steps=500,parametrized_sampler=True,policy_lr_start=0.0025,q_histogram=False,q_lr_start=0.0003,saddle_point_optimization=True,sampler=ref_ph_15c28de2,sampler_lr=0.1000,seed=0,target_entropy_scale=0.5000,torch_deterministic=True,total_timesteps=50000,track=False,update_epochs=50,use_kl_loss=True,wandb_entity=None,wandb_project_name=QREPS_cleanRL",QREPS,0,True,True,False,QREPS_cleanRL,,False,LunarLander-v2,50000,8,500,False,0.99,8,0.0025,0.00025,2.0,,0.0002,50,True,0.5,True,True,<class '__main__.ExponentiatedGradientSampler'>,True,0.1,False,0,0,0,0
dbbe1e6c,-1000,1712827336,,True,9,2024-04-11_11-22-16,2.812994956970215,3.6392436027526855,84511,Nicolass-Air.technicolor.net,127.0.0.1,3.6392436027526855,9,"6_trial_index=0,alpha=6.0000,anneal_lr=True,autotune=False,batch_size=0,beta=0.0020,capture_video=False,cuda=True,env_id=LunarLander-v2,eta=None,exp_name=QREPS,gamma=0.9900,minibatch_size=0,num_envs=4,num_iterations=0,num_minibatches=2,num_steps=256,parametrized_sampler=True,policy_lr_start=0.1000,q_histogram=False,q_lr_start=0.1000,saddle_point_optimization=True,sampler=ref_ph_15c28de2,sampler_lr=0.0010,seed=0,target_entropy_scale=0.7000,torch_deterministic=True,total_timesteps=50000,track=False,update_epochs=300,use_kl_loss=False,wandb_entity=None,wandb_project_name=QREPS_cleanRL",QREPS,0,True,True,False,QREPS_cleanRL,,False,LunarLander-v2,50000,4,256,True,0.99,2,0.1,0.1,6.0,,0.002,300,False,0.7,True,False,<class '__main__.ExponentiatedGradientSampler'>,True,0.001,False,0,0,0,0
db380cc1,-1000,1712827346,,True,34,2024-04-11_11-22-26,0.020415067672729492,6.85886287689209,84522,Nicolass-Air.technicolor.net,127.0.0.1,6.85886287689209,34,"7_trial_index=0,alpha=1.5000,anneal_lr=False,autotune=False,batch_size=0,beta=0.0100,capture_video=False,cuda=True,env_id=LunarLander-v2,eta=None,exp_name=QREPS,gamma=0.9900,minibatch_size=0,num_envs=4,num_iterations=0,num_minibatches=8,num_steps=256,parametrized_sampler=True,policy_lr_start=0.0010,q_histogram=False,q_lr_start=0.0010,saddle_point_optimization=True,sampler=ref_ph_15c28de2,sampler_lr=0.0100,seed=0,target_entropy_scale=0.7000,torch_deterministic=True,total_timesteps=50000,track=False,update_epochs=100,use_kl_loss=False,wandb_entity=None,wandb_project_name=QREPS_cleanRL",QREPS,0,True,True,False,QREPS_cleanRL,,False,LunarLander-v2,50000,4,256,False,0.99,8,0.001,0.001,1.5,,0.01,100,False,0.7,True,False,<class '__main__.ExponentiatedGradientSampler'>,True,0.01,False,0,0,0,0
e86bbc0d,-1000,1712827382,,True,155,2024-04-11_11-23-02,0.051442861557006836,36.13152480125427,84532,Nicolass-Air.technicolor.net,127.0.0.1,36.13152480125427,155,"8_trial_index=0,alpha=4.0000,anneal_lr=True,autotune=True,batch_size=0,beta=0.0002,capture_video=False,cuda=True,env_id=LunarLander-v2,eta=None,exp_name=QREPS,gamma=0.9900,minibatch_size=0,num_envs=8,num_iterations=0,num_minibatches=4,num_steps=128,parametrized_sampler=True,policy_lr_start=0.0025,q_histogram=False,q_lr_start=0.0025,saddle_point_optimization=True,sampler=ref_ph_15c28de2,sampler_lr=0.0010,seed=0,target_entropy_scale=0.5000,torch_deterministic=True,total_timesteps=50000,track=False,update_epochs=50,use_kl_loss=True,wandb_entity=None,wandb_project_name=QREPS_cleanRL",QREPS,0,True,True,False,QREPS_cleanRL,,False,LunarLander-v2,50000,8,128,True,0.99,4,0.0025,0.0025,4.0,,0.0002,50,True,0.5,True,True,<class '__main__.ExponentiatedGradientSampler'>,True,0.001,False,0,0,0,0
eed387ea,[-240.54044],1712827454,,True,307,2024-04-11_11-24-14,0.04703116416931152,101.12665343284607,84537,Nicolass-Air.technicolor.net,127.0.0.1,101.12665343284607,307,"9_trial_index=0,alpha=2.0000,anneal_lr=False,autotune=False,batch_size=0,beta=0.0002,capture_video=False,cuda=True,env_id=LunarLander-v2,eta=None,exp_name=QREPS,gamma=0.9900,minibatch_size=0,num_envs=8,num_iterations=0,num_minibatches=4,num_steps=500,parametrized_sampler=True,policy_lr_start=0.0010,q_histogram=False,q_lr_start=0.0025,saddle_point_optimization=True,sampler=ref_ph_15c28de2,sampler_lr=0.0010,seed=0,target_entropy_scale=0.5000,torch_deterministic=True,total_timesteps=50000,track=False,update_epochs=50,use_kl_loss=True,wandb_entity=None,wandb_project_name=QREPS_cleanRL",QREPS,0,True,True,False,QREPS_cleanRL,,False,LunarLander-v2,50000,8,500,False,0.99,4,0.001,0.0025,2.0,,0.0002,50,False,0.5,True,True,<class '__main__.ExponentiatedGradientSampler'>,True,0.001,False,0,0,0,0
7558c898,-1000,1712827363,,True,9,2024-04-11_11-22-43,6.7949137687683105,7.447147369384766,84543,Nicolass-Air.technicolor.net,127.0.0.1,7.447147369384766,9,"10_trial_index=0,alpha=6.0000,anneal_lr=True,autotune=True,batch_size=0,beta=0.0020,capture_video=False,cuda=True,env_id=LunarLander-v2,eta=None,exp_name=QREPS,gamma=0.9900,minibatch_size=0,num_envs=4,num_iterations=0,num_minibatches=8,num_steps=256,parametrized_sampler=True,policy_lr_start=0.0025,q_histogram=False,q_lr_start=0.0010,saddle_point_optimization=True,sampler=ref_ph_15c28de2,sampler_lr=0.1000,seed=0,target_entropy_scale=0.7000,torch_deterministic=True,total_timesteps=50000,track=False,update_epochs=300,use_kl_loss=False,wandb_entity=None,wandb_project_name=QREPS_cleanRL",QREPS,0,True,True,False,QREPS_cleanRL,,False,LunarLander-v2,50000,4,256,True,0.99,8,0.0025,0.001,6.0,,0.002,300,True,0.7,True,False,<class '__main__.ExponentiatedGradientSampler'>,True,0.1,False,0,0,0,0
d1dbfbd2,-1000,1712827377,,True,38,2024-04-11_11-22-57,3.98715877532959,14.0303316116333,84548,Nicolass-Air.technicolor.net,127.0.0.1,14.0303316116333,38,"11_trial_index=0,alpha=1.5000,anneal_lr=False,autotune=True,batch_size=0,beta=0.0100,capture_video=False,cuda=True,env_id=LunarLander-v2,eta=None,exp_name=QREPS,gamma=0.9900,minibatch_size=0,num_envs=4,num_iterations=0,num_minibatches=4,num_steps=256,parametrized_sampler=True,policy_lr_start=0.0003,q_histogram=False,q_lr_start=0.0010,saddle_point_optimization=True,sampler=ref_ph_15c28de2,sampler_lr=0.0010,seed=0,target_entropy_scale=0.7000,torch_deterministic=True,total_timesteps=50000,track=False,update_epochs=100,use_kl_loss=False,wandb_entity=None,wandb_project_name=QREPS_cleanRL",QREPS,0,True,True,False,QREPS_cleanRL,,False,LunarLander-v2,50000,4,256,False,0.99,4,0.00025,0.001,1.5,,0.01,100,True,0.7,True,False,<class '__main__.ExponentiatedGradientSampler'>,True,0.001,False,0,0,0,0
5ef95321,[-655.03656],1712827483,,True,247,2024-04-11_11-24-43,2.0207407474517822,111.45680737495422,84559,Nicolass-Air.technicolor.net,127.0.0.1,111.45680737495422,247,"12_trial_index=0,alpha=4.0000,anneal_lr=True,autotune=False,batch_size=0,beta=0.0002,capture_video=False,cuda=True,env_id=LunarLander-v2,eta=None,exp_name=QREPS,gamma=0.9900,minibatch_size=0,num_envs=8,num_iterations=0,num_minibatches=8,num_steps=128,parametrized_sampler=True,policy_lr_start=0.0010,q_histogram=False,q_lr_start=0.0025,saddle_point_optimization=True,sampler=ref_ph_15c28de2,sampler_lr=0.0100,seed=0,target_entropy_scale=0.5000,torch_deterministic=True,total_timesteps=50000,track=False,update_epochs=50,use_kl_loss=True,wandb_entity=None,wandb_project_name=QREPS_cleanRL",QREPS,0,True,True,False,QREPS_cleanRL,,False,LunarLander-v2,50000,8,128,True,0.99,8,0.001,0.0025,4.0,,0.0002,50,False,0.5,True,True,<class '__main__.ExponentiatedGradientSampler'>,True,0.01,False,0,0,0,0
ac86ffd9,-1000,1712827383,,True,18,2024-04-11_11-23-03,5.321326732635498,6.10181188583374,84566,Nicolass-Air.technicolor.net,127.0.0.1,6.10181188583374,18,"13_trial_index=0,alpha=0.5000,anneal_lr=True,autotune=True,batch_size=0,beta=0.1000,capture_video=False,cuda=True,env_id=LunarLander-v2,eta=None,exp_name=QREPS,gamma=0.9900,minibatch_size=0,num_envs=8,num_iterations=0,num_minibatches=8,num_steps=256,parametrized_sampler=True,policy_lr_start=0.1000,q_histogram=False,q_lr_start=0.0025,saddle_point_optimization=True,sampler=ref_ph_15c28de2,sampler_lr=0.0010,seed=0,target_entropy_scale=0.8900,torch_deterministic=True,total_timesteps=50000,track=False,update_epochs=100,use_kl_loss=True,wandb_entity=None,wandb_project_name=QREPS_cleanRL",QREPS,0,True,True,False,QREPS_cleanRL,,False,LunarLander-v2,50000,8,256,True,0.99,8,0.1,0.0025,0.5,,0.1,100,True,0.89,True,True,<class '__main__.ExponentiatedGradientSampler'>,True,0.001,False,0,0,0,0
1fec260c,[-118.59243],1712827419,,True,186,2024-04-11_11-23-39,0.008610010147094727,32.865318298339844,84573,Nicolass-Air.technicolor.net,127.0.0.1,32.865318298339844,186,"14_trial_index=0,alpha=4.0000,anneal_lr=False,autotune=False,batch_size=0,beta=0.0020,capture_video=False,cuda=True,env_id=LunarLander-v2,eta=None,exp_name=QREPS,gamma=0.9900,minibatch_size=0,num_envs=4,num_iterations=0,num_minibatches=4,num_steps=128,parametrized_sampler=True,policy_lr_start=0.0003,q_histogram=False,q_lr_start=0.0010,saddle_point_optimization=True,sampler=ref_ph_15c28de2,sampler_lr=0.0100,seed=0,target_entropy_scale=0.3000,torch_deterministic=True,total_timesteps=50000,track=False,update_epochs=10,use_kl_loss=False,wandb_entity=None,wandb_project_name=QREPS_cleanRL",QREPS,0,True,True,False,QREPS_cleanRL,,False,LunarLander-v2,50000,4,128,False,0.99,4,0.00025,0.001,4.0,,0.002,10,False,0.3,True,False,<class '__main__.ExponentiatedGradientSampler'>,True,0.01,False,0,0,0,0
3f69b4d7,-1000,1712827400,,True,44,2024-04-11_11-23-20,3.0338940620422363,8.621524810791016,84579,Nicolass-Air.technicolor.net,127.0.0.1,8.621524810791016,44,"15_trial_index=0,alpha=2.0000,anneal_lr=True,autotune=False,batch_size=0,beta=0.0000,capture_video=False,cuda=True,env_id=LunarLander-v2,eta=None,exp_name=QREPS,gamma=0.9900,minibatch_size=0,num_envs=4,num_iterations=0,num_minibatches=16,num_steps=500,parametrized_sampler=True,policy_lr_start=0.0025,q_histogram=False,q_lr_start=0.1000,saddle_point_optimization=True,sampler=ref_ph_15c28de2,sampler_lr=0.0001,seed=0,target_entropy_scale=0.5000,torch_deterministic=True,total_timesteps=50000,track=False,update_epochs=50,use_kl_loss=False,wandb_entity=None,wandb_project_name=QREPS_cleanRL",QREPS,0,True,True,False,QREPS_cleanRL,,False,LunarLander-v2,50000,4,500,True,0.99,16,0.0025,0.1,2.0,,4e-05,50,False,0.5,True,False,<class '__main__.ExponentiatedGradientSampler'>,True,0.0001,False,0,0,0,0
367433a4,[-606.442],1712827604,,True,307,2024-04-11_11-26-44,0.03634309768676758,203.08881664276123,84601,Nicolass-Air.technicolor.net,127.0.0.1,203.08881664276123,307,"16_trial_index=0,alpha=6.0000,anneal_lr=False,autotune=True,batch_size=0,beta=0.1000,capture_video=False,cuda=True,env_id=LunarLander-v2,eta=None,exp_name=QREPS,gamma=0.9900,minibatch_size=0,num_envs=8,num_iterations=0,num_minibatches=2,num_steps=256,parametrized_sampler=True,policy_lr_start=0.0010,q_histogram=False,q_lr_start=0.0003,saddle_point_optimization=True,sampler=ref_ph_15c28de2,sampler_lr=0.0100,seed=0,target_entropy_scale=0.7000,torch_deterministic=True,total_timesteps=50000,track=False,update_epochs=100,use_kl_loss=True,wandb_entity=None,wandb_project_name=QREPS_cleanRL",QREPS,0,True,True,False,QREPS_cleanRL,,False,LunarLander-v2,50000,8,256,False,0.99,2,0.001,0.00025,6.0,,0.1,100,True,0.7,True,True,<class '__main__.ExponentiatedGradientSampler'>,True,0.01,False,0,0,0,0
865149bf,[-80.80959],1712827782,,True,480,2024-04-11_11-29-42,0.004777193069458008,371.9608197212219,84611,Nicolass-Air.technicolor.net,127.0.0.1,371.9608197212219,480,"17_trial_index=0,alpha=6.0000,anneal_lr=True,autotune=False,batch_size=0,beta=0.0000,capture_video=False,cuda=True,env_id=LunarLander-v2,eta=None,exp_name=QREPS,gamma=0.9900,minibatch_size=0,num_envs=8,num_iterations=0,num_minibatches=8,num_steps=500,parametrized_sampler=True,policy_lr_start=0.0003,q_histogram=False,q_lr_start=0.0010,saddle_point_optimization=True,sampler=ref_ph_15c28de2,sampler_lr=0.0010,seed=0,target_entropy_scale=0.7000,torch_deterministic=True,total_timesteps=50000,track=False,update_epochs=300,use_kl_loss=True,wandb_entity=None,wandb_project_name=QREPS_cleanRL",QREPS,0,True,True,False,QREPS_cleanRL,,False,LunarLander-v2,50000,8,500,True,0.99,8,0.00025,0.001,6.0,,4e-05,300,False,0.7,True,True,<class '__main__.ExponentiatedGradientSampler'>,True,0.001,False,0,0,0,0
4dbc5d8d,-1000,1712827423,,True,25,2024-04-11_11-23-43,2.281151056289673,6.442283630371094,84618,Nicolass-Air.technicolor.net,127.0.0.1,6.442283630371094,25,"18_trial_index=0,alpha=0.5000,anneal_lr=False,autotune=True,batch_size=0,beta=0.1000,capture_video=False,cuda=True,env_id=LunarLander-v2,eta=None,exp_name=QREPS,gamma=0.9900,minibatch_size=0,num_envs=4,num_iterations=0,num_minibatches=4,num_steps=256,parametrized_sampler=True,policy_lr_start=0.1000,q_histogram=False,q_lr_start=0.0025,saddle_point_optimization=True,sampler=ref_ph_15c28de2,sampler_lr=0.0100,seed=0,target_entropy_scale=0.5000,torch_deterministic=True,total_timesteps=50000,track=False,update_epochs=50,use_kl_loss=False,wandb_entity=None,wandb_project_name=QREPS_cleanRL",QREPS,0,True,True,False,QREPS_cleanRL,,False,LunarLander-v2,50000,4,256,False,0.99,4,0.1,0.0025,0.5,,0.1,50,True,0.5,True,False,<class '__main__.ExponentiatedGradientSampler'>,True,0.01,False,0,0,0,0
0a6b5983,[-200.90408],1712827466,,True,523,2024-04-11_11-24-26,0.012490034103393555,34.29221153259277,84626,Nicolass-Air.technicolor.net,127.0.0.1,34.29221153259277,523,"19_trial_index=0,alpha=8.0000,anneal_lr=True,autotune=True,batch_size=0,beta=0.1000,capture_video=False,cuda=True,env_id=LunarLander-v2,eta=None,exp_name=QREPS,gamma=0.9900,minibatch_size=0,num_envs=4,num_iterations=0,num_minibatches=8,num_steps=256,parametrized_sampler=True,policy_lr_start=0.0010,q_histogram=False,q_lr_start=0.0003,saddle_point_optimization=True,sampler=ref_ph_15c28de2,sampler_lr=0.0001,seed=0,target_entropy_scale=0.3000,torch_deterministic=True,total_timesteps=50000,track=False,update_epochs=10,use_kl_loss=False,wandb_entity=None,wandb_project_name=QREPS_cleanRL",QREPS,0,True,True,False,QREPS_cleanRL,,False,LunarLander-v2,50000,4,256,True,0.99,8,0.001,0.00025,8.0,,0.1,10,True,0.3,True,False,<class '__main__.ExponentiatedGradientSampler'>,True,0.0001,False,0,0,0,0
cb2328a1,-1000,1712827817,,True,8,2024-04-11_11-30-17,0.4727487564086914,0.9917445182800293,84818,Nicolass-Air.technicolor.net,127.0.0.1,0.9917445182800293,8,"20_trial_index=0,alpha=2.0000,anneal_lr=False,autotune=False,batch_size=0,beta=0.0020,capture_video=False,cuda=True,env_id=LunarLander-v2,eta=None,exp_name=QREPS,gamma=0.9900,minibatch_size=0,num_envs=8,num_iterations=0,num_minibatches=2,num_steps=128,parametrized_sampler=True,policy_lr_start=0.0025,q_histogram=False,q_lr_start=0.1000,saddle_point_optimization=True,sampler=ref_ph_15c28de2,sampler_lr=0.1000,seed=0,target_entropy_scale=0.8900,torch_deterministic=True,total_timesteps=50000,track=False,update_epochs=100,use_kl_loss=True,wandb_entity=None,wandb_project_name=QREPS_cleanRL",QREPS,0,True,True,False,QREPS_cleanRL,,False,LunarLander-v2,50000,8,128,False,0.99,2,0.0025,0.1,2.0,,0.002,100,False,0.89,True,True,<class '__main__.ExponentiatedGradientSampler'>,True,0.1,False,0,0,0,0
98169977,[-128.33438],1712827844,,True,528,2024-04-11_11-30-44,0.010750055313110352,17.729640007019043,84823,Nicolass-Air.technicolor.net,127.0.0.1,17.729640007019043,528,"21_trial_index=0,alpha=6.0000,anneal_lr=False,autotune=True,batch_size=0,beta=0.0100,capture_video=False,cuda=True,env_id=LunarLander-v2,eta=None,exp_name=QREPS,gamma=0.9900,minibatch_size=0,num_envs=8,num_iterations=0,num_minibatches=2,num_steps=256,parametrized_sampler=True,policy_lr_start=0.0025,q_histogram=False,q_lr_start=0.0010,saddle_point_optimization=True,sampler=ref_ph_15c28de2,sampler_lr=0.0001,seed=0,target_entropy_scale=0.5000,torch_deterministic=True,total_timesteps=50000,track=False,update_epochs=10,use_kl_loss=True,wandb_entity=None,wandb_project_name=QREPS_cleanRL",QREPS,0,True,True,False,QREPS_cleanRL,,False,LunarLander-v2,50000,8,256,False,0.99,2,0.0025,0.001,6.0,,0.01,10,True,0.5,True,True,<class '__main__.ExponentiatedGradientSampler'>,True,0.0001,False,0,0,0,0
14a070cf,-1000,1712827829,,True,12,2024-04-11_11-30-29,0.018018245697021484,3.262329339981079,84828,Nicolass-Air.technicolor.net,127.0.0.1,3.262329339981079,12,"22_trial_index=0,alpha=2.0000,anneal_lr=True,autotune=False,batch_size=0,beta=0.0002,capture_video=False,cuda=True,env_id=LunarLander-v2,eta=None,exp_name=QREPS,gamma=0.9900,minibatch_size=0,num_envs=4,num_iterations=0,num_minibatches=16,num_steps=128,parametrized_sampler=True,policy_lr_start=0.0010,q_histogram=False,q_lr_start=0.0025,saddle_point_optimization=True,sampler=ref_ph_15c28de2,sampler_lr=0.0100,seed=0,target_entropy_scale=0.8900,torch_deterministic=True,total_timesteps=50000,track=False,update_epochs=100,use_kl_loss=False,wandb_entity=None,wandb_project_name=QREPS_cleanRL",QREPS,0,True,True,False,QREPS_cleanRL,,False,LunarLander-v2,50000,4,128,True,0.99,16,0.001,0.0025,2.0,,0.0002,100,False,0.89,True,False,<class '__main__.ExponentiatedGradientSampler'>,True,0.01,False,0,0,0,0
84afd321,-1000,1712827849,,True,43,2024-04-11_11-30-49,3.7907662391662598,17.60705304145813,84833,Nicolass-Air.technicolor.net,127.0.0.1,17.60705304145813,43,"23_trial_index=0,alpha=4.0000,anneal_lr=False,autotune=False,batch_size=0,beta=0.0002,capture_video=False,cuda=True,env_id=LunarLander-v2,eta=None,exp_name=QREPS,gamma=0.9900,minibatch_size=0,num_envs=4,num_iterations=0,num_minibatches=4,num_steps=500,parametrized_sampler=True,policy_lr_start=0.1000,q_histogram=False,q_lr_start=0.0025,saddle_point_optimization=True,sampler=ref_ph_15c28de2,sampler_lr=0.0010,seed=0,target_entropy_scale=0.7000,torch_deterministic=True,total_timesteps=50000,track=False,update_epochs=300,use_kl_loss=False,wandb_entity=None,wandb_project_name=QREPS_cleanRL",QREPS,0,True,True,False,QREPS_cleanRL,,False,LunarLander-v2,50000,4,500,False,0.99,4,0.1,0.0025,4.0,,0.0002,300,False,0.7,True,False,<class '__main__.ExponentiatedGradientSampler'>,True,0.001,False,0,0,0,0
bba53535,-1000,1712827840,,True,18,2024-04-11_11-30-40,1.0904600620269775,1.6724464893341064,84838,Nicolass-Air.technicolor.net,127.0.0.1,1.6724464893341064,18,"24_trial_index=0,alpha=1.5000,anneal_lr=True,autotune=True,batch_size=0,beta=0.0020,capture_video=False,cuda=True,env_id=LunarLander-v2,eta=None,exp_name=QREPS,gamma=0.9900,minibatch_size=0,num_envs=8,num_iterations=0,num_minibatches=8,num_steps=256,parametrized_sampler=True,policy_lr_start=0.0025,q_histogram=False,q_lr_start=0.1000,saddle_point_optimization=True,sampler=ref_ph_15c28de2,sampler_lr=0.0100,seed=0,target_entropy_scale=0.5000,torch_deterministic=True,total_timesteps=50000,track=False,update_epochs=50,use_kl_loss=True,wandb_entity=None,wandb_project_name=QREPS_cleanRL",QREPS,0,True,True,False,QREPS_cleanRL,,False,LunarLander-v2,50000,8,256,True,0.99,8,0.0025,0.1,1.5,,0.002,50,True,0.5,True,True,<class '__main__.ExponentiatedGradientSampler'>,True,0.01,False,0,0,0,0
d29f394c,-1000,1712827846,,True,5,2024-04-11_11-30-46,1.062222957611084,1.5140349864959717,84845,Nicolass-Air.technicolor.net,127.0.0.1,1.5140349864959717,5,"25_trial_index=0,alpha=6.0000,anneal_lr=True,autotune=False,batch_size=0,beta=0.0002,capture_video=False,cuda=True,env_id=LunarLander-v2,eta=None,exp_name=QREPS,gamma=0.9900,minibatch_size=0,num_envs=4,num_iterations=0,num_minibatches=16,num_steps=128,parametrized_sampler=True,policy_lr_start=0.0010,q_histogram=False,q_lr_start=0.1000,saddle_point_optimization=True,sampler=ref_ph_15c28de2,sampler_lr=0.0001,seed=0,target_entropy_scale=0.7000,torch_deterministic=True,total_timesteps=50000,track=False,update_epochs=100,use_kl_loss=False,wandb_entity=None,wandb_project_name=QREPS_cleanRL",QREPS,0,True,True,False,QREPS_cleanRL,,False,LunarLander-v2,50000,4,128,True,0.99,16,0.001,0.1,6.0,,0.0002,100,False,0.7,True,False,<class '__main__.ExponentiatedGradientSampler'>,True,0.0001,False,0,0,0,0
220910ae,[-551.01843],1712827955,,True,735,2024-04-11_11-32-35,0.010359048843383789,97.68726587295532,84854,Nicolass-Air.technicolor.net,127.0.0.1,97.68726587295532,735,"26_trial_index=0,alpha=6.0000,anneal_lr=False,autotune=True,batch_size=0,beta=0.1000,capture_video=False,cuda=True,env_id=LunarLander-v2,eta=None,exp_name=QREPS,gamma=0.9900,minibatch_size=0,num_envs=4,num_iterations=0,num_minibatches=4,num_steps=500,parametrized_sampler=True,policy_lr_start=0.1000,q_histogram=False,q_lr_start=0.0003,saddle_point_optimization=True,sampler=ref_ph_15c28de2,sampler_lr=0.0010,seed=0,target_entropy_scale=0.7000,torch_deterministic=True,total_timesteps=50000,track=False,update_epochs=50,use_kl_loss=True,wandb_entity=None,wandb_project_name=QREPS_cleanRL",QREPS,0,True,True,False,QREPS_cleanRL,,False,LunarLander-v2,50000,4,500,False,0.99,4,0.1,0.00025,6.0,,0.1,50,True,0.7,True,True,<class '__main__.ExponentiatedGradientSampler'>,True,0.001,False,0,0,0,0
f826b3dc,-1000,1712827911,,True,149,2024-04-11_11-31-51,8.874336957931519,55.76695394515991,84859,Nicolass-Air.technicolor.net,127.0.0.1,55.76695394515991,149,"27_trial_index=0,alpha=0.5000,anneal_lr=False,autotune=True,batch_size=0,beta=0.1000,capture_video=False,cuda=True,env_id=LunarLander-v2,eta=None,exp_name=QREPS,gamma=0.9900,minibatch_size=0,num_envs=4,num_iterations=0,num_minibatches=4,num_steps=500,parametrized_sampler=True,policy_lr_start=0.1000,q_histogram=False,q_lr_start=0.0003,saddle_point_optimization=True,sampler=ref_ph_15c28de2,sampler_lr=0.0100,seed=0,target_entropy_scale=0.7000,torch_deterministic=True,total_timesteps=50000,track=False,update_epochs=100,use_kl_loss=True,wandb_entity=None,wandb_project_name=QREPS_cleanRL",QREPS,0,True,True,False,QREPS_cleanRL,,False,LunarLander-v2,50000,4,500,False,0.99,4,0.1,0.00025,0.5,,0.1,100,True,0.7,True,True,<class '__main__.ExponentiatedGradientSampler'>,True,0.01,False,0,0,0,0
475e9db4,-1000,1712827865,,True,18,2024-04-11_11-31-05,4.749412298202515,5.355987548828125,84866,Nicolass-Air.technicolor.net,127.0.0.1,5.355987548828125,18,"28_trial_index=0,alpha=2.0000,anneal_lr=False,autotune=True,batch_size=0,beta=0.0002,capture_video=False,cuda=True,env_id=LunarLander-v2,eta=None,exp_name=QREPS,gamma=0.9900,minibatch_size=0,num_envs=8,num_iterations=0,num_minibatches=4,num_steps=256,parametrized_sampler=True,policy_lr_start=0.1000,q_histogram=False,q_lr_start=0.0025,saddle_point_optimization=True,sampler=ref_ph_15c28de2,sampler_lr=0.0010,seed=0,target_entropy_scale=0.8900,torch_deterministic=True,total_timesteps=50000,track=False,update_epochs=100,use_kl_loss=True,wandb_entity=None,wandb_project_name=QREPS_cleanRL",QREPS,0,True,True,False,QREPS_cleanRL,,False,LunarLander-v2,50000,8,256,False,0.99,4,0.1,0.0025,2.0,,0.0002,100,True,0.89,True,True,<class '__main__.ExponentiatedGradientSampler'>,True,0.001,False,0,0,0,0
d0433b57,-1000,1712827945,,True,78,2024-04-11_11-32-25,7.305499792098999,78.9946813583374,84871,Nicolass-Air.technicolor.net,127.0.0.1,78.9946813583374,78,"29_trial_index=0,alpha=8.0000,anneal_lr=True,autotune=True,batch_size=0,beta=0.0000,capture_video=False,cuda=True,env_id=LunarLander-v2,eta=None,exp_name=QREPS,gamma=0.9900,minibatch_size=0,num_envs=8,num_iterations=0,num_minibatches=16,num_steps=128,parametrized_sampler=True,policy_lr_start=0.0010,q_histogram=False,q_lr_start=0.0010,saddle_point_optimization=True,sampler=ref_ph_15c28de2,sampler_lr=0.0001,seed=0,target_entropy_scale=0.8900,torch_deterministic=True,total_timesteps=50000,track=False,update_epochs=300,use_kl_loss=True,wandb_entity=None,wandb_project_name=QREPS_cleanRL",QREPS,0,True,True,False,QREPS_cleanRL,,False,LunarLander-v2,50000,8,128,True,0.99,16,0.001,0.001,8.0,,4e-05,300,True,0.89,True,True,<class '__main__.ExponentiatedGradientSampler'>,True,0.0001,False,0,0,0,0
09465c9e,-1000,1712827875,,True,8,2024-04-11_11-31-15,2.812427043914795,3.421271800994873,84878,Nicolass-Air.technicolor.net,127.0.0.1,3.421271800994873,8,"30_trial_index=0,alpha=8.0000,anneal_lr=False,autotune=True,batch_size=0,beta=0.0020,capture_video=False,cuda=True,env_id=LunarLander-v2,eta=None,exp_name=QREPS,gamma=0.9900,minibatch_size=0,num_envs=8,num_iterations=0,num_minibatches=8,num_steps=128,parametrized_sampler=True,policy_lr_start=0.0003,q_histogram=False,q_lr_start=0.0010,saddle_point_optimization=True,sampler=ref_ph_15c28de2,sampler_lr=0.1000,seed=0,target_entropy_scale=0.8900,torch_deterministic=True,total_timesteps=50000,track=False,update_epochs=300,use_kl_loss=True,wandb_entity=None,wandb_project_name=QREPS_cleanRL",QREPS,0,True,True,False,QREPS_cleanRL,,False,LunarLander-v2,50000,8,128,False,0.99,8,0.00025,0.001,8.0,,0.002,300,True,0.89,True,True,<class '__main__.ExponentiatedGradientSampler'>,True,0.1,False,0,0,0,0
d060d401,[-105.11851],1712828007,,True,547,2024-04-11_11-33-27,0.007456064224243164,122.45888948440552,84886,Nicolass-Air.technicolor.net,127.0.0.1,122.45888948440552,547,"31_trial_index=0,alpha=8.0000,anneal_lr=True,autotune=True,batch_size=0,beta=0.1000,capture_video=False,cuda=True,env_id=LunarLander-v2,eta=None,exp_name=QREPS,gamma=0.9900,minibatch_size=0,num_envs=4,num_iterations=0,num_minibatches=4,num_steps=500,parametrized_sampler=True,policy_lr_start=0.0010,q_histogram=False,q_lr_start=0.0010,saddle_point_optimization=True,sampler=ref_ph_15c28de2,sampler_lr=0.0001,seed=0,target_entropy_scale=0.8900,torch_deterministic=True,total_timesteps=50000,track=False,update_epochs=50,use_kl_loss=True,wandb_entity=None,wandb_project_name=QREPS_cleanRL",QREPS,0,True,True,False,QREPS_cleanRL,,False,LunarLander-v2,50000,4,500,True,0.99,4,0.001,0.001,8.0,,0.1,50,True,0.89,True,True,<class '__main__.ExponentiatedGradientSampler'>,True,0.0001,False,0,0,0,0
80a366ce,-1000,1712827909,,True,42,2024-04-11_11-31-49,9.261788129806519,21.274123191833496,84893,Nicolass-Air.technicolor.net,127.0.0.1,21.274123191833496,42,"32_trial_index=0,alpha=6.0000,anneal_lr=True,autotune=True,batch_size=0,beta=0.0002,capture_video=False,cuda=True,env_id=LunarLander-v2,eta=None,exp_name=QREPS,gamma=0.9900,minibatch_size=0,num_envs=4,num_iterations=0,num_minibatches=16,num_steps=500,parametrized_sampler=True,policy_lr_start=0.0003,q_histogram=False,q_lr_start=0.0025,saddle_point_optimization=True,sampler=ref_ph_15c28de2,sampler_lr=0.0001,seed=0,target_entropy_scale=0.3000,torch_deterministic=True,total_timesteps=50000,track=False,update_epochs=100,use_kl_loss=True,wandb_entity=None,wandb_project_name=QREPS_cleanRL",QREPS,0,True,True,False,QREPS_cleanRL,,False,LunarLander-v2,50000,4,500,True,0.99,16,0.00025,0.0025,6.0,,0.0002,100,True,0.3,True,True,<class '__main__.ExponentiatedGradientSampler'>,True,0.0001,False,0,0,0,0
4b42b063,-1000,1712827902,,True,19,2024-04-11_11-31-42,1.4177589416503906,5.31292986869812,84904,Nicolass-Air.technicolor.net,127.0.0.1,5.31292986869812,19,"33_trial_index=0,alpha=6.0000,anneal_lr=True,autotune=False,batch_size=0,beta=0.0020,capture_video=False,cuda=True,env_id=LunarLander-v2,eta=None,exp_name=QREPS,gamma=0.9900,minibatch_size=0,num_envs=4,num_iterations=0,num_minibatches=16,num_steps=256,parametrized_sampler=True,policy_lr_start=0.0003,q_histogram=False,q_lr_start=0.0003,saddle_point_optimization=True,sampler=ref_ph_15c28de2,sampler_lr=0.1000,seed=0,target_entropy_scale=0.7000,torch_deterministic=True,total_timesteps=50000,track=False,update_epochs=50,use_kl_loss=False,wandb_entity=None,wandb_project_name=QREPS_cleanRL",QREPS,0,True,True,False,QREPS_cleanRL,,False,LunarLander-v2,50000,4,256,True,0.99,16,0.00025,0.00025,6.0,,0.002,50,False,0.7,True,False,<class '__main__.ExponentiatedGradientSampler'>,True,0.1,False,0,0,0,0
41d3ac7f,-1000,1712827908,,True,8,2024-04-11_11-31-48,1.2400760650634766,1.9960966110229492,84912,Nicolass-Air.technicolor.net,127.0.0.1,1.9960966110229492,8,"34_trial_index=0,alpha=6.0000,anneal_lr=True,autotune=True,batch_size=0,beta=0.0100,capture_video=False,cuda=True,env_id=LunarLander-v2,eta=None,exp_name=QREPS,gamma=0.9900,minibatch_size=0,num_envs=8,num_iterations=0,num_minibatches=4,num_steps=128,parametrized_sampler=True,policy_lr_start=0.0003,q_histogram=False,q_lr_start=0.1000,saddle_point_optimization=True,sampler=ref_ph_15c28de2,sampler_lr=0.0010,seed=0,target_entropy_scale=0.7000,torch_deterministic=True,total_timesteps=50000,track=False,update_epochs=100,use_kl_loss=True,wandb_entity=None,wandb_project_name=QREPS_cleanRL",QREPS,0,True,True,False,QREPS_cleanRL,,False,LunarLander-v2,50000,8,128,True,0.99,4,0.00025,0.1,6.0,,0.01,100,True,0.7,True,True,<class '__main__.ExponentiatedGradientSampler'>,True,0.001,False,0,0,0,0
d65e288d,[-201.85654],1712827948,,True,656,2024-04-11_11-32-28,0.0059337615966796875,26.55846667289734,84919,Nicolass-Air.technicolor.net,127.0.0.1,26.55846667289734,656,"35_trial_index=0,alpha=1.5000,anneal_lr=False,autotune=True,batch_size=0,beta=0.0000,capture_video=False,cuda=True,env_id=LunarLander-v2,eta=None,exp_name=QREPS,gamma=0.9900,minibatch_size=0,num_envs=8,num_iterations=0,num_minibatches=8,num_steps=500,parametrized_sampler=True,policy_lr_start=0.1000,q_histogram=False,q_lr_start=0.0025,saddle_point_optimization=True,sampler=ref_ph_15c28de2,sampler_lr=0.0010,seed=0,target_entropy_scale=0.7000,torch_deterministic=True,total_timesteps=50000,track=False,update_epochs=10,use_kl_loss=True,wandb_entity=None,wandb_project_name=QREPS_cleanRL",QREPS,0,True,True,False,QREPS_cleanRL,,False,LunarLander-v2,50000,8,500,False,0.99,8,0.1,0.0025,1.5,,4e-05,10,True,0.7,True,True,<class '__main__.ExponentiatedGradientSampler'>,True,0.001,False,0,0,0,0
0f872337,-1000,1712827924,,True,8,2024-04-11_11-32-04,1.5456688404083252,2.298672914505005,84933,Nicolass-Air.technicolor.net,127.0.0.1,2.298672914505005,8,"36_trial_index=0,alpha=6.0000,anneal_lr=False,autotune=True,batch_size=0,beta=0.0002,capture_video=False,cuda=True,env_id=LunarLander-v2,eta=None,exp_name=QREPS,gamma=0.9900,minibatch_size=0,num_envs=8,num_iterations=0,num_minibatches=2,num_steps=128,parametrized_sampler=True,policy_lr_start=0.0003,q_histogram=False,q_lr_start=0.1000,saddle_point_optimization=True,sampler=ref_ph_15c28de2,sampler_lr=0.1000,seed=0,target_entropy_scale=0.5000,torch_deterministic=True,total_timesteps=50000,track=False,update_epochs=300,use_kl_loss=True,wandb_entity=None,wandb_project_name=QREPS_cleanRL",QREPS,0,True,True,False,QREPS_cleanRL,,False,LunarLander-v2,50000,8,128,False,0.99,2,0.00025,0.1,6.0,,0.0002,300,True,0.5,True,True,<class '__main__.ExponentiatedGradientSampler'>,True,0.1,False,0,0,0,0
c97557c2,[-293.36835],1712827966,,True,416,2024-04-11_11-32-46,0.0069370269775390625,30.09582281112671,84939,Nicolass-Air.technicolor.net,127.0.0.1,30.09582281112671,416,"37_trial_index=0,alpha=0.5000,anneal_lr=False,autotune=False,batch_size=0,beta=0.1000,capture_video=False,cuda=True,env_id=LunarLander-v2,eta=None,exp_name=QREPS,gamma=0.9900,minibatch_size=0,num_envs=8,num_iterations=0,num_minibatches=16,num_steps=256,parametrized_sampler=True,policy_lr_start=0.0010,q_histogram=False,q_lr_start=0.0025,saddle_point_optimization=True,sampler=ref_ph_15c28de2,sampler_lr=0.0010,seed=0,target_entropy_scale=0.7000,torch_deterministic=True,total_timesteps=50000,track=False,update_epochs=10,use_kl_loss=True,wandb_entity=None,wandb_project_name=QREPS_cleanRL",QREPS,0,True,True,False,QREPS_cleanRL,,False,LunarLander-v2,50000,8,256,False,0.99,16,0.001,0.0025,0.5,,0.1,10,False,0.7,True,True,<class '__main__.ExponentiatedGradientSampler'>,True,0.001,False,0,0,0,0
2707e165,[-126.46988],1712828157,,True,305,2024-04-11_11-35-57,0.006817817687988281,214.74003791809082,84950,Nicolass-Air.technicolor.net,127.0.0.1,214.74003791809082,305,"38_trial_index=0,alpha=8.0000,anneal_lr=False,autotune=True,batch_size=0,beta=0.0020,capture_video=False,cuda=True,env_id=LunarLander-v2,eta=None,exp_name=QREPS,gamma=0.9900,minibatch_size=0,num_envs=4,num_iterations=0,num_minibatches=16,num_steps=256,parametrized_sampler=True,policy_lr_start=0.0025,q_histogram=False,q_lr_start=0.0003,saddle_point_optimization=True,sampler=ref_ph_15c28de2,sampler_lr=0.0001,seed=0,target_entropy_scale=0.5000,torch_deterministic=True,total_timesteps=50000,track=False,update_epochs=100,use_kl_loss=False,wandb_entity=None,wandb_project_name=QREPS_cleanRL",QREPS,0,True,True,False,QREPS_cleanRL,,False,LunarLander-v2,50000,4,256,False,0.99,16,0.0025,0.00025,8.0,,0.002,100,True,0.5,True,False,<class '__main__.ExponentiatedGradientSampler'>,True,0.0001,False,0,0,0,0
68e766d0,[-172.25867],1712828411,,True,344,2024-04-11_11-40-11,0.012986898422241211,460.711462020874,84973,Nicolass-Air.technicolor.net,127.0.0.1,460.711462020874,344,"39_trial_index=0,alpha=2.0000,anneal_lr=True,autotune=False,batch_size=0,beta=0.0000,capture_video=False,cuda=True,env_id=LunarLander-v2,eta=None,exp_name=QREPS,gamma=0.9900,minibatch_size=0,num_envs=4,num_iterations=0,num_minibatches=16,num_steps=500,parametrized_sampler=True,policy_lr_start=0.0025,q_histogram=False,q_lr_start=0.0003,saddle_point_optimization=True,sampler=ref_ph_15c28de2,sampler_lr=0.0001,seed=0,target_entropy_scale=0.7000,torch_deterministic=True,total_timesteps=50000,track=False,update_epochs=300,use_kl_loss=False,wandb_entity=None,wandb_project_name=QREPS_cleanRL",QREPS,0,True,True,False,QREPS_cleanRL,,False,LunarLander-v2,50000,4,500,True,0.99,16,0.0025,0.00025,2.0,,4e-05,300,False,0.7,True,False,<class '__main__.ExponentiatedGradientSampler'>,True,0.0001,False,0,0,0,0
25015af4,-1000,1712827960,,True,8,2024-04-11_11-32-40,0.26312994956970215,1.0288798809051514,84988,Nicolass-Air.technicolor.net,127.0.0.1,1.0288798809051514,8,"40_trial_index=0,alpha=0.5000,anneal_lr=True,autotune=True,batch_size=0,beta=0.0000,capture_video=False,cuda=True,env_id=LunarLander-v2,eta=None,exp_name=QREPS,gamma=0.9900,minibatch_size=0,num_envs=8,num_iterations=0,num_minibatches=4,num_steps=128,parametrized_sampler=True,policy_lr_start=0.1000,q_histogram=False,q_lr_start=0.1000,saddle_point_optimization=True,sampler=ref_ph_15c28de2,sampler_lr=0.0001,seed=0,target_entropy_scale=0.5000,torch_deterministic=True,total_timesteps=50000,track=False,update_epochs=10,use_kl_loss=True,wandb_entity=None,wandb_project_name=QREPS_cleanRL",QREPS,0,True,True,False,QREPS_cleanRL,,False,LunarLander-v2,50000,8,128,True,0.99,4,0.1,0.1,0.5,,4e-05,10,True,0.5,True,True,<class '__main__.ExponentiatedGradientSampler'>,True,0.0001,False,0,0,0,0
efbc7b4e,-1000,1712827970,,True,40,2024-04-11_11-32-50,0.960824728012085,1.9725043773651123,85008,Nicolass-Air.technicolor.net,127.0.0.1,1.9725043773651123,40,"41_trial_index=0,alpha=4.0000,anneal_lr=True,autotune=False,batch_size=0,beta=0.0002,capture_video=False,cuda=True,env_id=LunarLander-v2,eta=None,exp_name=QREPS,gamma=0.9900,minibatch_size=0,num_envs=8,num_iterations=0,num_minibatches=8,num_steps=500,parametrized_sampler=True,policy_lr_start=0.1000,q_histogram=False,q_lr_start=0.1000,saddle_point_optimization=True,sampler=ref_ph_15c28de2,sampler_lr=0.1000,seed=0,target_entropy_scale=0.3000,torch_deterministic=True,total_timesteps=50000,track=False,update_epochs=10,use_kl_loss=True,wandb_entity=None,wandb_project_name=QREPS_cleanRL",QREPS,0,True,True,False,QREPS_cleanRL,,False,LunarLander-v2,50000,8,500,True,0.99,8,0.1,0.1,4.0,,0.0002,10,False,0.3,True,True,<class '__main__.ExponentiatedGradientSampler'>,True,0.1,False,0,0,0,0
5cb50459,[-228.62265],1712828016,,True,557,2024-04-11_11-33-36,0.007356166839599609,34.190603494644165,85035,Nicolass-Air.technicolor.net,127.0.0.1,34.190603494644165,557,"42_trial_index=0,alpha=4.0000,anneal_lr=True,autotune=False,batch_size=0,beta=0.0020,capture_video=False,cuda=True,env_id=LunarLander-v2,eta=None,exp_name=QREPS,gamma=0.9900,minibatch_size=0,num_envs=4,num_iterations=0,num_minibatches=8,num_steps=256,parametrized_sampler=True,policy_lr_start=0.0003,q_histogram=False,q_lr_start=0.0010,saddle_point_optimization=True,sampler=ref_ph_15c28de2,sampler_lr=0.0001,seed=0,target_entropy_scale=0.3000,torch_deterministic=True,total_timesteps=50000,track=False,update_epochs=10,use_kl_loss=True,wandb_entity=None,wandb_project_name=QREPS_cleanRL",QREPS,0,True,True,False,QREPS_cleanRL,,False,LunarLander-v2,50000,4,256,True,0.99,8,0.00025,0.001,4.0,,0.002,10,False,0.3,True,True,<class '__main__.ExponentiatedGradientSampler'>,True,0.0001,False,0,0,0,0
6ff00804,-1000,1712827998,,True,194,2024-04-11_11-33-18,0.7071819305419922,12.621278285980225,85048,Nicolass-Air.technicolor.net,127.0.0.1,12.621278285980225,194,"43_trial_index=0,alpha=1.5000,anneal_lr=True,autotune=False,batch_size=0,beta=0.0000,capture_video=False,cuda=True,env_id=LunarLander-v2,eta=None,exp_name=QREPS,gamma=0.9900,minibatch_size=0,num_envs=4,num_iterations=0,num_minibatches=2,num_steps=500,parametrized_sampler=True,policy_lr_start=0.0003,q_histogram=False,q_lr_start=0.1000,saddle_point_optimization=True,sampler=ref_ph_15c28de2,sampler_lr=0.0001,seed=0,target_entropy_scale=0.8900,torch_deterministic=True,total_timesteps=50000,track=False,update_epochs=10,use_kl_loss=True,wandb_entity=None,wandb_project_name=QREPS_cleanRL",QREPS,0,True,True,False,QREPS_cleanRL,,False,LunarLander-v2,50000,4,500,True,0.99,2,0.00025,0.1,1.5,,4e-05,10,False,0.89,True,True,<class '__main__.ExponentiatedGradientSampler'>,True,0.0001,False,0,0,0,0
3f843f65,[-596.7893],1712828034,,True,408,2024-04-11_11-33-54,0.02403092384338379,37.60050916671753,85053,Nicolass-Air.technicolor.net,127.0.0.1,37.60050916671753,408,"44_trial_index=0,alpha=4.0000,anneal_lr=True,autotune=True,batch_size=0,beta=0.1000,capture_video=False,cuda=True,env_id=LunarLander-v2,eta=None,exp_name=QREPS,gamma=0.9900,minibatch_size=0,num_envs=4,num_iterations=0,num_minibatches=2,num_steps=128,parametrized_sampler=True,policy_lr_start=0.1000,q_histogram=False,q_lr_start=0.0010,saddle_point_optimization=True,sampler=ref_ph_15c28de2,sampler_lr=0.0100,seed=0,target_entropy_scale=0.8900,torch_deterministic=True,total_timesteps=50000,track=False,update_epochs=10,use_kl_loss=False,wandb_entity=None,wandb_project_name=QREPS_cleanRL",QREPS,0,True,True,False,QREPS_cleanRL,,False,LunarLander-v2,50000,4,128,True,0.99,2,0.1,0.001,4.0,,0.1,10,True,0.89,True,False,<class '__main__.ExponentiatedGradientSampler'>,True,0.01,False,0,0,0,0
285e7cfd,-1000,1712828035,,True,474,2024-04-11_11-33-55,0.25435709953308105,27.92508053779602,85060,Nicolass-Air.technicolor.net,127.0.0.1,27.92508053779602,474,"45_trial_index=0,alpha=4.0000,anneal_lr=True,autotune=False,batch_size=0,beta=0.0000,capture_video=False,cuda=True,env_id=LunarLander-v2,eta=None,exp_name=QREPS,gamma=0.9900,minibatch_size=0,num_envs=4,num_iterations=0,num_minibatches=4,num_steps=500,parametrized_sampler=True,policy_lr_start=0.1000,q_histogram=False,q_lr_start=0.1000,saddle_point_optimization=True,sampler=ref_ph_15c28de2,sampler_lr=0.0001,seed=0,target_entropy_scale=0.8900,torch_deterministic=True,total_timesteps=50000,track=False,update_epochs=10,use_kl_loss=False,wandb_entity=None,wandb_project_name=QREPS_cleanRL",QREPS,0,True,True,False,QREPS_cleanRL,,False,LunarLander-v2,50000,4,500,True,0.99,4,0.1,0.1,4.0,,4e-05,10,False,0.89,True,False,<class '__main__.ExponentiatedGradientSampler'>,True,0.0001,False,0,0,0,0
51e2228a,[-192.10152],1712828048,,True,578,2024-04-11_11-34-08,0.0012900829315185547,30.684908151626587,85076,Nicolass-Air.technicolor.net,127.0.0.1,30.684908151626587,578,"46_trial_index=0,alpha=4.0000,anneal_lr=False,autotune=False,batch_size=0,beta=0.1000,capture_video=False,cuda=True,env_id=LunarLander-v2,eta=None,exp_name=QREPS,gamma=0.9900,minibatch_size=0,num_envs=4,num_iterations=0,num_minibatches=4,num_steps=256,parametrized_sampler=True,policy_lr_start=0.0010,q_histogram=False,q_lr_start=0.0003,saddle_point_optimization=True,sampler=ref_ph_15c28de2,sampler_lr=0.0001,seed=0,target_entropy_scale=0.7000,torch_deterministic=True,total_timesteps=50000,track=False,update_epochs=10,use_kl_loss=True,wandb_entity=None,wandb_project_name=QREPS_cleanRL",QREPS,0,True,True,False,QREPS_cleanRL,,False,LunarLander-v2,50000,4,256,False,0.99,4,0.001,0.00025,4.0,,0.1,10,False,0.7,True,True,<class '__main__.ExponentiatedGradientSampler'>,True,0.0001,False,0,0,0,0
5b732260,-1000,1712828031,,True,86,2024-04-11_11-33-51,0.06873965263366699,7.51751708984375,85088,Nicolass-Air.technicolor.net,127.0.0.1,7.51751708984375,86,"47_trial_index=0,alpha=4.0000,anneal_lr=True,autotune=False,batch_size=0,beta=0.1000,capture_video=False,cuda=True,env_id=LunarLander-v2,eta=None,exp_name=QREPS,gamma=0.9900,minibatch_size=0,num_envs=4,num_iterations=0,num_minibatches=8,num_steps=128,parametrized_sampler=True,policy_lr_start=0.0025,q_histogram=False,q_lr_start=0.1000,saddle_point_optimization=True,sampler=ref_ph_15c28de2,sampler_lr=0.0001,seed=0,target_entropy_scale=0.5000,torch_deterministic=True,total_timesteps=50000,track=False,update_epochs=10,use_kl_loss=True,wandb_entity=None,wandb_project_name=QREPS_cleanRL",QREPS,0,True,True,False,QREPS_cleanRL,,False,LunarLander-v2,50000,4,128,True,0.99,8,0.0025,0.1,4.0,,0.1,10,False,0.5,True,True,<class '__main__.ExponentiatedGradientSampler'>,True,0.0001,False,0,0,0,0
784b9735,[-345.05243],1712828456,,True,518,2024-04-11_11-40-56,0.01018214225769043,17.977982759475708,85366,Nicolass-Air.technicolor.net,127.0.0.1,17.977982759475708,518,"48_trial_index=0,alpha=4.0000,anneal_lr=False,autotune=False,batch_size=0,beta=0.0000,capture_video=False,cuda=True,env_id=LunarLander-v2,eta=None,exp_name=QREPS,gamma=0.9900,minibatch_size=0,num_envs=8,num_iterations=0,num_minibatches=8,num_steps=256,parametrized_sampler=True,policy_lr_start=0.0025,q_histogram=False,q_lr_start=0.0010,saddle_point_optimization=True,sampler=ref_ph_15c28de2,sampler_lr=0.0001,seed=0,target_entropy_scale=0.8900,torch_deterministic=True,total_timesteps=50000,track=False,update_epochs=10,use_kl_loss=False,wandb_entity=None,wandb_project_name=QREPS_cleanRL",QREPS,0,True,True,False,QREPS_cleanRL,,False,LunarLander-v2,50000,8,256,False,0.99,8,0.0025,0.001,4.0,,4e-05,10,False,0.89,True,False,<class '__main__.ExponentiatedGradientSampler'>,True,0.0001,False,0,0,0,0
52ac40bd,[-94.33735],1712828570,,True,379,2024-04-11_11-42-50,0.00975799560546875,124.67975640296936,85374,Nicolass-Air.technicolor.net,127.0.0.1,124.67975640296936,379,"49_trial_index=0,alpha=2.0000,anneal_lr=False,autotune=True,batch_size=0,beta=0.1000,capture_video=False,cuda=True,env_id=LunarLander-v2,eta=None,exp_name=QREPS,gamma=0.9900,minibatch_size=0,num_envs=8,num_iterations=0,num_minibatches=4,num_steps=256,parametrized_sampler=True,policy_lr_start=0.0003,q_histogram=False,q_lr_start=0.0003,saddle_point_optimization=True,sampler=ref_ph_15c28de2,sampler_lr=0.0100,seed=0,target_entropy_scale=0.3000,torch_deterministic=True,total_timesteps=50000,track=False,update_epochs=50,use_kl_loss=False,wandb_entity=None,wandb_project_name=QREPS_cleanRL",QREPS,0,True,True,False,QREPS_cleanRL,,False,LunarLander-v2,50000,8,256,False,0.99,4,0.00025,0.00025,2.0,,0.1,50,True,0.3,True,False,<class '__main__.ExponentiatedGradientSampler'>,True,0.01,False,0,0,0,0
5e98de59,[-1004.15753],1712828570,,True,521,2024-04-11_11-42-50,0.012431859970092773,117.6548683643341,85379,Nicolass-Air.technicolor.net,127.0.0.1,117.6548683643341,521,"50_trial_index=0,alpha=8.0000,anneal_lr=False,autotune=True,batch_size=0,beta=0.0002,capture_video=False,cuda=True,env_id=LunarLander-v2,eta=None,exp_name=QREPS,gamma=0.9900,minibatch_size=0,num_envs=8,num_iterations=0,num_minibatches=2,num_steps=500,parametrized_sampler=True,policy_lr_start=0.0003,q_histogram=False,q_lr_start=0.0003,saddle_point_optimization=True,sampler=ref_ph_15c28de2,sampler_lr=0.0100,seed=0,target_entropy_scale=0.3000,torch_deterministic=True,total_timesteps=50000,track=False,update_epochs=50,use_kl_loss=False,wandb_entity=None,wandb_project_name=QREPS_cleanRL",QREPS,0,True,True,False,QREPS_cleanRL,,False,LunarLander-v2,50000,8,500,False,0.99,2,0.00025,0.00025,8.0,,0.0002,50,True,0.3,True,False,<class '__main__.ExponentiatedGradientSampler'>,True,0.01,False,0,0,0,0
4dfd5d21,-1000,1712828463,,True,45,2024-04-11_11-41-03,0.4558861255645752,8.9539315700531,85384,Nicolass-Air.technicolor.net,127.0.0.1,8.9539315700531,45,"51_trial_index=0,alpha=2.0000,anneal_lr=False,autotune=False,batch_size=0,beta=0.1000,capture_video=False,cuda=True,env_id=LunarLander-v2,eta=None,exp_name=QREPS,gamma=0.9900,minibatch_size=0,num_envs=4,num_iterations=0,num_minibatches=16,num_steps=128,parametrized_sampler=True,policy_lr_start=0.0003,q_histogram=False,q_lr_start=0.0010,saddle_point_optimization=True,sampler=ref_ph_15c28de2,sampler_lr=0.0001,seed=0,target_entropy_scale=0.7000,torch_deterministic=True,total_timesteps=50000,track=False,update_epochs=50,use_kl_loss=True,wandb_entity=None,wandb_project_name=QREPS_cleanRL",QREPS,0,True,True,False,QREPS_cleanRL,,False,LunarLander-v2,50000,4,128,False,0.99,16,0.00025,0.001,2.0,,0.1,50,False,0.7,True,True,<class '__main__.ExponentiatedGradientSampler'>,True,0.0001,False,0,0,0,0
758fca1d,[-388.37775],1712828491,,True,430,2024-04-11_11-41-31,0.0229189395904541,26.861565113067627,85398,Nicolass-Air.technicolor.net,127.0.0.1,26.861565113067627,430,"52_trial_index=0,alpha=8.0000,anneal_lr=False,autotune=False,batch_size=0,beta=0.1000,capture_video=False,cuda=True,env_id=LunarLander-v2,eta=None,exp_name=QREPS,gamma=0.9900,minibatch_size=0,num_envs=8,num_iterations=0,num_minibatches=4,num_steps=256,parametrized_sampler=True,policy_lr_start=0.0003,q_histogram=False,q_lr_start=0.0003,saddle_point_optimization=True,sampler=ref_ph_15c28de2,sampler_lr=0.0100,seed=0,target_entropy_scale=0.5000,torch_deterministic=True,total_timesteps=50000,track=False,update_epochs=10,use_kl_loss=True,wandb_entity=None,wandb_project_name=QREPS_cleanRL",QREPS,0,True,True,False,QREPS_cleanRL,,False,LunarLander-v2,50000,8,256,False,0.99,4,0.00025,0.00025,8.0,,0.1,10,False,0.5,True,True,<class '__main__.ExponentiatedGradientSampler'>,True,0.01,False,0,0,0,0
933fdfd1,-1000,1712828522,,True,161,2024-04-11_11-42-02,3.6034629344940186,49.77104377746582,85409,Nicolass-Air.technicolor.net,127.0.0.1,49.77104377746582,161,"53_trial_index=0,alpha=0.5000,anneal_lr=False,autotune=True,batch_size=0,beta=0.1000,capture_video=False,cuda=True,env_id=LunarLander-v2,eta=None,exp_name=QREPS,gamma=0.9900,minibatch_size=0,num_envs=8,num_iterations=0,num_minibatches=8,num_steps=128,parametrized_sampler=True,policy_lr_start=0.0025,q_histogram=False,q_lr_start=0.0010,saddle_point_optimization=True,sampler=ref_ph_15c28de2,sampler_lr=0.0001,seed=0,target_entropy_scale=0.3000,torch_deterministic=True,total_timesteps=50000,track=False,update_epochs=50,use_kl_loss=False,wandb_entity=None,wandb_project_name=QREPS_cleanRL",QREPS,0,True,True,False,QREPS_cleanRL,,False,LunarLander-v2,50000,8,128,False,0.99,8,0.0025,0.001,0.5,,0.1,50,True,0.3,True,False,<class '__main__.ExponentiatedGradientSampler'>,True,0.0001,False,0,0,0,0
71071c32,[-292.89835],1712828607,,True,449,2024-04-11_11-43-27,0.002743959426879883,124.73147511482239,85416,Nicolass-Air.technicolor.net,127.0.0.1,124.73147511482239,449,"54_trial_index=0,alpha=2.0000,anneal_lr=False,autotune=False,batch_size=0,beta=0.1000,capture_video=False,cuda=True,env_id=LunarLander-v2,eta=None,exp_name=QREPS,gamma=0.9900,minibatch_size=0,num_envs=8,num_iterations=0,num_minibatches=2,num_steps=128,parametrized_sampler=True,policy_lr_start=0.0025,q_histogram=False,q_lr_start=0.0003,saddle_point_optimization=True,sampler=ref_ph_15c28de2,sampler_lr=0.0001,seed=0,target_entropy_scale=0.3000,torch_deterministic=True,total_timesteps=50000,track=False,update_epochs=50,use_kl_loss=False,wandb_entity=None,wandb_project_name=QREPS_cleanRL",QREPS,0,True,True,False,QREPS_cleanRL,,False,LunarLander-v2,50000,8,128,False,0.99,2,0.0025,0.00025,2.0,,0.1,50,False,0.3,True,False,<class '__main__.ExponentiatedGradientSampler'>,True,0.0001,False,0,0,0,0
a157da2f,[-262.62378],1712828608,,True,376,2024-04-11_11-43-28,0.00020313262939453125,121.02821826934814,85424,Nicolass-Air.technicolor.net,127.0.0.1,121.02821826934814,376,"55_trial_index=0,alpha=8.0000,anneal_lr=False,autotune=True,batch_size=0,beta=0.1000,capture_video=False,cuda=True,env_id=LunarLander-v2,eta=None,exp_name=QREPS,gamma=0.9900,minibatch_size=0,num_envs=8,num_iterations=0,num_minibatches=16,num_steps=256,parametrized_sampler=True,policy_lr_start=0.0025,q_histogram=False,q_lr_start=0.0003,saddle_point_optimization=True,sampler=ref_ph_15c28de2,sampler_lr=0.0001,seed=0,target_entropy_scale=0.5000,torch_deterministic=True,total_timesteps=50000,track=False,update_epochs=50,use_kl_loss=True,wandb_entity=None,wandb_project_name=QREPS_cleanRL",QREPS,0,True,True,False,QREPS_cleanRL,,False,LunarLander-v2,50000,8,256,False,0.99,16,0.0025,0.00025,8.0,,0.1,50,True,0.5,True,True,<class '__main__.ExponentiatedGradientSampler'>,True,0.0001,False,0,0,0,0
436b369d,[-302.04037],1712828539,,True,237,2024-04-11_11-42-19,0.0124359130859375,40.61990690231323,85439,Nicolass-Air.technicolor.net,127.0.0.1,40.61990690231323,237,"56_trial_index=0,alpha=0.5000,anneal_lr=False,autotune=True,batch_size=0,beta=0.0002,capture_video=False,cuda=True,env_id=LunarLander-v2,eta=None,exp_name=QREPS,gamma=0.9900,minibatch_size=0,num_envs=4,num_iterations=0,num_minibatches=2,num_steps=128,parametrized_sampler=True,policy_lr_start=0.0003,q_histogram=False,q_lr_start=0.0003,saddle_point_optimization=True,sampler=ref_ph_15c28de2,sampler_lr=0.0010,seed=0,target_entropy_scale=0.5000,torch_deterministic=True,total_timesteps=50000,track=False,update_epochs=10,use_kl_loss=True,wandb_entity=None,wandb_project_name=QREPS_cleanRL",QREPS,0,True,True,False,QREPS_cleanRL,,False,LunarLander-v2,50000,4,128,False,0.99,2,0.00025,0.00025,0.5,,0.0002,10,True,0.5,True,True,<class '__main__.ExponentiatedGradientSampler'>,True,0.001,False,0,0,0,0
c699c1fd,[-68.990906],1712828922,,True,451,2024-04-11_11-48-42,0.011557817459106445,414.67239141464233,85466,Nicolass-Air.technicolor.net,127.0.0.1,414.67239141464233,451,"57_trial_index=0,alpha=6.0000,anneal_lr=False,autotune=False,batch_size=0,beta=0.0000,capture_video=False,cuda=True,env_id=LunarLander-v2,eta=None,exp_name=QREPS,gamma=0.9900,minibatch_size=0,num_envs=8,num_iterations=0,num_minibatches=4,num_steps=256,parametrized_sampler=True,policy_lr_start=0.0003,q_histogram=False,q_lr_start=0.0003,saddle_point_optimization=True,sampler=ref_ph_15c28de2,sampler_lr=0.0010,seed=0,target_entropy_scale=0.3000,torch_deterministic=True,total_timesteps=50000,track=False,update_epochs=300,use_kl_loss=False,wandb_entity=None,wandb_project_name=QREPS_cleanRL",QREPS,0,True,True,False,QREPS_cleanRL,,False,LunarLander-v2,50000,8,256,False,0.99,4,0.00025,0.00025,6.0,,4e-05,300,False,0.3,True,False,<class '__main__.ExponentiatedGradientSampler'>,True,0.001,False,0,0,0,0
4049d917,-1000,1712828521,,True,40,2024-04-11_11-42-01,3.7765920162200928,5.239041328430176,85476,Nicolass-Air.technicolor.net,127.0.0.1,5.239041328430176,40,"58_trial_index=0,alpha=2.0000,anneal_lr=True,autotune=False,batch_size=0,beta=0.0000,capture_video=False,cuda=True,env_id=LunarLander-v2,eta=None,exp_name=QREPS,gamma=0.9900,minibatch_size=0,num_envs=8,num_iterations=0,num_minibatches=4,num_steps=500,parametrized_sampler=True,policy_lr_start=0.0003,q_histogram=False,q_lr_start=0.1000,saddle_point_optimization=True,sampler=ref_ph_15c28de2,sampler_lr=0.0100,seed=0,target_entropy_scale=0.3000,torch_deterministic=True,total_timesteps=50000,track=False,update_epochs=50,use_kl_loss=False,wandb_entity=None,wandb_project_name=QREPS_cleanRL",QREPS,0,True,True,False,QREPS_cleanRL,,False,LunarLander-v2,50000,8,500,True,0.99,4,0.00025,0.1,2.0,,4e-05,50,False,0.3,True,False,<class '__main__.ExponentiatedGradientSampler'>,True,0.01,False,0,0,0,0
b4e91277,-1000,1712828956,,True,269,2024-04-11_11-49-16,0.027451038360595703,10.69079327583313,85737,Nicolass-Air.technicolor.net,127.0.0.1,10.69079327583313,269,"59_trial_index=0,alpha=0.5000,anneal_lr=False,autotune=False,batch_size=0,beta=0.0020,capture_video=False,cuda=True,env_id=LunarLander-v2,eta=None,exp_name=QREPS,gamma=0.9900,minibatch_size=0,num_envs=4,num_iterations=0,num_minibatches=16,num_steps=128,parametrized_sampler=True,policy_lr_start=0.0010,q_histogram=False,q_lr_start=0.0010,saddle_point_optimization=True,sampler=ref_ph_15c28de2,sampler_lr=0.0010,seed=0,target_entropy_scale=0.8900,torch_deterministic=True,total_timesteps=50000,track=False,update_epochs=10,use_kl_loss=False,wandb_entity=None,wandb_project_name=QREPS_cleanRL",QREPS,0,True,True,False,QREPS_cleanRL,,False,LunarLander-v2,50000,4,128,False,0.99,16,0.001,0.001,0.5,,0.002,10,False,0.89,True,False,<class '__main__.ExponentiatedGradientSampler'>,True,0.001,False,0,0,0,0
4be05a7c,-1000,1712828951,,True,27,2024-04-11_11-49-11,0.1523120403289795,1.3935182094573975,85743,Nicolass-Air.technicolor.net,127.0.0.1,1.3935182094573975,27,"60_trial_index=0,alpha=0.5000,anneal_lr=False,autotune=True,batch_size=0,beta=0.0020,capture_video=False,cuda=True,env_id=LunarLander-v2,eta=None,exp_name=QREPS,gamma=0.9900,minibatch_size=0,num_envs=4,num_iterations=0,num_minibatches=16,num_steps=128,parametrized_sampler=True,policy_lr_start=0.0010,q_histogram=False,q_lr_start=0.1000,saddle_point_optimization=True,sampler=ref_ph_15c28de2,sampler_lr=0.0100,seed=0,target_entropy_scale=0.3000,torch_deterministic=True,total_timesteps=50000,track=False,update_epochs=10,use_kl_loss=False,wandb_entity=None,wandb_project_name=QREPS_cleanRL",QREPS,0,True,True,False,QREPS_cleanRL,,False,LunarLander-v2,50000,4,128,False,0.99,16,0.001,0.1,0.5,,0.002,10,True,0.3,True,False,<class '__main__.ExponentiatedGradientSampler'>,True,0.01,False,0,0,0,0
c153a8aa,[-340.9629],1712829054,,True,504,2024-04-11_11-50-54,0.006359100341796875,95.09013986587524,85748,Nicolass-Air.technicolor.net,127.0.0.1,95.09013986587524,504,"61_trial_index=0,alpha=6.0000,anneal_lr=True,autotune=False,batch_size=0,beta=0.0000,capture_video=False,cuda=True,env_id=LunarLander-v2,eta=None,exp_name=QREPS,gamma=0.9900,minibatch_size=0,num_envs=8,num_iterations=0,num_minibatches=2,num_steps=500,parametrized_sampler=True,policy_lr_start=0.0003,q_histogram=False,q_lr_start=0.0010,saddle_point_optimization=True,sampler=ref_ph_15c28de2,sampler_lr=0.0001,seed=0,target_entropy_scale=0.8900,torch_deterministic=True,total_timesteps=50000,track=False,update_epochs=50,use_kl_loss=False,wandb_entity=None,wandb_project_name=QREPS_cleanRL",QREPS,0,True,True,False,QREPS_cleanRL,,False,LunarLander-v2,50000,8,500,True,0.99,2,0.00025,0.001,6.0,,4e-05,50,False,0.89,True,False,<class '__main__.ExponentiatedGradientSampler'>,True,0.0001,False,0,0,0,0
7fe94b18,-1000,1712828971,,True,40,2024-04-11_11-49-31,11.158951759338379,11.842728614807129,85753,Nicolass-Air.technicolor.net,127.0.0.1,11.842728614807129,40,"62_trial_index=0,alpha=2.0000,anneal_lr=True,autotune=False,batch_size=0,beta=0.0100,capture_video=False,cuda=True,env_id=LunarLander-v2,eta=None,exp_name=QREPS,gamma=0.9900,minibatch_size=0,num_envs=8,num_iterations=0,num_minibatches=2,num_steps=500,parametrized_sampler=True,policy_lr_start=0.0025,q_histogram=False,q_lr_start=0.0025,saddle_point_optimization=True,sampler=ref_ph_15c28de2,sampler_lr=0.0010,seed=0,target_entropy_scale=0.3000,torch_deterministic=True,total_timesteps=50000,track=False,update_epochs=300,use_kl_loss=False,wandb_entity=None,wandb_project_name=QREPS_cleanRL",QREPS,0,True,True,False,QREPS_cleanRL,,False,LunarLander-v2,50000,8,500,True,0.99,2,0.0025,0.0025,2.0,,0.01,300,False,0.3,True,False,<class '__main__.ExponentiatedGradientSampler'>,True,0.001,False,0,0,0,0
befda443,[-300.95325],1712828993,,True,274,2024-04-11_11-49-53,0.0067942142486572266,24.60540509223938,85759,Nicolass-Air.technicolor.net,127.0.0.1,24.60540509223938,274,"63_trial_index=0,alpha=4.0000,anneal_lr=True,autotune=True,batch_size=0,beta=0.0020,capture_video=False,cuda=True,env_id=LunarLander-v2,eta=None,exp_name=QREPS,gamma=0.9900,minibatch_size=0,num_envs=4,num_iterations=0,num_minibatches=16,num_steps=500,parametrized_sampler=True,policy_lr_start=0.0010,q_histogram=False,q_lr_start=0.0025,saddle_point_optimization=True,sampler=ref_ph_15c28de2,sampler_lr=0.0100,seed=0,target_entropy_scale=0.3000,torch_deterministic=True,total_timesteps=50000,track=False,update_epochs=10,use_kl_loss=True,wandb_entity=None,wandb_project_name=QREPS_cleanRL",QREPS,0,True,True,False,QREPS_cleanRL,,False,LunarLander-v2,50000,4,500,True,0.99,16,0.001,0.0025,4.0,,0.002,10,True,0.3,True,True,<class '__main__.ExponentiatedGradientSampler'>,True,0.01,False,0,0,0,0
b3b85795,-1000,1712828983,,True,36,2024-04-11_11-49-43,0.03502917289733887,11.170594692230225,85772,Nicolass-Air.technicolor.net,127.0.0.1,11.170594692230225,36,"64_trial_index=0,alpha=0.5000,anneal_lr=False,autotune=True,batch_size=0,beta=0.0020,capture_video=False,cuda=True,env_id=LunarLander-v2,eta=None,exp_name=QREPS,gamma=0.9900,minibatch_size=0,num_envs=4,num_iterations=0,num_minibatches=16,num_steps=128,parametrized_sampler=True,policy_lr_start=0.0010,q_histogram=False,q_lr_start=0.0010,saddle_point_optimization=True,sampler=ref_ph_15c28de2,sampler_lr=0.0010,seed=0,target_entropy_scale=0.7000,torch_deterministic=True,total_timesteps=50000,track=False,update_epochs=50,use_kl_loss=True,wandb_entity=None,wandb_project_name=QREPS_cleanRL",QREPS,0,True,True,False,QREPS_cleanRL,,False,LunarLander-v2,50000,4,128,False,0.99,16,0.001,0.001,0.5,,0.002,50,True,0.7,True,True,<class '__main__.ExponentiatedGradientSampler'>,True,0.001,False,0,0,0,0
860a98fe,[-388.6889],1712829017,,True,439,2024-04-11_11-50-17,0.013536930084228516,33.87022280693054,85780,Nicolass-Air.technicolor.net,127.0.0.1,33.87022280693054,439,"65_trial_index=0,alpha=2.0000,anneal_lr=True,autotune=True,batch_size=0,beta=0.0002,capture_video=False,cuda=True,env_id=LunarLander-v2,eta=None,exp_name=QREPS,gamma=0.9900,minibatch_size=0,num_envs=4,num_iterations=0,num_minibatches=16,num_steps=128,parametrized_sampler=True,policy_lr_start=0.0025,q_histogram=False,q_lr_start=0.0010,saddle_point_optimization=True,sampler=ref_ph_15c28de2,sampler_lr=0.0010,seed=0,target_entropy_scale=0.7000,torch_deterministic=True,total_timesteps=50000,track=False,update_epochs=10,use_kl_loss=False,wandb_entity=None,wandb_project_name=QREPS_cleanRL",QREPS,0,True,True,False,QREPS_cleanRL,,False,LunarLander-v2,50000,4,128,True,0.99,16,0.0025,0.001,2.0,,0.0002,10,True,0.7,True,False,<class '__main__.ExponentiatedGradientSampler'>,True,0.001,False,0,0,0,0
767caf7e,[-124.17579],1712829413,,True,208,2024-04-11_11-56-53,0.011842012405395508,425.9651472568512,85785,Nicolass-Air.technicolor.net,127.0.0.1,425.9651472568512,208,"66_trial_index=0,alpha=2.0000,anneal_lr=True,autotune=False,batch_size=0,beta=0.0000,capture_video=False,cuda=True,env_id=LunarLander-v2,eta=None,exp_name=QREPS,gamma=0.9900,minibatch_size=0,num_envs=8,num_iterations=0,num_minibatches=4,num_steps=128,parametrized_sampler=True,policy_lr_start=0.0003,q_histogram=False,q_lr_start=0.0003,saddle_point_optimization=True,sampler=ref_ph_15c28de2,sampler_lr=0.0010,seed=0,target_entropy_scale=0.5000,torch_deterministic=True,total_timesteps=50000,track=False,update_epochs=300,use_kl_loss=True,wandb_entity=None,wandb_project_name=QREPS_cleanRL",QREPS,0,True,True,False,QREPS_cleanRL,,False,LunarLander-v2,50000,8,128,True,0.99,4,0.00025,0.00025,2.0,,4e-05,300,False,0.5,True,True,<class '__main__.ExponentiatedGradientSampler'>,True,0.001,False,0,0,0,0
5aa41cee,[-188.49652],1712829206,,True,621,2024-04-11_11-53-26,0.012090921401977539,209.1365611553192,85791,Nicolass-Air.technicolor.net,127.0.0.1,209.1365611553192,621,"67_trial_index=0,alpha=8.0000,anneal_lr=True,autotune=True,batch_size=0,beta=0.0002,capture_video=False,cuda=True,env_id=LunarLander-v2,eta=None,exp_name=QREPS,gamma=0.9900,minibatch_size=0,num_envs=4,num_iterations=0,num_minibatches=16,num_steps=256,parametrized_sampler=True,policy_lr_start=0.0025,q_histogram=False,q_lr_start=0.0003,saddle_point_optimization=True,sampler=ref_ph_15c28de2,sampler_lr=0.0010,seed=0,target_entropy_scale=0.3000,torch_deterministic=True,total_timesteps=50000,track=False,update_epochs=100,use_kl_loss=False,wandb_entity=None,wandb_project_name=QREPS_cleanRL",QREPS,0,True,True,False,QREPS_cleanRL,,False,LunarLander-v2,50000,4,256,True,0.99,16,0.0025,0.00025,8.0,,0.0002,100,True,0.3,True,False,<class '__main__.ExponentiatedGradientSampler'>,True,0.001,False,0,0,0,0
910c26aa,[-195.76987],1712829044,,True,551,2024-04-11_11-50-44,0.009596824645996094,37.860602378845215,85800,Nicolass-Air.technicolor.net,127.0.0.1,37.860602378845215,551,"68_trial_index=0,alpha=1.5000,anneal_lr=True,autotune=True,batch_size=0,beta=0.0002,capture_video=False,cuda=True,env_id=LunarLander-v2,eta=None,exp_name=QREPS,gamma=0.9900,minibatch_size=0,num_envs=4,num_iterations=0,num_minibatches=8,num_steps=256,parametrized_sampler=True,policy_lr_start=0.0003,q_histogram=False,q_lr_start=0.0010,saddle_point_optimization=True,sampler=ref_ph_15c28de2,sampler_lr=0.0001,seed=0,target_entropy_scale=0.7000,torch_deterministic=True,total_timesteps=50000,track=False,update_epochs=10,use_kl_loss=False,wandb_entity=None,wandb_project_name=QREPS_cleanRL",QREPS,0,True,True,False,QREPS_cleanRL,,False,LunarLander-v2,50000,4,256,True,0.99,8,0.00025,0.001,1.5,,0.0002,10,True,0.7,True,False,<class '__main__.ExponentiatedGradientSampler'>,True,0.0001,False,0,0,0,0
6483e7e3,[-335.83408],1712829049,,True,427,2024-04-11_11-50-49,0.008774995803833008,36.6168155670166,85812,Nicolass-Air.technicolor.net,127.0.0.1,36.6168155670166,427,"69_trial_index=0,alpha=6.0000,anneal_lr=False,autotune=True,batch_size=0,beta=0.1000,capture_video=False,cuda=True,env_id=LunarLander-v2,eta=None,exp_name=QREPS,gamma=0.9900,minibatch_size=0,num_envs=8,num_iterations=0,num_minibatches=2,num_steps=128,parametrized_sampler=True,policy_lr_start=0.0025,q_histogram=False,q_lr_start=0.0010,saddle_point_optimization=True,sampler=ref_ph_15c28de2,sampler_lr=0.0001,seed=0,target_entropy_scale=0.7000,torch_deterministic=True,total_timesteps=50000,track=False,update_epochs=10,use_kl_loss=False,wandb_entity=None,wandb_project_name=QREPS_cleanRL",QREPS,0,True,True,False,QREPS_cleanRL,,False,LunarLander-v2,50000,8,128,False,0.99,2,0.0025,0.001,6.0,,0.1,10,True,0.7,True,False,<class '__main__.ExponentiatedGradientSampler'>,True,0.0001,False,0,0,0,0
803ee0e0,[-68.80638],1712829190,,True,403,2024-04-11_11-53-10,0.027080059051513672,170.50699067115784,85821,Nicolass-Air.technicolor.net,127.0.0.1,170.50699067115784,403,"70_trial_index=0,alpha=8.0000,anneal_lr=False,autotune=False,batch_size=0,beta=0.0002,capture_video=False,cuda=True,env_id=LunarLander-v2,eta=None,exp_name=QREPS,gamma=0.9900,minibatch_size=0,num_envs=8,num_iterations=0,num_minibatches=2,num_steps=256,parametrized_sampler=True,policy_lr_start=0.0025,q_histogram=False,q_lr_start=0.0003,saddle_point_optimization=True,sampler=ref_ph_15c28de2,sampler_lr=0.0001,seed=0,target_entropy_scale=0.7000,torch_deterministic=True,total_timesteps=50000,track=False,update_epochs=100,use_kl_loss=True,wandb_entity=None,wandb_project_name=QREPS_cleanRL",QREPS,0,True,True,False,QREPS_cleanRL,,False,LunarLander-v2,50000,8,256,False,0.99,2,0.0025,0.00025,8.0,,0.0002,100,False,0.7,True,True,<class '__main__.ExponentiatedGradientSampler'>,True,0.0001,False,0,0,0,0
8b05496c,[-214.22993],1712829063,,True,275,2024-04-11_11-51-03,0.31049180030822754,33.59859037399292,85833,Nicolass-Air.technicolor.net,127.0.0.1,33.59859037399292,275,"71_trial_index=0,alpha=6.0000,anneal_lr=True,autotune=False,batch_size=0,beta=0.0000,capture_video=False,cuda=True,env_id=LunarLander-v2,eta=None,exp_name=QREPS,gamma=0.9900,minibatch_size=0,num_envs=4,num_iterations=0,num_minibatches=16,num_steps=128,parametrized_sampler=True,policy_lr_start=0.0025,q_histogram=False,q_lr_start=0.0003,saddle_point_optimization=True,sampler=ref_ph_15c28de2,sampler_lr=0.0010,seed=0,target_entropy_scale=0.3000,torch_deterministic=True,total_timesteps=50000,track=False,update_epochs=10,use_kl_loss=True,wandb_entity=None,wandb_project_name=QREPS_cleanRL",QREPS,0,True,True,False,QREPS_cleanRL,,False,LunarLander-v2,50000,4,128,True,0.99,16,0.0025,0.00025,6.0,,4e-05,10,False,0.3,True,True,<class '__main__.ExponentiatedGradientSampler'>,True,0.001,False,0,0,0,0
39950036,[-233.54454],1712829450,,True,314,2024-04-11_11-57-30,0.02400994300842285,20.778857231140137,86107,Nicolass-Air.technicolor.net,127.0.0.1,20.778857231140137,314,"72_trial_index=0,alpha=6.0000,anneal_lr=False,autotune=True,batch_size=0,beta=0.1000,capture_video=False,cuda=True,env_id=LunarLander-v2,eta=None,exp_name=QREPS,gamma=0.9900,minibatch_size=0,num_envs=8,num_iterations=0,num_minibatches=2,num_steps=256,parametrized_sampler=True,policy_lr_start=0.0025,q_histogram=False,q_lr_start=0.0003,saddle_point_optimization=True,sampler=ref_ph_15c28de2,sampler_lr=0.0100,seed=0,target_entropy_scale=0.5000,torch_deterministic=True,total_timesteps=50000,track=False,update_epochs=10,use_kl_loss=False,wandb_entity=None,wandb_project_name=QREPS_cleanRL",QREPS,0,True,True,False,QREPS_cleanRL,,False,LunarLander-v2,50000,8,256,False,0.99,2,0.0025,0.00025,6.0,,0.1,10,True,0.5,True,False,<class '__main__.ExponentiatedGradientSampler'>,True,0.01,False,0,0,0,0
cd1658ff,[-126.630035],1712830136,,True,429,2024-04-11_12-08-56,0.008688926696777344,697.74467253685,86112,Nicolass-Air.technicolor.net,127.0.0.1,697.74467253685,429,"73_trial_index=0,alpha=4.0000,anneal_lr=True,autotune=False,batch_size=0,beta=0.0002,capture_video=False,cuda=True,env_id=LunarLander-v2,eta=None,exp_name=QREPS,gamma=0.9900,minibatch_size=0,num_envs=8,num_iterations=0,num_minibatches=4,num_steps=256,parametrized_sampler=True,policy_lr_start=0.0010,q_histogram=False,q_lr_start=0.0003,saddle_point_optimization=True,sampler=ref_ph_15c28de2,sampler_lr=0.0010,seed=0,target_entropy_scale=0.8900,torch_deterministic=True,total_timesteps=50000,track=False,update_epochs=300,use_kl_loss=False,wandb_entity=None,wandb_project_name=QREPS_cleanRL",QREPS,0,True,True,False,QREPS_cleanRL,,False,LunarLander-v2,50000,8,256,True,0.99,4,0.001,0.00025,4.0,,0.0002,300,False,0.89,True,False,<class '__main__.ExponentiatedGradientSampler'>,True,0.001,False,0,0,0,0
b3417e18,-1000,1712829461,,True,54,2024-04-11_11-57-41,2.054887056350708,21.366163969039917,86117,Nicolass-Air.technicolor.net,127.0.0.1,21.366163969039917,54,"74_trial_index=0,alpha=6.0000,anneal_lr=False,autotune=True,batch_size=0,beta=0.0020,capture_video=False,cuda=True,env_id=LunarLander-v2,eta=None,exp_name=QREPS,gamma=0.9900,minibatch_size=0,num_envs=4,num_iterations=0,num_minibatches=4,num_steps=128,parametrized_sampler=True,policy_lr_start=0.0010,q_histogram=False,q_lr_start=0.0010,saddle_point_optimization=True,sampler=ref_ph_15c28de2,sampler_lr=0.0100,seed=0,target_entropy_scale=0.7000,torch_deterministic=True,total_timesteps=50000,track=False,update_epochs=100,use_kl_loss=False,wandb_entity=None,wandb_project_name=QREPS_cleanRL",QREPS,0,True,True,False,QREPS_cleanRL,,False,LunarLander-v2,50000,4,128,False,0.99,4,0.001,0.001,6.0,,0.002,100,True,0.7,True,False,<class '__main__.ExponentiatedGradientSampler'>,True,0.01,False,0,0,0,0
940f53e5,-1000,1712829475,,True,36,2024-04-11_11-57-55,7.106754779815674,29.001055240631104,86124,Nicolass-Air.technicolor.net,127.0.0.1,29.001055240631104,36,"75_trial_index=0,alpha=4.0000,anneal_lr=False,autotune=True,batch_size=0,beta=0.0002,capture_video=False,cuda=True,env_id=LunarLander-v2,eta=None,exp_name=QREPS,gamma=0.9900,minibatch_size=0,num_envs=8,num_iterations=0,num_minibatches=4,num_steps=128,parametrized_sampler=True,policy_lr_start=0.1000,q_histogram=False,q_lr_start=0.0010,saddle_point_optimization=True,sampler=ref_ph_15c28de2,sampler_lr=0.0010,seed=0,target_entropy_scale=0.8900,torch_deterministic=True,total_timesteps=50000,track=False,update_epochs=300,use_kl_loss=False,wandb_entity=None,wandb_project_name=QREPS_cleanRL",QREPS,0,True,True,False,QREPS_cleanRL,,False,LunarLander-v2,50000,8,128,False,0.99,4,0.1,0.001,4.0,,0.0002,300,True,0.89,True,False,<class '__main__.ExponentiatedGradientSampler'>,True,0.001,False,0,0,0,0
cd1fca91,-1000,1712829561,,True,217,2024-04-11_11-59-21,0.057662010192871094,104.96521711349487,86129,Nicolass-Air.technicolor.net,127.0.0.1,104.96521711349487,217,"76_trial_index=0,alpha=4.0000,anneal_lr=False,autotune=True,batch_size=0,beta=0.0000,capture_video=False,cuda=True,env_id=LunarLander-v2,eta=None,exp_name=QREPS,gamma=0.9900,minibatch_size=0,num_envs=4,num_iterations=0,num_minibatches=8,num_steps=500,parametrized_sampler=True,policy_lr_start=0.0025,q_histogram=False,q_lr_start=0.0010,saddle_point_optimization=True,sampler=ref_ph_15c28de2,sampler_lr=0.0001,seed=0,target_entropy_scale=0.5000,torch_deterministic=True,total_timesteps=50000,track=False,update_epochs=100,use_kl_loss=True,wandb_entity=None,wandb_project_name=QREPS_cleanRL",QREPS,0,True,True,False,QREPS_cleanRL,,False,LunarLander-v2,50000,4,500,False,0.99,8,0.0025,0.001,4.0,,4e-05,100,True,0.5,True,True,<class '__main__.ExponentiatedGradientSampler'>,True,0.0001,False,0,0,0,0
e69aba5e,[-52.099285],1712830221,,True,439,2024-04-11_12-10-21,0.008425235748291016,756.7744472026825,86137,Nicolass-Air.technicolor.net,127.0.0.1,756.7744472026825,439,"77_trial_index=0,alpha=8.0000,anneal_lr=True,autotune=True,batch_size=0,beta=0.1000,capture_video=False,cuda=True,env_id=LunarLander-v2,eta=None,exp_name=QREPS,gamma=0.9900,minibatch_size=0,num_envs=8,num_iterations=0,num_minibatches=4,num_steps=500,parametrized_sampler=True,policy_lr_start=0.0010,q_histogram=False,q_lr_start=0.0003,saddle_point_optimization=True,sampler=ref_ph_15c28de2,sampler_lr=0.0001,seed=0,target_entropy_scale=0.3000,torch_deterministic=True,total_timesteps=50000,track=False,update_epochs=300,use_kl_loss=False,wandb_entity=None,wandb_project_name=QREPS_cleanRL",QREPS,0,True,True,False,QREPS_cleanRL,,False,LunarLander-v2,50000,8,500,True,0.99,4,0.001,0.00025,8.0,,0.1,300,True,0.3,True,False,<class '__main__.ExponentiatedGradientSampler'>,True,0.0001,False,0,0,0,0
090dad33,[32.760086],1712829828,,True,491,2024-04-11_12-03-48,0.0045778751373291016,351.664181470871,86146,Nicolass-Air.technicolor.net,127.0.0.1,351.664181470871,491,"78_trial_index=0,alpha=8.0000,anneal_lr=True,autotune=False,batch_size=0,beta=0.0002,capture_video=False,cuda=True,env_id=LunarLander-v2,eta=None,exp_name=QREPS,gamma=0.9900,minibatch_size=0,num_envs=4,num_iterations=0,num_minibatches=8,num_steps=128,parametrized_sampler=True,policy_lr_start=0.0025,q_histogram=False,q_lr_start=0.0010,saddle_point_optimization=True,sampler=ref_ph_15c28de2,sampler_lr=0.0100,seed=0,target_entropy_scale=0.5000,torch_deterministic=True,total_timesteps=50000,track=False,update_epochs=100,use_kl_loss=False,wandb_entity=None,wandb_project_name=QREPS_cleanRL",QREPS,0,True,True,False,QREPS_cleanRL,,False,LunarLander-v2,50000,4,128,True,0.99,8,0.0025,0.001,8.0,,0.0002,100,False,0.5,True,False,<class '__main__.ExponentiatedGradientSampler'>,True,0.01,False,0,0,0,0
f2572bd0,[-186.74619],1712830258,,True,342,2024-04-11_12-10-58,0.01595306396484375,777.6840012073517,86152,Nicolass-Air.technicolor.net,127.0.0.1,777.6840012073517,342,"79_trial_index=0,alpha=4.0000,anneal_lr=False,autotune=True,batch_size=0,beta=0.0000,capture_video=False,cuda=True,env_id=LunarLander-v2,eta=None,exp_name=QREPS,gamma=0.9900,minibatch_size=0,num_envs=4,num_iterations=0,num_minibatches=4,num_steps=128,parametrized_sampler=True,policy_lr_start=0.0010,q_histogram=False,q_lr_start=0.0003,saddle_point_optimization=True,sampler=ref_ph_15c28de2,sampler_lr=0.0010,seed=0,target_entropy_scale=0.8900,torch_deterministic=True,total_timesteps=50000,track=False,update_epochs=300,use_kl_loss=False,wandb_entity=None,wandb_project_name=QREPS_cleanRL",QREPS,0,True,True,False,QREPS_cleanRL,,False,LunarLander-v2,50000,4,128,False,0.99,4,0.001,0.00025,4.0,,4e-05,300,True,0.89,True,False,<class '__main__.ExponentiatedGradientSampler'>,True,0.001,False,0,0,0,0
68bd5155,-1000,1712829682,,True,133,2024-04-11_12-01-22,31.06637215614319,194.067884683609,86164,Nicolass-Air.technicolor.net,127.0.0.1,194.067884683609,133,"80_trial_index=0,alpha=4.0000,anneal_lr=False,autotune=True,batch_size=0,beta=0.0000,capture_video=False,cuda=True,env_id=LunarLander-v2,eta=None,exp_name=QREPS,gamma=0.9900,minibatch_size=0,num_envs=8,num_iterations=0,num_minibatches=4,num_steps=500,parametrized_sampler=True,policy_lr_start=0.0025,q_histogram=False,q_lr_start=0.0010,saddle_point_optimization=True,sampler=ref_ph_15c28de2,sampler_lr=0.0100,seed=0,target_entropy_scale=0.5000,torch_deterministic=True,total_timesteps=50000,track=False,update_epochs=300,use_kl_loss=True,wandb_entity=None,wandb_project_name=QREPS_cleanRL",QREPS,0,True,True,False,QREPS_cleanRL,,False,LunarLander-v2,50000,8,500,False,0.99,4,0.0025,0.001,4.0,,4e-05,300,True,0.5,True,True,<class '__main__.ExponentiatedGradientSampler'>,True,0.01,False,0,0,0,0
fc2f9e8b,[-405.22946],1712829779,,True,296,2024-04-11_12-02-59,0.025960206985473633,278.91862511634827,86173,Nicolass-Air.technicolor.net,127.0.0.1,278.91862511634827,296,"81_trial_index=0,alpha=2.0000,anneal_lr=False,autotune=False,batch_size=0,beta=0.0002,capture_video=False,cuda=True,env_id=LunarLander-v2,eta=None,exp_name=QREPS,gamma=0.9900,minibatch_size=0,num_envs=8,num_iterations=0,num_minibatches=16,num_steps=500,parametrized_sampler=True,policy_lr_start=0.0003,q_histogram=False,q_lr_start=0.0003,saddle_point_optimization=True,sampler=ref_ph_15c28de2,sampler_lr=0.0010,seed=0,target_entropy_scale=0.3000,torch_deterministic=True,total_timesteps=50000,track=False,update_epochs=100,use_kl_loss=True,wandb_entity=None,wandb_project_name=QREPS_cleanRL",QREPS,0,True,True,False,QREPS_cleanRL,,False,LunarLander-v2,50000,8,500,False,0.99,16,0.00025,0.00025,2.0,,0.0002,100,False,0.3,True,True,<class '__main__.ExponentiatedGradientSampler'>,True,0.001,False,0,0,0,0
8fa1e956,[-226.51947],1712829827,,True,224,2024-04-11_12-03-47,0.024097919464111328,316.08883357048035,86183,Nicolass-Air.technicolor.net,127.0.0.1,316.08883357048035,224,"82_trial_index=0,alpha=1.5000,anneal_lr=True,autotune=False,batch_size=0,beta=0.0000,capture_video=False,cuda=True,env_id=LunarLander-v2,eta=None,exp_name=QREPS,gamma=0.9900,minibatch_size=0,num_envs=4,num_iterations=0,num_minibatches=8,num_steps=256,parametrized_sampler=True,policy_lr_start=0.0003,q_histogram=False,q_lr_start=0.0003,saddle_point_optimization=True,sampler=ref_ph_15c28de2,sampler_lr=0.0010,seed=0,target_entropy_scale=0.7000,torch_deterministic=True,total_timesteps=50000,track=False,update_epochs=100,use_kl_loss=False,wandb_entity=None,wandb_project_name=QREPS_cleanRL",QREPS,0,True,True,False,QREPS_cleanRL,,False,LunarLander-v2,50000,4,256,True,0.99,8,0.00025,0.00025,1.5,,4e-05,100,False,0.7,True,False,<class '__main__.ExponentiatedGradientSampler'>,True,0.001,False,0,0,0,0
3ff3102a,[-307.45178],1712830297,,True,446,2024-04-11_12-11-37,0.014274120330810547,20.903512716293335,86788,Nicolass-Air.technicolor.net,127.0.0.1,20.903512716293335,446,"83_trial_index=0,alpha=6.0000,anneal_lr=True,autotune=False,batch_size=0,beta=0.0000,capture_video=False,cuda=True,env_id=LunarLander-v2,eta=None,exp_name=QREPS,gamma=0.9900,minibatch_size=0,num_envs=4,num_iterations=0,num_minibatches=4,num_steps=256,parametrized_sampler=True,policy_lr_start=0.0010,q_histogram=False,q_lr_start=0.0003,saddle_point_optimization=True,sampler=ref_ph_15c28de2,sampler_lr=0.0010,seed=0,target_entropy_scale=0.7000,torch_deterministic=True,total_timesteps=50000,track=False,update_epochs=10,use_kl_loss=True,wandb_entity=None,wandb_project_name=QREPS_cleanRL",QREPS,0,True,True,False,QREPS_cleanRL,,False,LunarLander-v2,50000,4,256,True,0.99,4,0.001,0.00025,6.0,,4e-05,10,False,0.7,True,True,<class '__main__.ExponentiatedGradientSampler'>,True,0.001,False,0,0,0,0
898fe468,[-117.81358],1712830520,,True,695,2024-04-11_12-15-20,0.00021791458129882812,233.44324326515198,86794,Nicolass-Air.technicolor.net,127.0.0.1,233.44324326515198,695,"84_trial_index=0,alpha=6.0000,anneal_lr=True,autotune=False,batch_size=0,beta=0.0002,capture_video=False,cuda=True,env_id=LunarLander-v2,eta=None,exp_name=QREPS,gamma=0.9900,minibatch_size=0,num_envs=4,num_iterations=0,num_minibatches=16,num_steps=256,parametrized_sampler=True,policy_lr_start=0.1000,q_histogram=False,q_lr_start=0.0003,saddle_point_optimization=True,sampler=ref_ph_15c28de2,sampler_lr=0.0010,seed=0,target_entropy_scale=0.5000,torch_deterministic=True,total_timesteps=50000,track=False,update_epochs=100,use_kl_loss=True,wandb_entity=None,wandb_project_name=QREPS_cleanRL",QREPS,0,True,True,False,QREPS_cleanRL,,False,LunarLander-v2,50000,4,256,True,0.99,16,0.1,0.00025,6.0,,0.0002,100,False,0.5,True,True,<class '__main__.ExponentiatedGradientSampler'>,True,0.001,False,0,0,0,0
5015e159,[-358.11148],1712830527,,True,388,2024-04-11_12-15-27,0.0043849945068359375,236.29981064796448,86800,Nicolass-Air.technicolor.net,127.0.0.1,236.29981064796448,388,"85_trial_index=0,alpha=4.0000,anneal_lr=False,autotune=False,batch_size=0,beta=0.0002,capture_video=False,cuda=True,env_id=LunarLander-v2,eta=None,exp_name=QREPS,gamma=0.9900,minibatch_size=0,num_envs=4,num_iterations=0,num_minibatches=16,num_steps=500,parametrized_sampler=True,policy_lr_start=0.1000,q_histogram=False,q_lr_start=0.0003,saddle_point_optimization=True,sampler=ref_ph_15c28de2,sampler_lr=0.0010,seed=0,target_entropy_scale=0.5000,torch_deterministic=True,total_timesteps=50000,track=False,update_epochs=100,use_kl_loss=False,wandb_entity=None,wandb_project_name=QREPS_cleanRL",QREPS,0,True,True,False,QREPS_cleanRL,,False,LunarLander-v2,50000,4,500,False,0.99,16,0.1,0.00025,4.0,,0.0002,100,False,0.5,True,False,<class '__main__.ExponentiatedGradientSampler'>,True,0.001,False,0,0,0,0
5bffed30,[-95.73379],1712830331,,True,463,2024-04-11_12-12-11,0.023845672607421875,32.87137269973755,86813,Nicolass-Air.technicolor.net,127.0.0.1,32.87137269973755,463,"86_trial_index=0,alpha=4.0000,anneal_lr=True,autotune=False,batch_size=0,beta=0.0000,capture_video=False,cuda=True,env_id=LunarLander-v2,eta=None,exp_name=QREPS,gamma=0.9900,minibatch_size=0,num_envs=8,num_iterations=0,num_minibatches=4,num_steps=256,parametrized_sampler=True,policy_lr_start=0.0010,q_histogram=False,q_lr_start=0.0003,saddle_point_optimization=True,sampler=ref_ph_15c28de2,sampler_lr=0.0010,seed=0,target_entropy_scale=0.7000,torch_deterministic=True,total_timesteps=50000,track=False,update_epochs=10,use_kl_loss=True,wandb_entity=None,wandb_project_name=QREPS_cleanRL",QREPS,0,True,True,False,QREPS_cleanRL,,False,LunarLander-v2,50000,8,256,True,0.99,4,0.001,0.00025,4.0,,4e-05,10,False,0.7,True,True,<class '__main__.ExponentiatedGradientSampler'>,True,0.001,False,0,0,0,0
9af2d2b7,[-82.89753],1712830343,,True,389,2024-04-11_12-12-23,0.02422785758972168,37.552525758743286,86821,Nicolass-Air.technicolor.net,127.0.0.1,37.552525758743286,389,"87_trial_index=0,alpha=4.0000,anneal_lr=False,autotune=False,batch_size=0,beta=0.0002,capture_video=False,cuda=True,env_id=LunarLander-v2,eta=None,exp_name=QREPS,gamma=0.9900,minibatch_size=0,num_envs=4,num_iterations=0,num_minibatches=8,num_steps=256,parametrized_sampler=True,policy_lr_start=0.0003,q_histogram=False,q_lr_start=0.0003,saddle_point_optimization=True,sampler=ref_ph_15c28de2,sampler_lr=0.0010,seed=0,target_entropy_scale=0.7000,torch_deterministic=True,total_timesteps=50000,track=False,update_epochs=10,use_kl_loss=False,wandb_entity=None,wandb_project_name=QREPS_cleanRL",QREPS,0,True,True,False,QREPS_cleanRL,,False,LunarLander-v2,50000,4,256,False,0.99,8,0.00025,0.00025,4.0,,0.0002,10,False,0.7,True,False,<class '__main__.ExponentiatedGradientSampler'>,True,0.001,False,0,0,0,0
4d11349f,[-505.04092],1712830590,,True,636,2024-04-11_12-16-30,0.0062139034271240234,274.49702501296997,86833,Nicolass-Air.technicolor.net,127.0.0.1,274.49702501296997,636,"88_trial_index=0,alpha=4.0000,anneal_lr=False,autotune=False,batch_size=0,beta=0.0000,capture_video=False,cuda=True,env_id=LunarLander-v2,eta=None,exp_name=QREPS,gamma=0.9900,minibatch_size=0,num_envs=8,num_iterations=0,num_minibatches=8,num_steps=500,parametrized_sampler=True,policy_lr_start=0.0025,q_histogram=False,q_lr_start=0.0010,saddle_point_optimization=True,sampler=ref_ph_15c28de2,sampler_lr=0.0010,seed=0,target_entropy_scale=0.5000,torch_deterministic=True,total_timesteps=50000,track=False,update_epochs=100,use_kl_loss=False,wandb_entity=None,wandb_project_name=QREPS_cleanRL",QREPS,0,True,True,False,QREPS_cleanRL,,False,LunarLander-v2,50000,8,500,False,0.99,8,0.0025,0.001,4.0,,4e-05,100,False,0.5,True,False,<class '__main__.ExponentiatedGradientSampler'>,True,0.001,False,0,0,0,0
5ef67d40,[-592.6675],1712830613,,True,353,2024-04-11_12-16-53,0.0019078254699707031,290.07754349708557,86862,Nicolass-Air.technicolor.net,127.0.0.1,290.07754349708557,353,"89_trial_index=0,alpha=1.5000,anneal_lr=False,autotune=False,batch_size=0,beta=0.0000,capture_video=False,cuda=True,env_id=LunarLander-v2,eta=None,exp_name=QREPS,gamma=0.9900,minibatch_size=0,num_envs=4,num_iterations=0,num_minibatches=2,num_steps=500,parametrized_sampler=True,policy_lr_start=0.0025,q_histogram=False,q_lr_start=0.0003,saddle_point_optimization=True,sampler=ref_ph_15c28de2,sampler_lr=0.0010,seed=0,target_entropy_scale=0.5000,torch_deterministic=True,total_timesteps=50000,track=False,update_epochs=100,use_kl_loss=False,wandb_entity=None,wandb_project_name=QREPS_cleanRL",QREPS,0,True,True,False,QREPS_cleanRL,,False,LunarLander-v2,50000,4,500,False,0.99,2,0.0025,0.00025,1.5,,4e-05,100,False,0.5,True,False,<class '__main__.ExponentiatedGradientSampler'>,True,0.001,False,0,0,0,0
c6a5890c,[-126.46988],1712830638,,True,305,2024-04-11_12-17-18,0.007308006286621094,304.19042682647705,86890,Nicolass-Air.technicolor.net,127.0.0.1,304.19042682647705,305,"90_trial_index=0,alpha=8.0000,anneal_lr=False,autotune=True,batch_size=0,beta=0.0002,capture_video=False,cuda=True,env_id=LunarLander-v2,eta=None,exp_name=QREPS,gamma=0.9900,minibatch_size=0,num_envs=4,num_iterations=0,num_minibatches=4,num_steps=256,parametrized_sampler=True,policy_lr_start=0.0025,q_histogram=False,q_lr_start=0.0003,saddle_point_optimization=True,sampler=ref_ph_15c28de2,sampler_lr=0.0001,seed=0,target_entropy_scale=0.5000,torch_deterministic=True,total_timesteps=50000,track=False,update_epochs=100,use_kl_loss=False,wandb_entity=None,wandb_project_name=QREPS_cleanRL",QREPS,0,True,True,False,QREPS_cleanRL,,False,LunarLander-v2,50000,4,256,False,0.99,4,0.0025,0.00025,8.0,,0.0002,100,True,0.5,True,False,<class '__main__.ExponentiatedGradientSampler'>,True,0.0001,False,0,0,0,0
aa2300bd,[-345.65265],1712830636,,True,340,2024-04-11_12-17-16,0.013293027877807617,289.50017046928406,86900,Nicolass-Air.technicolor.net,127.0.0.1,289.50017046928406,340,"91_trial_index=0,alpha=1.5000,anneal_lr=True,autotune=False,batch_size=0,beta=0.0000,capture_video=False,cuda=True,env_id=LunarLander-v2,eta=None,exp_name=QREPS,gamma=0.9900,minibatch_size=0,num_envs=8,num_iterations=0,num_minibatches=2,num_steps=256,parametrized_sampler=True,policy_lr_start=0.0025,q_histogram=False,q_lr_start=0.0003,saddle_point_optimization=True,sampler=ref_ph_15c28de2,sampler_lr=0.0001,seed=0,target_entropy_scale=0.5000,torch_deterministic=True,total_timesteps=50000,track=False,update_epochs=100,use_kl_loss=False,wandb_entity=None,wandb_project_name=QREPS_cleanRL",QREPS,0,True,True,False,QREPS_cleanRL,,False,LunarLander-v2,50000,8,256,True,0.99,2,0.0025,0.00025,1.5,,4e-05,100,False,0.5,True,False,<class '__main__.ExponentiatedGradientSampler'>,True,0.0001,False,0,0,0,0
9bde40ef,-1000,1712830655,,True,16,2024-04-11_12-17-35,2.5041158199310303,5.6387786865234375,87249,Nicolass-Air.technicolor.net,127.0.0.1,5.6387786865234375,16,"92_trial_index=0,alpha=1.5000,anneal_lr=True,autotune=True,batch_size=0,beta=0.1000,capture_video=False,cuda=True,env_id=LunarLander-v2,eta=None,exp_name=QREPS,gamma=0.9900,minibatch_size=0,num_envs=8,num_iterations=0,num_minibatches=8,num_steps=128,parametrized_sampler=True,policy_lr_start=0.0025,q_histogram=False,q_lr_start=0.0010,saddle_point_optimization=True,sampler=ref_ph_15c28de2,sampler_lr=0.0100,seed=0,target_entropy_scale=0.5000,torch_deterministic=True,total_timesteps=50000,track=False,update_epochs=100,use_kl_loss=True,wandb_entity=None,wandb_project_name=QREPS_cleanRL",QREPS,0,True,True,False,QREPS_cleanRL,,False,LunarLander-v2,50000,8,128,True,0.99,8,0.0025,0.001,1.5,,0.1,100,True,0.5,True,True,<class '__main__.ExponentiatedGradientSampler'>,True,0.01,False,0,0,0,0
d84a883a,-1000,1712830659,,True,18,2024-04-11_12-17-39,0.9613730907440186,4.134364604949951,87255,Nicolass-Air.technicolor.net,127.0.0.1,4.134364604949951,18,"93_trial_index=0,alpha=2.0000,anneal_lr=False,autotune=False,batch_size=0,beta=0.1000,capture_video=False,cuda=True,env_id=LunarLander-v2,eta=None,exp_name=QREPS,gamma=0.9900,minibatch_size=0,num_envs=4,num_iterations=0,num_minibatches=8,num_steps=128,parametrized_sampler=True,policy_lr_start=0.0025,q_histogram=False,q_lr_start=0.0010,saddle_point_optimization=True,sampler=ref_ph_15c28de2,sampler_lr=0.0100,seed=0,target_entropy_scale=0.5000,torch_deterministic=True,total_timesteps=50000,track=False,update_epochs=100,use_kl_loss=True,wandb_entity=None,wandb_project_name=QREPS_cleanRL",QREPS,0,True,True,False,QREPS_cleanRL,,False,LunarLander-v2,50000,4,128,False,0.99,8,0.0025,0.001,2.0,,0.1,100,False,0.5,True,True,<class '__main__.ExponentiatedGradientSampler'>,True,0.01,False,0,0,0,0
00d42342,[-92.42283],1712830960,,True,299,2024-04-11_12-22-40,0.04449200630187988,295.37158036231995,87260,Nicolass-Air.technicolor.net,127.0.0.1,295.37158036231995,299,"94_trial_index=0,alpha=6.0000,anneal_lr=True,autotune=True,batch_size=0,beta=0.0002,capture_video=False,cuda=True,env_id=LunarLander-v2,eta=None,exp_name=QREPS,gamma=0.9900,minibatch_size=0,num_envs=4,num_iterations=0,num_minibatches=2,num_steps=256,parametrized_sampler=True,policy_lr_start=0.0025,q_histogram=False,q_lr_start=0.0003,saddle_point_optimization=True,sampler=ref_ph_15c28de2,sampler_lr=0.0001,seed=0,target_entropy_scale=0.5000,torch_deterministic=True,total_timesteps=50000,track=False,update_epochs=100,use_kl_loss=False,wandb_entity=None,wandb_project_name=QREPS_cleanRL",QREPS,0,True,True,False,QREPS_cleanRL,,False,LunarLander-v2,50000,4,256,True,0.99,2,0.0025,0.00025,6.0,,0.0002,100,True,0.5,True,False,<class '__main__.ExponentiatedGradientSampler'>,True,0.0001,False,0,0,0,0
a1dc4a54,-1000,1712830778,,True,198,2024-04-11_12-19-38,0.08637595176696777,110.24335789680481,87265,Nicolass-Air.technicolor.net,127.0.0.1,110.24335789680481,198,"95_trial_index=0,alpha=2.0000,anneal_lr=False,autotune=True,batch_size=0,beta=0.0002,capture_video=False,cuda=True,env_id=LunarLander-v2,eta=None,exp_name=QREPS,gamma=0.9900,minibatch_size=0,num_envs=8,num_iterations=0,num_minibatches=4,num_steps=256,parametrized_sampler=True,policy_lr_start=0.0025,q_histogram=False,q_lr_start=0.0010,saddle_point_optimization=True,sampler=ref_ph_15c28de2,sampler_lr=0.0001,seed=0,target_entropy_scale=0.5000,torch_deterministic=True,total_timesteps=50000,track=False,update_epochs=100,use_kl_loss=True,wandb_entity=None,wandb_project_name=QREPS_cleanRL",QREPS,0,True,True,False,QREPS_cleanRL,,False,LunarLander-v2,50000,8,256,False,0.99,4,0.0025,0.001,2.0,,0.0002,100,True,0.5,True,True,<class '__main__.ExponentiatedGradientSampler'>,True,0.0001,False,0,0,0,0
e76fd42f,[-228.32777],1712830958,,True,336,2024-04-11_12-22-38,0.022461891174316406,282.727933883667,87270,Nicolass-Air.technicolor.net,127.0.0.1,282.727933883667,336,"96_trial_index=0,alpha=1.5000,anneal_lr=False,autotune=True,batch_size=0,beta=0.1000,capture_video=False,cuda=True,env_id=LunarLander-v2,eta=None,exp_name=QREPS,gamma=0.9900,minibatch_size=0,num_envs=8,num_iterations=0,num_minibatches=8,num_steps=500,parametrized_sampler=True,policy_lr_start=0.0025,q_histogram=False,q_lr_start=0.0003,saddle_point_optimization=True,sampler=ref_ph_15c28de2,sampler_lr=0.0010,seed=0,target_entropy_scale=0.5000,torch_deterministic=True,total_timesteps=50000,track=False,update_epochs=100,use_kl_loss=True,wandb_entity=None,wandb_project_name=QREPS_cleanRL",QREPS,0,True,True,False,QREPS_cleanRL,,False,LunarLander-v2,50000,8,500,False,0.99,8,0.0025,0.00025,1.5,,0.1,100,True,0.5,True,True,<class '__main__.ExponentiatedGradientSampler'>,True,0.001,False,0,0,0,0
008f737d,[-172.21039],1712830836,,True,192,2024-04-11_12-20-36,0.013774871826171875,153.57519340515137,87280,Nicolass-Air.technicolor.net,127.0.0.1,153.57519340515137,192,"97_trial_index=0,alpha=8,anneal_lr=False,autotune=True,batch_size=0,beta=0.0000,capture_video=False,cuda=True,env_id=LunarLander-v2,eta=None,exp_name=QREPS,gamma=0.9900,minibatch_size=0,num_envs=4,num_iterations=0,num_minibatches=2,num_steps=256,parametrized_sampler=True,policy_lr_start=0.0025,q_histogram=False,q_lr_start=0.0010,saddle_point_optimization=True,sampler=ref_ph_15c28de2,sampler_lr=0.0010,seed=0,target_entropy_scale=0.8900,torch_deterministic=True,total_timesteps=50000,track=False,update_epochs=50,use_kl_loss=True,wandb_entity=None,wandb_project_name=QREPS_cleanRL",QREPS,0,True,True,False,QREPS_cleanRL,,False,LunarLander-v2,50000,4,256,False,0.99,2,0.0025,0.001,8.0,,4e-05,50,True,0.89,True,True,<class '__main__.ExponentiatedGradientSampler'>,True,0.001,False,0,0,0,0
25c15e00,[-387.69897],1712830968,,True,545,2024-04-11_12-22-48,0.013445138931274414,275.54018545150757,87298,Nicolass-Air.technicolor.net,127.0.0.1,275.54018545150757,545,"98_trial_index=0,alpha=8,anneal_lr=True,autotune=True,batch_size=0,beta=0.1000,capture_video=False,cuda=True,env_id=LunarLander-v2,eta=None,exp_name=QREPS,gamma=0.9900,minibatch_size=0,num_envs=4,num_iterations=0,num_minibatches=4,num_steps=128,parametrized_sampler=True,policy_lr_start=0.0025,q_histogram=False,q_lr_start=0.0010,saddle_point_optimization=True,sampler=ref_ph_15c28de2,sampler_lr=0.0100,seed=0,target_entropy_scale=0.8900,torch_deterministic=True,total_timesteps=50000,track=False,update_epochs=100,use_kl_loss=True,wandb_entity=None,wandb_project_name=QREPS_cleanRL",QREPS,0,True,True,False,QREPS_cleanRL,,False,LunarLander-v2,50000,4,128,True,0.99,4,0.0025,0.001,8.0,,0.1,100,True,0.89,True,True,<class '__main__.ExponentiatedGradientSampler'>,True,0.01,False,0,0,0,0
a3ce91a1,[-114.81826],1712830876,,True,306,2024-04-11_12-21-16,0.022298812866210938,175.8557801246643,87313,Nicolass-Air.technicolor.net,127.0.0.1,175.8557801246643,306,"99_trial_index=0,alpha=8,anneal_lr=True,autotune=True,batch_size=0,beta=0.0020,capture_video=False,cuda=True,env_id=LunarLander-v2,eta=None,exp_name=QREPS,gamma=0.9900,minibatch_size=0,num_envs=4,num_iterations=0,num_minibatches=4,num_steps=256,parametrized_sampler=True,policy_lr_start=0.0025,q_histogram=False,q_lr_start=0.0010,saddle_point_optimization=True,sampler=ref_ph_15c28de2,sampler_lr=0.0010,seed=0,target_entropy_scale=0.8900,torch_deterministic=True,total_timesteps=50000,track=False,update_epochs=50,use_kl_loss=False,wandb_entity=None,wandb_project_name=QREPS_cleanRL",QREPS,0,True,True,False,QREPS_cleanRL,,False,LunarLander-v2,50000,4,256,True,0.99,4,0.0025,0.001,8.0,,0.002,50,True,0.89,True,False,<class '__main__.ExponentiatedGradientSampler'>,True,0.001,False,0,0,0,0
d584f4c7,-1000,1712830748,,True,80,2024-04-11_12-19-08,6.397559881210327,39.947025775909424,87324,Nicolass-Air.technicolor.net,127.0.0.1,39.947025775909424,80,"100_trial_index=0,alpha=8,anneal_lr=False,autotune=False,batch_size=0,beta=0.0000,capture_video=False,cuda=True,env_id=LunarLander-v2,eta=None,exp_name=QREPS,gamma=0.9900,minibatch_size=0,num_envs=4,num_iterations=0,num_minibatches=4,num_steps=256,parametrized_sampler=True,policy_lr_start=0.0025,q_histogram=False,q_lr_start=0.0010,saddle_point_optimization=True,sampler=ref_ph_15c28de2,sampler_lr=0.0100,seed=0,target_entropy_scale=0.5000,torch_deterministic=True,total_timesteps=50000,track=False,update_epochs=100,use_kl_loss=True,wandb_entity=None,wandb_project_name=QREPS_cleanRL",QREPS,0,True,True,False,QREPS_cleanRL,,False,LunarLander-v2,50000,4,256,False,0.99,4,0.0025,0.001,8.0,,4e-05,100,False,0.5,True,True,<class '__main__.ExponentiatedGradientSampler'>,True,0.01,False,0,0,0,0
