trial_id,reward,timestamp,checkpoint_dir_name,done,training_iteration,date,time_this_iter_s,time_total_s,pid,hostname,node_ip,time_since_restore,iterations_since_restore,experiment_tag,config/exp_name,config/seed,config/torch_deterministic,config/cuda,config/track,config/wandb_project_name,config/wandb_entity,config/capture_video,config/env_id,config/total_timesteps,config/num_envs,config/num_steps,config/anneal_lr,config/gamma,config/num_minibatches,config/policy_lr_start,config/q_lr_start,config/alpha,config/eta,config/beta,config/update_epochs,config/saddle_point_optimization,config/use_kl_loss,config/sampler,config/parametrized_sampler,config/q_histogram,config/batch_size,config/minibatch_size,config/num_iterations,config/__trial_index__
9410279f,-1000.0,1712921594,,True,18,2024-04-12_13-33-14,0.02827000617980957,119.1997857093811,15157,Nicolass-Air.technicolor.net,127.0.0.1,119.1997857093811,18,"1_trial_index=0,alpha=4.7807,anneal_lr=True,batch_size=0,beta=0.0010,capture_video=False,cuda=True,env_id=LunarLander-v2,eta=None,exp_name=QREPS,gamma=0.9900,minibatch_size=0,num_envs=8,num_iterations=0,num_minibatches=4,num_steps=128,parametrized_sampler=True,policy_lr_start=0.0057,q_histogram=False,q_lr_start=0.0024,saddle_point_optimization=True,sampler=ref_ph_15c28de2,seed=0,torch_deterministic=True,total_timesteps=100000,track=False,update_epochs=100,use_kl_loss=False,wandb_entity=None,wandb_project_name=QREPS_cleanRL",QREPS,0,True,True,False,QREPS_cleanRL,,False,LunarLander-v2,100000,8,128,True,0.99,4,0.005720128141481768,0.0023990534850877416,4.7806624252058345,,0.0009616651590267087,100,True,False,<class '__main__.ExponentiatedGradientSampler'>,True,False,0,0,0,0
a1867ee8,-1000.0,1712921696,,True,34,2024-04-12_13-34-56,2.5946388244628906,212.60111546516418,15183,Nicolass-Air.technicolor.net,127.0.0.1,212.60111546516418,34,"2_trial_index=1,alpha=4.7807,anneal_lr=True,batch_size=0,beta=0.0010,capture_video=False,cuda=True,env_id=LunarLander-v2,eta=None,exp_name=QREPS,gamma=0.9900,minibatch_size=0,num_envs=8,num_iterations=0,num_minibatches=4,num_steps=128,parametrized_sampler=True,policy_lr_start=0.0057,q_histogram=False,q_lr_start=0.0024,saddle_point_optimization=True,sampler=ref_ph_15c28de2,seed=0,torch_deterministic=True,total_timesteps=100000,track=False,update_epochs=100,use_kl_loss=False,wandb_entity=None,wandb_project_name=QREPS_cleanRL",QREPS,0,True,True,False,QREPS_cleanRL,,False,LunarLander-v2,100000,8,128,True,0.99,4,0.005720128141481768,0.0023990534850877416,4.7806624252058345,,0.0009616651590267087,100,True,False,<class '__main__.ExponentiatedGradientSampler'>,True,False,0,0,0,1
c7657a51,-1000.0,1712921648,,True,24,2024-04-12_13-34-08,4.3047449588775635,152.71901893615723,15190,Nicolass-Air.technicolor.net,127.0.0.1,152.71901893615723,24,"3_trial_index=2,alpha=4.7807,anneal_lr=True,batch_size=0,beta=0.0010,capture_video=False,cuda=True,env_id=LunarLander-v2,eta=None,exp_name=QREPS,gamma=0.9900,minibatch_size=0,num_envs=8,num_iterations=0,num_minibatches=4,num_steps=128,parametrized_sampler=True,policy_lr_start=0.0057,q_histogram=False,q_lr_start=0.0024,saddle_point_optimization=True,sampler=ref_ph_15c28de2,seed=0,torch_deterministic=True,total_timesteps=100000,track=False,update_epochs=100,use_kl_loss=False,wandb_entity=None,wandb_project_name=QREPS_cleanRL",QREPS,0,True,True,False,QREPS_cleanRL,,False,LunarLander-v2,100000,8,128,True,0.99,4,0.005720128141481768,0.0023990534850877416,4.7806624252058345,,0.0009616651590267087,100,True,False,<class '__main__.ExponentiatedGradientSampler'>,True,False,0,0,0,2
fa42e129,-1000.0,1712921526,,True,3,2024-04-12_13-32-06,5.815059185028076,15.971226453781128,15197,Nicolass-Air.technicolor.net,127.0.0.1,15.971226453781128,3,"4_trial_index=3,alpha=4.7807,anneal_lr=True,batch_size=0,beta=0.0010,capture_video=False,cuda=True,env_id=LunarLander-v2,eta=None,exp_name=QREPS,gamma=0.9900,minibatch_size=0,num_envs=8,num_iterations=0,num_minibatches=4,num_steps=128,parametrized_sampler=True,policy_lr_start=0.0057,q_histogram=False,q_lr_start=0.0024,saddle_point_optimization=True,sampler=ref_ph_15c28de2,seed=0,torch_deterministic=True,total_timesteps=100000,track=False,update_epochs=100,use_kl_loss=False,wandb_entity=None,wandb_project_name=QREPS_cleanRL",QREPS,0,True,True,False,QREPS_cleanRL,,False,LunarLander-v2,100000,8,128,True,0.99,4,0.005720128141481768,0.0023990534850877416,4.7806624252058345,,0.0009616651590267087,100,True,False,<class '__main__.ExponentiatedGradientSampler'>,True,False,0,0,0,3
ffa2aefb,-1000.0,1712921628,,True,17,2024-04-12_13-33-48,2.6982510089874268,101.19134593009949,15213,Nicolass-Air.technicolor.net,127.0.0.1,101.19134593009949,17,"5_trial_index=4,alpha=4.7807,anneal_lr=True,batch_size=0,beta=0.0010,capture_video=False,cuda=True,env_id=LunarLander-v2,eta=None,exp_name=QREPS,gamma=0.9900,minibatch_size=0,num_envs=8,num_iterations=0,num_minibatches=4,num_steps=128,parametrized_sampler=True,policy_lr_start=0.0057,q_histogram=False,q_lr_start=0.0024,saddle_point_optimization=True,sampler=ref_ph_15c28de2,seed=0,torch_deterministic=True,total_timesteps=100000,track=False,update_epochs=100,use_kl_loss=False,wandb_entity=None,wandb_project_name=QREPS_cleanRL",QREPS,0,True,True,False,QREPS_cleanRL,,False,LunarLander-v2,100000,8,128,True,0.99,4,0.005720128141481768,0.0023990534850877416,4.7806624252058345,,0.0009616651590267087,100,True,False,<class '__main__.ExponentiatedGradientSampler'>,True,False,0,0,0,4
04226784,-1000.0,1712921672,,True,51,2024-04-12_13-34-32,0.030566930770874023,127.54977703094482,15226,Nicolass-Air.technicolor.net,127.0.0.1,127.54977703094482,51,"6_trial_index=0,alpha=1.3465,anneal_lr=False,batch_size=0,beta=0.0017,capture_video=False,cuda=True,env_id=LunarLander-v2,eta=None,exp_name=QREPS,gamma=0.9900,minibatch_size=0,num_envs=4,num_iterations=0,num_minibatches=8,num_steps=256,parametrized_sampler=False,policy_lr_start=0.0005,q_histogram=False,q_lr_start=0.0002,saddle_point_optimization=True,sampler=ref_ph_15c28de2,seed=0,torch_deterministic=True,total_timesteps=100000,track=False,update_epochs=50,use_kl_loss=True,wandb_entity=None,wandb_project_name=QREPS_cleanRL",QREPS,0,True,True,False,QREPS_cleanRL,,False,LunarLander-v2,100000,4,256,False,0.99,8,0.0004889331858122513,0.00019457028143958645,1.3464935038677173,,0.0016806792879407765,50,True,True,<class '__main__.ExponentiatedGradientSampler'>,False,False,0,0,0,0
f5696f27,-1000.0,1712921675,,True,47,2024-04-12_13-34-35,1.131437063217163,115.24611496925354,15239,Nicolass-Air.technicolor.net,127.0.0.1,115.24611496925354,47,"7_trial_index=1,alpha=1.3465,anneal_lr=False,batch_size=0,beta=0.0017,capture_video=False,cuda=True,env_id=LunarLander-v2,eta=None,exp_name=QREPS,gamma=0.9900,minibatch_size=0,num_envs=4,num_iterations=0,num_minibatches=8,num_steps=256,parametrized_sampler=False,policy_lr_start=0.0005,q_histogram=False,q_lr_start=0.0002,saddle_point_optimization=True,sampler=ref_ph_15c28de2,seed=0,torch_deterministic=True,total_timesteps=100000,track=False,update_epochs=50,use_kl_loss=True,wandb_entity=None,wandb_project_name=QREPS_cleanRL",QREPS,0,True,True,False,QREPS_cleanRL,,False,LunarLander-v2,100000,4,256,False,0.99,8,0.0004889331858122513,0.00019457028143958645,1.3464935038677173,,0.0016806792879407765,50,True,True,<class '__main__.ExponentiatedGradientSampler'>,False,False,0,0,0,1
66a4e18c,-1000.0,1712921682,,True,47,2024-04-12_13-34-42,0.028761863708496094,113.54046487808228,15261,Nicolass-Air.technicolor.net,127.0.0.1,113.54046487808228,47,"8_trial_index=2,alpha=1.3465,anneal_lr=False,batch_size=0,beta=0.0017,capture_video=False,cuda=True,env_id=LunarLander-v2,eta=None,exp_name=QREPS,gamma=0.9900,minibatch_size=0,num_envs=4,num_iterations=0,num_minibatches=8,num_steps=256,parametrized_sampler=False,policy_lr_start=0.0005,q_histogram=False,q_lr_start=0.0002,saddle_point_optimization=True,sampler=ref_ph_15c28de2,seed=0,torch_deterministic=True,total_timesteps=100000,track=False,update_epochs=50,use_kl_loss=True,wandb_entity=None,wandb_project_name=QREPS_cleanRL",QREPS,0,True,True,False,QREPS_cleanRL,,False,LunarLander-v2,100000,4,256,False,0.99,8,0.0004889331858122513,0.00019457028143958645,1.3464935038677173,,0.0016806792879407765,50,True,True,<class '__main__.ExponentiatedGradientSampler'>,False,False,0,0,0,2
76f412c1,-202.05148315429688,1712921798,,True,97,2024-04-12_13-36-38,2.68664288520813,219.2405424118042,15272,Nicolass-Air.technicolor.net,127.0.0.1,219.2405424118042,97,"9_trial_index=3,alpha=1.3465,anneal_lr=False,batch_size=0,beta=0.0017,capture_video=False,cuda=True,env_id=LunarLander-v2,eta=None,exp_name=QREPS,gamma=0.9900,minibatch_size=0,num_envs=4,num_iterations=0,num_minibatches=8,num_steps=256,parametrized_sampler=False,policy_lr_start=0.0005,q_histogram=False,q_lr_start=0.0002,saddle_point_optimization=True,sampler=ref_ph_15c28de2,seed=0,torch_deterministic=True,total_timesteps=100000,track=False,update_epochs=50,use_kl_loss=True,wandb_entity=None,wandb_project_name=QREPS_cleanRL",QREPS,0,True,True,False,QREPS_cleanRL,,False,LunarLander-v2,100000,4,256,False,0.99,8,0.0004889331858122513,0.00019457028143958645,1.3464935038677173,,0.0016806792879407765,50,True,True,<class '__main__.ExponentiatedGradientSampler'>,False,False,0,0,0,3
b6d83fd9,-1000.0,1712921711,,True,48,2024-04-12_13-35-11,0.46743321418762207,105.89601302146912,15305,Nicolass-Air.technicolor.net,127.0.0.1,105.89601302146912,48,"10_trial_index=4,alpha=1.3465,anneal_lr=False,batch_size=0,beta=0.0017,capture_video=False,cuda=True,env_id=LunarLander-v2,eta=None,exp_name=QREPS,gamma=0.9900,minibatch_size=0,num_envs=4,num_iterations=0,num_minibatches=8,num_steps=256,parametrized_sampler=False,policy_lr_start=0.0005,q_histogram=False,q_lr_start=0.0002,saddle_point_optimization=True,sampler=ref_ph_15c28de2,seed=0,torch_deterministic=True,total_timesteps=100000,track=False,update_epochs=50,use_kl_loss=True,wandb_entity=None,wandb_project_name=QREPS_cleanRL",QREPS,0,True,True,False,QREPS_cleanRL,,False,LunarLander-v2,100000,4,256,False,0.99,8,0.0004889331858122513,0.00019457028143958645,1.3464935038677173,,0.0016806792879407765,50,True,True,<class '__main__.ExponentiatedGradientSampler'>,False,False,0,0,0,4
9dcea09c,-1000.0,1712921653,,True,19,2024-04-12_13-34-13,0.15153908729553223,13.076208591461182,15335,Nicolass-Air.technicolor.net,127.0.0.1,13.076208591461182,19,"11_trial_index=0,alpha=8.9259,anneal_lr=True,batch_size=0,beta=0.0002,capture_video=False,cuda=True,env_id=LunarLander-v2,eta=None,exp_name=QREPS,gamma=0.9900,minibatch_size=0,num_envs=4,num_iterations=0,num_minibatches=8,num_steps=256,parametrized_sampler=False,policy_lr_start=0.0002,q_histogram=False,q_lr_start=0.0056,saddle_point_optimization=True,sampler=ref_ph_15c28de2,seed=0,torch_deterministic=True,total_timesteps=100000,track=False,update_epochs=10,use_kl_loss=True,wandb_entity=None,wandb_project_name=QREPS_cleanRL",QREPS,0,True,True,False,QREPS_cleanRL,,False,LunarLander-v2,100000,4,256,True,0.99,8,0.00021881267871780256,0.005614803652394488,8.925943253146974,,0.0001738483659298069,10,True,True,<class '__main__.ExponentiatedGradientSampler'>,False,False,0,0,0,0
5a1aa49e,-1000.0,1712921670,,True,18,2024-04-12_13-34-30,0.28858089447021484,12.455762147903442,15351,Nicolass-Air.technicolor.net,127.0.0.1,12.455762147903442,18,"12_trial_index=1,alpha=8.9259,anneal_lr=True,batch_size=0,beta=0.0002,capture_video=False,cuda=True,env_id=LunarLander-v2,eta=None,exp_name=QREPS,gamma=0.9900,minibatch_size=0,num_envs=4,num_iterations=0,num_minibatches=8,num_steps=256,parametrized_sampler=False,policy_lr_start=0.0002,q_histogram=False,q_lr_start=0.0056,saddle_point_optimization=True,sampler=ref_ph_15c28de2,seed=0,torch_deterministic=True,total_timesteps=100000,track=False,update_epochs=10,use_kl_loss=True,wandb_entity=None,wandb_project_name=QREPS_cleanRL",QREPS,0,True,True,False,QREPS_cleanRL,,False,LunarLander-v2,100000,4,256,True,0.99,8,0.00021881267871780256,0.005614803652394488,8.925943253146974,,0.0001738483659298069,10,True,True,<class '__main__.ExponentiatedGradientSampler'>,False,False,0,0,0,1
9f644818,-1000.0,1712921679,,True,17,2024-04-12_13-34-39,0.03152012825012207,10.273626804351807,15368,Nicolass-Air.technicolor.net,127.0.0.1,10.273626804351807,17,"13_trial_index=2,alpha=8.9259,anneal_lr=True,batch_size=0,beta=0.0002,capture_video=False,cuda=True,env_id=LunarLander-v2,eta=None,exp_name=QREPS,gamma=0.9900,minibatch_size=0,num_envs=4,num_iterations=0,num_minibatches=8,num_steps=256,parametrized_sampler=False,policy_lr_start=0.0002,q_histogram=False,q_lr_start=0.0056,saddle_point_optimization=True,sampler=ref_ph_15c28de2,seed=0,torch_deterministic=True,total_timesteps=100000,track=False,update_epochs=10,use_kl_loss=True,wandb_entity=None,wandb_project_name=QREPS_cleanRL",QREPS,0,True,True,False,QREPS_cleanRL,,False,LunarLander-v2,100000,4,256,True,0.99,8,0.00021881267871780256,0.005614803652394488,8.925943253146974,,0.0001738483659298069,10,True,True,<class '__main__.ExponentiatedGradientSampler'>,False,False,0,0,0,2
89554182,-1000.0,1712921689,,True,17,2024-04-12_13-34-49,0.1801159381866455,8.395989418029785,15383,Nicolass-Air.technicolor.net,127.0.0.1,8.395989418029785,17,"14_trial_index=3,alpha=8.9259,anneal_lr=True,batch_size=0,beta=0.0002,capture_video=False,cuda=True,env_id=LunarLander-v2,eta=None,exp_name=QREPS,gamma=0.9900,minibatch_size=0,num_envs=4,num_iterations=0,num_minibatches=8,num_steps=256,parametrized_sampler=False,policy_lr_start=0.0002,q_histogram=False,q_lr_start=0.0056,saddle_point_optimization=True,sampler=ref_ph_15c28de2,seed=0,torch_deterministic=True,total_timesteps=100000,track=False,update_epochs=10,use_kl_loss=True,wandb_entity=None,wandb_project_name=QREPS_cleanRL",QREPS,0,True,True,False,QREPS_cleanRL,,False,LunarLander-v2,100000,4,256,True,0.99,8,0.00021881267871780256,0.005614803652394488,8.925943253146974,,0.0001738483659298069,10,True,True,<class '__main__.ExponentiatedGradientSampler'>,False,False,0,0,0,3
b6991e52,-1000.0,1712921695,,True,14,2024-04-12_13-34-55,0.3139641284942627,6.963144302368164,15391,Nicolass-Air.technicolor.net,127.0.0.1,6.963144302368164,14,"15_trial_index=4,alpha=8.9259,anneal_lr=True,batch_size=0,beta=0.0002,capture_video=False,cuda=True,env_id=LunarLander-v2,eta=None,exp_name=QREPS,gamma=0.9900,minibatch_size=0,num_envs=4,num_iterations=0,num_minibatches=8,num_steps=256,parametrized_sampler=False,policy_lr_start=0.0002,q_histogram=False,q_lr_start=0.0056,saddle_point_optimization=True,sampler=ref_ph_15c28de2,seed=0,torch_deterministic=True,total_timesteps=100000,track=False,update_epochs=10,use_kl_loss=True,wandb_entity=None,wandb_project_name=QREPS_cleanRL",QREPS,0,True,True,False,QREPS_cleanRL,,False,LunarLander-v2,100000,4,256,True,0.99,8,0.00021881267871780256,0.005614803652394488,8.925943253146974,,0.0001738483659298069,10,True,True,<class '__main__.ExponentiatedGradientSampler'>,False,False,0,0,0,4
6bd8dbb0,-1000.0,1712921770,,True,29,2024-04-12_13-36-10,0.023335933685302734,75.02810525894165,15408,Nicolass-Air.technicolor.net,127.0.0.1,75.02810525894165,29,"16_trial_index=0,alpha=2.5250,anneal_lr=False,batch_size=0,beta=0.0099,capture_video=False,cuda=True,env_id=LunarLander-v2,eta=None,exp_name=QREPS,gamma=0.9900,minibatch_size=0,num_envs=8,num_iterations=0,num_minibatches=4,num_steps=128,parametrized_sampler=True,policy_lr_start=0.0014,q_histogram=False,q_lr_start=0.0004,saddle_point_optimization=True,sampler=ref_ph_15c28de2,seed=0,torch_deterministic=True,total_timesteps=100000,track=False,update_epochs=50,use_kl_loss=False,wandb_entity=None,wandb_project_name=QREPS_cleanRL",QREPS,0,True,True,False,QREPS_cleanRL,,False,LunarLander-v2,100000,8,128,False,0.99,4,0.001415051395362316,0.0003806690003027155,2.524960032836923,,0.009945954107771738,50,True,False,<class '__main__.ExponentiatedGradientSampler'>,True,False,0,0,0,0
736bcbc8,-608.632568359375,1712922008,,True,97,2024-04-12_13-40-08,3.616168975830078,305.36046290397644,15418,Nicolass-Air.technicolor.net,127.0.0.1,305.36046290397644,97,"17_trial_index=1,alpha=2.5250,anneal_lr=False,batch_size=0,beta=0.0099,capture_video=False,cuda=True,env_id=LunarLander-v2,eta=None,exp_name=QREPS,gamma=0.9900,minibatch_size=0,num_envs=8,num_iterations=0,num_minibatches=4,num_steps=128,parametrized_sampler=True,policy_lr_start=0.0014,q_histogram=False,q_lr_start=0.0004,saddle_point_optimization=True,sampler=ref_ph_15c28de2,seed=0,torch_deterministic=True,total_timesteps=100000,track=False,update_epochs=50,use_kl_loss=False,wandb_entity=None,wandb_project_name=QREPS_cleanRL",QREPS,0,True,True,False,QREPS_cleanRL,,False,LunarLander-v2,100000,8,128,False,0.99,4,0.001415051395362316,0.0003806690003027155,2.524960032836923,,0.009945954107771738,50,True,False,<class '__main__.ExponentiatedGradientSampler'>,True,False,0,0,0,1
955433d0,-509.5443420410156,1712922050,,True,97,2024-04-12_13-40-50,3.9859819412231445,339.4519793987274,15425,Nicolass-Air.technicolor.net,127.0.0.1,339.4519793987274,97,"18_trial_index=2,alpha=2.5250,anneal_lr=False,batch_size=0,beta=0.0099,capture_video=False,cuda=True,env_id=LunarLander-v2,eta=None,exp_name=QREPS,gamma=0.9900,minibatch_size=0,num_envs=8,num_iterations=0,num_minibatches=4,num_steps=128,parametrized_sampler=True,policy_lr_start=0.0014,q_histogram=False,q_lr_start=0.0004,saddle_point_optimization=True,sampler=ref_ph_15c28de2,seed=0,torch_deterministic=True,total_timesteps=100000,track=False,update_epochs=50,use_kl_loss=False,wandb_entity=None,wandb_project_name=QREPS_cleanRL",QREPS,0,True,True,False,QREPS_cleanRL,,False,LunarLander-v2,100000,8,128,False,0.99,4,0.001415051395362316,0.0003806690003027155,2.524960032836923,,0.009945954107771738,50,True,False,<class '__main__.ExponentiatedGradientSampler'>,True,False,0,0,0,2
7eea9b9d,-1000.0,1712921817,,True,34,2024-04-12_13-36-57,0.5070891380310059,99.82482171058655,15447,Nicolass-Air.technicolor.net,127.0.0.1,99.82482171058655,34,"19_trial_index=3,alpha=2.5250,anneal_lr=False,batch_size=0,beta=0.0099,capture_video=False,cuda=True,env_id=LunarLander-v2,eta=None,exp_name=QREPS,gamma=0.9900,minibatch_size=0,num_envs=8,num_iterations=0,num_minibatches=4,num_steps=128,parametrized_sampler=True,policy_lr_start=0.0014,q_histogram=False,q_lr_start=0.0004,saddle_point_optimization=True,sampler=ref_ph_15c28de2,seed=0,torch_deterministic=True,total_timesteps=100000,track=False,update_epochs=50,use_kl_loss=False,wandb_entity=None,wandb_project_name=QREPS_cleanRL",QREPS,0,True,True,False,QREPS_cleanRL,,False,LunarLander-v2,100000,8,128,False,0.99,4,0.001415051395362316,0.0003806690003027155,2.524960032836923,,0.009945954107771738,50,True,False,<class '__main__.ExponentiatedGradientSampler'>,True,False,0,0,0,3
60a51f55,-1000.0,1712921856,,True,42,2024-04-12_13-37-36,2.9082448482513428,130.2041575908661,15457,Nicolass-Air.technicolor.net,127.0.0.1,130.2041575908661,42,"20_trial_index=4,alpha=2.5250,anneal_lr=False,batch_size=0,beta=0.0099,capture_video=False,cuda=True,env_id=LunarLander-v2,eta=None,exp_name=QREPS,gamma=0.9900,minibatch_size=0,num_envs=8,num_iterations=0,num_minibatches=4,num_steps=128,parametrized_sampler=True,policy_lr_start=0.0014,q_histogram=False,q_lr_start=0.0004,saddle_point_optimization=True,sampler=ref_ph_15c28de2,seed=0,torch_deterministic=True,total_timesteps=100000,track=False,update_epochs=50,use_kl_loss=False,wandb_entity=None,wandb_project_name=QREPS_cleanRL",QREPS,0,True,True,False,QREPS_cleanRL,,False,LunarLander-v2,100000,8,128,False,0.99,4,0.001415051395362316,0.0003806690003027155,2.524960032836923,,0.009945954107771738,50,True,False,<class '__main__.ExponentiatedGradientSampler'>,True,False,0,0,0,4
6f2b6076,-1000.0,1712921740,,True,9,2024-04-12_13-35-40,0.2610771656036377,5.629061460494995,15465,Nicolass-Air.technicolor.net,127.0.0.1,5.629061460494995,9,"21_trial_index=0,alpha=1.0895,anneal_lr=True,batch_size=0,beta=0.0036,capture_video=False,cuda=True,env_id=LunarLander-v2,eta=None,exp_name=QREPS,gamma=0.9900,minibatch_size=0,num_envs=8,num_iterations=0,num_minibatches=8,num_steps=128,parametrized_sampler=False,policy_lr_start=0.0028,q_histogram=False,q_lr_start=0.0077,saddle_point_optimization=True,sampler=ref_ph_15c28de2,seed=0,torch_deterministic=True,total_timesteps=100000,track=False,update_epochs=10,use_kl_loss=True,wandb_entity=None,wandb_project_name=QREPS_cleanRL",QREPS,0,True,True,False,QREPS_cleanRL,,False,LunarLander-v2,100000,8,128,True,0.99,8,0.0027714485673472804,0.007663771858496087,1.0894508576784598,,0.0036392671475579627,10,True,True,<class '__main__.ExponentiatedGradientSampler'>,False,False,0,0,0,0
04270d5b,-1000.0,1712921750,,True,10,2024-04-12_13-35-50,0.0583341121673584,6.211016893386841,15475,Nicolass-Air.technicolor.net,127.0.0.1,6.211016893386841,10,"22_trial_index=1,alpha=1.0895,anneal_lr=True,batch_size=0,beta=0.0036,capture_video=False,cuda=True,env_id=LunarLander-v2,eta=None,exp_name=QREPS,gamma=0.9900,minibatch_size=0,num_envs=8,num_iterations=0,num_minibatches=8,num_steps=128,parametrized_sampler=False,policy_lr_start=0.0028,q_histogram=False,q_lr_start=0.0077,saddle_point_optimization=True,sampler=ref_ph_15c28de2,seed=0,torch_deterministic=True,total_timesteps=100000,track=False,update_epochs=10,use_kl_loss=True,wandb_entity=None,wandb_project_name=QREPS_cleanRL",QREPS,0,True,True,False,QREPS_cleanRL,,False,LunarLander-v2,100000,8,128,True,0.99,8,0.0027714485673472804,0.007663771858496087,1.0894508576784598,,0.0036392671475579627,10,True,True,<class '__main__.ExponentiatedGradientSampler'>,False,False,0,0,0,1
4d5c1cd2,-1000.0,1712921760,,True,10,2024-04-12_13-36-00,0.06117081642150879,5.968565940856934,15485,Nicolass-Air.technicolor.net,127.0.0.1,5.968565940856934,10,"23_trial_index=2,alpha=1.0895,anneal_lr=True,batch_size=0,beta=0.0036,capture_video=False,cuda=True,env_id=LunarLander-v2,eta=None,exp_name=QREPS,gamma=0.9900,minibatch_size=0,num_envs=8,num_iterations=0,num_minibatches=8,num_steps=128,parametrized_sampler=False,policy_lr_start=0.0028,q_histogram=False,q_lr_start=0.0077,saddle_point_optimization=True,sampler=ref_ph_15c28de2,seed=0,torch_deterministic=True,total_timesteps=100000,track=False,update_epochs=10,use_kl_loss=True,wandb_entity=None,wandb_project_name=QREPS_cleanRL",QREPS,0,True,True,False,QREPS_cleanRL,,False,LunarLander-v2,100000,8,128,True,0.99,8,0.0027714485673472804,0.007663771858496087,1.0894508576784598,,0.0036392671475579627,10,True,True,<class '__main__.ExponentiatedGradientSampler'>,False,False,0,0,0,2
c42798c5,-1000.0,1712921769,,True,9,2024-04-12_13-36-09,0.049103736877441406,5.425496578216553,15497,Nicolass-Air.technicolor.net,127.0.0.1,5.425496578216553,9,"24_trial_index=3,alpha=1.0895,anneal_lr=True,batch_size=0,beta=0.0036,capture_video=False,cuda=True,env_id=LunarLander-v2,eta=None,exp_name=QREPS,gamma=0.9900,minibatch_size=0,num_envs=8,num_iterations=0,num_minibatches=8,num_steps=128,parametrized_sampler=False,policy_lr_start=0.0028,q_histogram=False,q_lr_start=0.0077,saddle_point_optimization=True,sampler=ref_ph_15c28de2,seed=0,torch_deterministic=True,total_timesteps=100000,track=False,update_epochs=10,use_kl_loss=True,wandb_entity=None,wandb_project_name=QREPS_cleanRL",QREPS,0,True,True,False,QREPS_cleanRL,,False,LunarLander-v2,100000,8,128,True,0.99,8,0.0027714485673472804,0.007663771858496087,1.0894508576784598,,0.0036392671475579627,10,True,True,<class '__main__.ExponentiatedGradientSampler'>,False,False,0,0,0,3
17c534a3,-1000.0,1712921780,,True,11,2024-04-12_13-36-20,0.05640697479248047,6.109441518783569,15508,Nicolass-Air.technicolor.net,127.0.0.1,6.109441518783569,11,"25_trial_index=4,alpha=1.0895,anneal_lr=True,batch_size=0,beta=0.0036,capture_video=False,cuda=True,env_id=LunarLander-v2,eta=None,exp_name=QREPS,gamma=0.9900,minibatch_size=0,num_envs=8,num_iterations=0,num_minibatches=8,num_steps=128,parametrized_sampler=False,policy_lr_start=0.0028,q_histogram=False,q_lr_start=0.0077,saddle_point_optimization=True,sampler=ref_ph_15c28de2,seed=0,torch_deterministic=True,total_timesteps=100000,track=False,update_epochs=10,use_kl_loss=True,wandb_entity=None,wandb_project_name=QREPS_cleanRL",QREPS,0,True,True,False,QREPS_cleanRL,,False,LunarLander-v2,100000,8,128,True,0.99,8,0.0027714485673472804,0.007663771858496087,1.0894508576784598,,0.0036392671475579627,10,True,True,<class '__main__.ExponentiatedGradientSampler'>,False,False,0,0,0,4
98dd12f7,-1000.0,1712921891,,True,33,2024-04-12_13-38-11,1.5570991039276123,106.37075901031494,15538,Nicolass-Air.technicolor.net,127.0.0.1,106.37075901031494,33,"26_trial_index=0,alpha=3.8510,anneal_lr=False,batch_size=0,beta=0.0002,capture_video=False,cuda=True,env_id=LunarLander-v2,eta=None,exp_name=QREPS,gamma=0.9900,minibatch_size=0,num_envs=4,num_iterations=0,num_minibatches=4,num_steps=256,parametrized_sampler=True,policy_lr_start=0.0001,q_histogram=False,q_lr_start=0.0006,saddle_point_optimization=True,sampler=ref_ph_15c28de2,seed=0,torch_deterministic=True,total_timesteps=100000,track=False,update_epochs=50,use_kl_loss=False,wandb_entity=None,wandb_project_name=QREPS_cleanRL",QREPS,0,True,True,False,QREPS_cleanRL,,False,LunarLander-v2,100000,4,256,False,0.99,4,0.00010068664953646723,0.0006104519775922744,3.8510295757291164,,0.0002007903923125794,50,True,False,<class '__main__.ExponentiatedGradientSampler'>,True,False,0,0,0,0
92ece8e8,-1000.0,1712921905,,True,34,2024-04-12_13-38-25,0.7125260829925537,111.35371160507202,15551,Nicolass-Air.technicolor.net,127.0.0.1,111.35371160507202,34,"27_trial_index=1,alpha=3.8510,anneal_lr=False,batch_size=0,beta=0.0002,capture_video=False,cuda=True,env_id=LunarLander-v2,eta=None,exp_name=QREPS,gamma=0.9900,minibatch_size=0,num_envs=4,num_iterations=0,num_minibatches=4,num_steps=256,parametrized_sampler=True,policy_lr_start=0.0001,q_histogram=False,q_lr_start=0.0006,saddle_point_optimization=True,sampler=ref_ph_15c28de2,seed=0,torch_deterministic=True,total_timesteps=100000,track=False,update_epochs=50,use_kl_loss=False,wandb_entity=None,wandb_project_name=QREPS_cleanRL",QREPS,0,True,True,False,QREPS_cleanRL,,False,LunarLander-v2,100000,4,256,False,0.99,4,0.00010068664953646723,0.0006104519775922744,3.8510295757291164,,0.0002007903923125794,50,True,False,<class '__main__.ExponentiatedGradientSampler'>,True,False,0,0,0,1
7d4b8a0c,-1000.0,1712921932,,True,40,2024-04-12_13-38-52,1.7266690731048584,128.55326795578003,15565,Nicolass-Air.technicolor.net,127.0.0.1,128.55326795578003,40,"28_trial_index=2,alpha=3.8510,anneal_lr=False,batch_size=0,beta=0.0002,capture_video=False,cuda=True,env_id=LunarLander-v2,eta=None,exp_name=QREPS,gamma=0.9900,minibatch_size=0,num_envs=4,num_iterations=0,num_minibatches=4,num_steps=256,parametrized_sampler=True,policy_lr_start=0.0001,q_histogram=False,q_lr_start=0.0006,saddle_point_optimization=True,sampler=ref_ph_15c28de2,seed=0,torch_deterministic=True,total_timesteps=100000,track=False,update_epochs=50,use_kl_loss=False,wandb_entity=None,wandb_project_name=QREPS_cleanRL",QREPS,0,True,True,False,QREPS_cleanRL,,False,LunarLander-v2,100000,4,256,False,0.99,4,0.00010068664953646723,0.0006104519775922744,3.8510295757291164,,0.0002007903923125794,50,True,False,<class '__main__.ExponentiatedGradientSampler'>,True,False,0,0,0,2
40fb0ccc,-1000.0,1712921931,,True,37,2024-04-12_13-38-51,0.13764309883117676,117.09863066673279,15582,Nicolass-Air.technicolor.net,127.0.0.1,117.09863066673279,37,"29_trial_index=3,alpha=3.8510,anneal_lr=False,batch_size=0,beta=0.0002,capture_video=False,cuda=True,env_id=LunarLander-v2,eta=None,exp_name=QREPS,gamma=0.9900,minibatch_size=0,num_envs=4,num_iterations=0,num_minibatches=4,num_steps=256,parametrized_sampler=True,policy_lr_start=0.0001,q_histogram=False,q_lr_start=0.0006,saddle_point_optimization=True,sampler=ref_ph_15c28de2,seed=0,torch_deterministic=True,total_timesteps=100000,track=False,update_epochs=50,use_kl_loss=False,wandb_entity=None,wandb_project_name=QREPS_cleanRL",QREPS,0,True,True,False,QREPS_cleanRL,,False,LunarLander-v2,100000,4,256,False,0.99,4,0.00010068664953646723,0.0006104519775922744,3.8510295757291164,,0.0002007903923125794,50,True,False,<class '__main__.ExponentiatedGradientSampler'>,True,False,0,0,0,3
b28a47ee,-1000.0,1712921904,,True,23,2024-04-12_13-38-24,1.2134149074554443,76.40160036087036,15595,Nicolass-Air.technicolor.net,127.0.0.1,76.40160036087036,23,"30_trial_index=4,alpha=3.8510,anneal_lr=False,batch_size=0,beta=0.0002,capture_video=False,cuda=True,env_id=LunarLander-v2,eta=None,exp_name=QREPS,gamma=0.9900,minibatch_size=0,num_envs=4,num_iterations=0,num_minibatches=4,num_steps=256,parametrized_sampler=True,policy_lr_start=0.0001,q_histogram=False,q_lr_start=0.0006,saddle_point_optimization=True,sampler=ref_ph_15c28de2,seed=0,torch_deterministic=True,total_timesteps=100000,track=False,update_epochs=50,use_kl_loss=False,wandb_entity=None,wandb_project_name=QREPS_cleanRL",QREPS,0,True,True,False,QREPS_cleanRL,,False,LunarLander-v2,100000,4,256,False,0.99,4,0.00010068664953646723,0.0006104519775922744,3.8510295757291164,,0.0002007903923125794,50,True,False,<class '__main__.ExponentiatedGradientSampler'>,True,False,0,0,0,4
09f7064c,-1000.0,1712921883,,True,3,2024-04-12_13-38-03,6.589699745178223,14.69187879562378,15634,Nicolass-Air.technicolor.net,127.0.0.1,14.69187879562378,3,"31_trial_index=0,alpha=1.7428,anneal_lr=True,batch_size=0,beta=0.0019,capture_video=False,cuda=True,env_id=LunarLander-v2,eta=None,exp_name=QREPS,gamma=0.9900,minibatch_size=0,num_envs=4,num_iterations=0,num_minibatches=4,num_steps=256,parametrized_sampler=True,policy_lr_start=0.0008,q_histogram=False,q_lr_start=0.0017,saddle_point_optimization=True,sampler=ref_ph_15c28de2,seed=0,torch_deterministic=True,total_timesteps=100000,track=False,update_epochs=100,use_kl_loss=False,wandb_entity=None,wandb_project_name=QREPS_cleanRL",QREPS,0,True,True,False,QREPS_cleanRL,,False,LunarLander-v2,100000,4,256,True,0.99,4,0.0008039931293932886,0.0017302671593351464,1.7428024606046233,,0.0019327114767268606,100,True,False,<class '__main__.ExponentiatedGradientSampler'>,True,False,0,0,0,0
614cb9f7,-1000.0,1712921914,,True,4,2024-04-12_13-38-34,4.31081223487854,18.354106187820435,15652,Nicolass-Air.technicolor.net,127.0.0.1,18.354106187820435,4,"32_trial_index=1,alpha=1.7428,anneal_lr=True,batch_size=0,beta=0.0019,capture_video=False,cuda=True,env_id=LunarLander-v2,eta=None,exp_name=QREPS,gamma=0.9900,minibatch_size=0,num_envs=4,num_iterations=0,num_minibatches=4,num_steps=256,parametrized_sampler=True,policy_lr_start=0.0008,q_histogram=False,q_lr_start=0.0017,saddle_point_optimization=True,sampler=ref_ph_15c28de2,seed=0,torch_deterministic=True,total_timesteps=100000,track=False,update_epochs=100,use_kl_loss=False,wandb_entity=None,wandb_project_name=QREPS_cleanRL",QREPS,0,True,True,False,QREPS_cleanRL,,False,LunarLander-v2,100000,4,256,True,0.99,4,0.0008039931293932886,0.0017302671593351464,1.7428024606046233,,0.0019327114767268606,100,True,False,<class '__main__.ExponentiatedGradientSampler'>,True,False,0,0,0,1
2ac23440,-1000.0,1712921956,,True,9,2024-04-12_13-39-16,4.494688034057617,48.08829689025879,15668,Nicolass-Air.technicolor.net,127.0.0.1,48.08829689025879,9,"33_trial_index=2,alpha=1.7428,anneal_lr=True,batch_size=0,beta=0.0019,capture_video=False,cuda=True,env_id=LunarLander-v2,eta=None,exp_name=QREPS,gamma=0.9900,minibatch_size=0,num_envs=4,num_iterations=0,num_minibatches=4,num_steps=256,parametrized_sampler=True,policy_lr_start=0.0008,q_histogram=False,q_lr_start=0.0017,saddle_point_optimization=True,sampler=ref_ph_15c28de2,seed=0,torch_deterministic=True,total_timesteps=100000,track=False,update_epochs=100,use_kl_loss=False,wandb_entity=None,wandb_project_name=QREPS_cleanRL",QREPS,0,True,True,False,QREPS_cleanRL,,False,LunarLander-v2,100000,4,256,True,0.99,4,0.0008039931293932886,0.0017302671593351464,1.7428024606046233,,0.0019327114767268606,100,True,False,<class '__main__.ExponentiatedGradientSampler'>,True,False,0,0,0,2
b61ebbb1,-1000.0,1712922034,,True,18,2024-04-12_13-40-34,4.715259075164795,115.00157141685486,15682,Nicolass-Air.technicolor.net,127.0.0.1,115.00157141685486,18,"34_trial_index=3,alpha=1.7428,anneal_lr=True,batch_size=0,beta=0.0019,capture_video=False,cuda=True,env_id=LunarLander-v2,eta=None,exp_name=QREPS,gamma=0.9900,minibatch_size=0,num_envs=4,num_iterations=0,num_minibatches=4,num_steps=256,parametrized_sampler=True,policy_lr_start=0.0008,q_histogram=False,q_lr_start=0.0017,saddle_point_optimization=True,sampler=ref_ph_15c28de2,seed=0,torch_deterministic=True,total_timesteps=100000,track=False,update_epochs=100,use_kl_loss=False,wandb_entity=None,wandb_project_name=QREPS_cleanRL",QREPS,0,True,True,False,QREPS_cleanRL,,False,LunarLander-v2,100000,4,256,True,0.99,4,0.0008039931293932886,0.0017302671593351464,1.7428024606046233,,0.0019327114767268606,100,True,False,<class '__main__.ExponentiatedGradientSampler'>,True,False,0,0,0,3
b05ac277,-1000.0,1712921940,,True,3,2024-04-12_13-39-00,4.396407842636108,11.533263683319092,15696,Nicolass-Air.technicolor.net,127.0.0.1,11.533263683319092,3,"35_trial_index=4,alpha=1.7428,anneal_lr=True,batch_size=0,beta=0.0019,capture_video=False,cuda=True,env_id=LunarLander-v2,eta=None,exp_name=QREPS,gamma=0.9900,minibatch_size=0,num_envs=4,num_iterations=0,num_minibatches=4,num_steps=256,parametrized_sampler=True,policy_lr_start=0.0008,q_histogram=False,q_lr_start=0.0017,saddle_point_optimization=True,sampler=ref_ph_15c28de2,seed=0,torch_deterministic=True,total_timesteps=100000,track=False,update_epochs=100,use_kl_loss=False,wandb_entity=None,wandb_project_name=QREPS_cleanRL",QREPS,0,True,True,False,QREPS_cleanRL,,False,LunarLander-v2,100000,4,256,True,0.99,4,0.0008039931293932886,0.0017302671593351464,1.7428024606046233,,0.0019327114767268606,100,True,False,<class '__main__.ExponentiatedGradientSampler'>,True,False,0,0,0,4
f8def4d6,-126.2491226196289,1712922207,,True,97,2024-04-12_13-43-27,2.916860818862915,265.6046185493469,15708,Nicolass-Air.technicolor.net,127.0.0.1,265.6046185493469,97,"36_trial_index=0,alpha=6.1882,anneal_lr=False,batch_size=0,beta=0.0004,capture_video=False,cuda=True,env_id=LunarLander-v2,eta=None,exp_name=QREPS,gamma=0.9900,minibatch_size=0,num_envs=8,num_iterations=0,num_minibatches=8,num_steps=128,parametrized_sampler=False,policy_lr_start=0.0039,q_histogram=False,q_lr_start=0.0001,saddle_point_optimization=True,sampler=ref_ph_15c28de2,seed=0,torch_deterministic=True,total_timesteps=100000,track=False,update_epochs=50,use_kl_loss=True,wandb_entity=None,wandb_project_name=QREPS_cleanRL",QREPS,0,True,True,False,QREPS_cleanRL,,False,LunarLander-v2,100000,8,128,False,0.99,8,0.003859836881800259,0.00012380792381592713,6.188174496469664,,0.0003502477548094283,50,True,True,<class '__main__.ExponentiatedGradientSampler'>,False,False,0,0,0,0
2072d4e2,-176.72976684570312,1712922207,,True,97,2024-04-12_13-43-27,2.7561779022216797,255.29014801979065,15721,Nicolass-Air.technicolor.net,127.0.0.1,255.29014801979065,97,"37_trial_index=1,alpha=6.1882,anneal_lr=False,batch_size=0,beta=0.0004,capture_video=False,cuda=True,env_id=LunarLander-v2,eta=None,exp_name=QREPS,gamma=0.9900,minibatch_size=0,num_envs=8,num_iterations=0,num_minibatches=8,num_steps=128,parametrized_sampler=False,policy_lr_start=0.0039,q_histogram=False,q_lr_start=0.0001,saddle_point_optimization=True,sampler=ref_ph_15c28de2,seed=0,torch_deterministic=True,total_timesteps=100000,track=False,update_epochs=50,use_kl_loss=True,wandb_entity=None,wandb_project_name=QREPS_cleanRL",QREPS,0,True,True,False,QREPS_cleanRL,,False,LunarLander-v2,100000,8,128,False,0.99,8,0.003859836881800259,0.00012380792381592713,6.188174496469664,,0.0003502477548094283,50,True,True,<class '__main__.ExponentiatedGradientSampler'>,False,False,0,0,0,1
66488577,-113.10127258300781,1712922228,,True,97,2024-04-12_13-43-48,2.8666000366210938,265.82704281806946,15736,Nicolass-Air.technicolor.net,127.0.0.1,265.82704281806946,97,"38_trial_index=2,alpha=6.1882,anneal_lr=False,batch_size=0,beta=0.0004,capture_video=False,cuda=True,env_id=LunarLander-v2,eta=None,exp_name=QREPS,gamma=0.9900,minibatch_size=0,num_envs=8,num_iterations=0,num_minibatches=8,num_steps=128,parametrized_sampler=False,policy_lr_start=0.0039,q_histogram=False,q_lr_start=0.0001,saddle_point_optimization=True,sampler=ref_ph_15c28de2,seed=0,torch_deterministic=True,total_timesteps=100000,track=False,update_epochs=50,use_kl_loss=True,wandb_entity=None,wandb_project_name=QREPS_cleanRL",QREPS,0,True,True,False,QREPS_cleanRL,,False,LunarLander-v2,100000,8,128,False,0.99,8,0.003859836881800259,0.00012380792381592713,6.188174496469664,,0.0003502477548094283,50,True,True,<class '__main__.ExponentiatedGradientSampler'>,False,False,0,0,0,2
b04a7a9e,-216.39971923828125,1712922244,,True,97,2024-04-12_13-44-04,2.923452138900757,271.6526267528534,15762,Nicolass-Air.technicolor.net,127.0.0.1,271.6526267528534,97,"39_trial_index=3,alpha=6.1882,anneal_lr=False,batch_size=0,beta=0.0004,capture_video=False,cuda=True,env_id=LunarLander-v2,eta=None,exp_name=QREPS,gamma=0.9900,minibatch_size=0,num_envs=8,num_iterations=0,num_minibatches=8,num_steps=128,parametrized_sampler=False,policy_lr_start=0.0039,q_histogram=False,q_lr_start=0.0001,saddle_point_optimization=True,sampler=ref_ph_15c28de2,seed=0,torch_deterministic=True,total_timesteps=100000,track=False,update_epochs=50,use_kl_loss=True,wandb_entity=None,wandb_project_name=QREPS_cleanRL",QREPS,0,True,True,False,QREPS_cleanRL,,False,LunarLander-v2,100000,8,128,False,0.99,8,0.003859836881800259,0.00012380792381592713,6.188174496469664,,0.0003502477548094283,50,True,True,<class '__main__.ExponentiatedGradientSampler'>,False,False,0,0,0,3
a4d8d722,-330.57562255859375,1712922266,,True,97,2024-04-12_13-44-26,2.999368906021118,280.56324100494385,15777,Nicolass-Air.technicolor.net,127.0.0.1,280.56324100494385,97,"40_trial_index=4,alpha=6.1882,anneal_lr=False,batch_size=0,beta=0.0004,capture_video=False,cuda=True,env_id=LunarLander-v2,eta=None,exp_name=QREPS,gamma=0.9900,minibatch_size=0,num_envs=8,num_iterations=0,num_minibatches=8,num_steps=128,parametrized_sampler=False,policy_lr_start=0.0039,q_histogram=False,q_lr_start=0.0001,saddle_point_optimization=True,sampler=ref_ph_15c28de2,seed=0,torch_deterministic=True,total_timesteps=100000,track=False,update_epochs=50,use_kl_loss=True,wandb_entity=None,wandb_project_name=QREPS_cleanRL",QREPS,0,True,True,False,QREPS_cleanRL,,False,LunarLander-v2,100000,8,128,False,0.99,8,0.003859836881800259,0.00012380792381592713,6.188174496469664,,0.0003502477548094283,50,True,True,<class '__main__.ExponentiatedGradientSampler'>,False,False,0,0,0,4
7833786b,-1000.0,1712922042,,True,37,2024-04-12_13-40-42,0.20503020286560059,16.632803678512573,15831,Nicolass-Air.technicolor.net,127.0.0.1,16.632803678512573,37,"41_trial_index=0,alpha=2.1904,anneal_lr=True,batch_size=0,beta=0.0003,capture_video=False,cuda=True,env_id=LunarLander-v2,eta=None,exp_name=QREPS,gamma=0.9900,minibatch_size=0,num_envs=4,num_iterations=0,num_minibatches=8,num_steps=128,parametrized_sampler=False,policy_lr_start=0.0050,q_histogram=False,q_lr_start=0.0032,saddle_point_optimization=True,sampler=ref_ph_15c28de2,seed=0,torch_deterministic=True,total_timesteps=100000,track=False,update_epochs=10,use_kl_loss=False,wandb_entity=None,wandb_project_name=QREPS_cleanRL",QREPS,0,True,True,False,QREPS_cleanRL,,False,LunarLander-v2,100000,4,128,True,0.99,8,0.004989141514271791,0.0032369732295017277,2.1903622660666726,,0.00028518395883430503,10,True,False,<class '__main__.ExponentiatedGradientSampler'>,False,False,0,0,0,0
40242ddf,-1000.0,1712922062,,True,34,2024-04-12_13-41-02,0.018828153610229492,14.810776948928833,15844,Nicolass-Air.technicolor.net,127.0.0.1,14.810776948928833,34,"42_trial_index=1,alpha=2.1904,anneal_lr=True,batch_size=0,beta=0.0003,capture_video=False,cuda=True,env_id=LunarLander-v2,eta=None,exp_name=QREPS,gamma=0.9900,minibatch_size=0,num_envs=4,num_iterations=0,num_minibatches=8,num_steps=128,parametrized_sampler=False,policy_lr_start=0.0050,q_histogram=False,q_lr_start=0.0032,saddle_point_optimization=True,sampler=ref_ph_15c28de2,seed=0,torch_deterministic=True,total_timesteps=100000,track=False,update_epochs=10,use_kl_loss=False,wandb_entity=None,wandb_project_name=QREPS_cleanRL",QREPS,0,True,True,False,QREPS_cleanRL,,False,LunarLander-v2,100000,4,128,True,0.99,8,0.004989141514271791,0.0032369732295017277,2.1903622660666726,,0.00028518395883430503,10,True,False,<class '__main__.ExponentiatedGradientSampler'>,False,False,0,0,0,1
7069c1d0,-1000.0,1712922070,,True,27,2024-04-12_13-41-10,0.019881010055541992,10.941848516464233,15864,Nicolass-Air.technicolor.net,127.0.0.1,10.941848516464233,27,"43_trial_index=2,alpha=2.1904,anneal_lr=True,batch_size=0,beta=0.0003,capture_video=False,cuda=True,env_id=LunarLander-v2,eta=None,exp_name=QREPS,gamma=0.9900,minibatch_size=0,num_envs=4,num_iterations=0,num_minibatches=8,num_steps=128,parametrized_sampler=False,policy_lr_start=0.0050,q_histogram=False,q_lr_start=0.0032,saddle_point_optimization=True,sampler=ref_ph_15c28de2,seed=0,torch_deterministic=True,total_timesteps=100000,track=False,update_epochs=10,use_kl_loss=False,wandb_entity=None,wandb_project_name=QREPS_cleanRL",QREPS,0,True,True,False,QREPS_cleanRL,,False,LunarLander-v2,100000,4,128,True,0.99,8,0.004989141514271791,0.0032369732295017277,2.1903622660666726,,0.00028518395883430503,10,True,False,<class '__main__.ExponentiatedGradientSampler'>,False,False,0,0,0,2
2f78341b,-1000.0,1712922082,,True,30,2024-04-12_13-41-22,0.18393397331237793,11.634939670562744,15872,Nicolass-Air.technicolor.net,127.0.0.1,11.634939670562744,30,"44_trial_index=3,alpha=2.1904,anneal_lr=True,batch_size=0,beta=0.0003,capture_video=False,cuda=True,env_id=LunarLander-v2,eta=None,exp_name=QREPS,gamma=0.9900,minibatch_size=0,num_envs=4,num_iterations=0,num_minibatches=8,num_steps=128,parametrized_sampler=False,policy_lr_start=0.0050,q_histogram=False,q_lr_start=0.0032,saddle_point_optimization=True,sampler=ref_ph_15c28de2,seed=0,torch_deterministic=True,total_timesteps=100000,track=False,update_epochs=10,use_kl_loss=False,wandb_entity=None,wandb_project_name=QREPS_cleanRL",QREPS,0,True,True,False,QREPS_cleanRL,,False,LunarLander-v2,100000,4,128,True,0.99,8,0.004989141514271791,0.0032369732295017277,2.1903622660666726,,0.00028518395883430503,10,True,False,<class '__main__.ExponentiatedGradientSampler'>,False,False,0,0,0,3
aa02ff0d,-1000.0,1712922101,,True,45,2024-04-12_13-41-41,0.20507287979125977,19.338594436645508,15887,Nicolass-Air.technicolor.net,127.0.0.1,19.338594436645508,45,"45_trial_index=4,alpha=2.1904,anneal_lr=True,batch_size=0,beta=0.0003,capture_video=False,cuda=True,env_id=LunarLander-v2,eta=None,exp_name=QREPS,gamma=0.9900,minibatch_size=0,num_envs=4,num_iterations=0,num_minibatches=8,num_steps=128,parametrized_sampler=False,policy_lr_start=0.0050,q_histogram=False,q_lr_start=0.0032,saddle_point_optimization=True,sampler=ref_ph_15c28de2,seed=0,torch_deterministic=True,total_timesteps=100000,track=False,update_epochs=10,use_kl_loss=False,wandb_entity=None,wandb_project_name=QREPS_cleanRL",QREPS,0,True,True,False,QREPS_cleanRL,,False,LunarLander-v2,100000,4,128,True,0.99,8,0.004989141514271791,0.0032369732295017277,2.1903622660666726,,0.00028518395883430503,10,True,False,<class '__main__.ExponentiatedGradientSampler'>,False,False,0,0,0,4
a859c939,-376.2879943847656,1712922447,,True,48,2024-04-12_13-47-27,7.789685010910034,354.45048451423645,15903,Nicolass-Air.technicolor.net,127.0.0.1,354.45048451423645,48,"46_trial_index=0,alpha=5.9470,anneal_lr=False,batch_size=0,beta=0.0052,capture_video=False,cuda=True,env_id=LunarLander-v2,eta=None,exp_name=QREPS,gamma=0.9900,minibatch_size=0,num_envs=8,num_iterations=0,num_minibatches=4,num_steps=256,parametrized_sampler=True,policy_lr_start=0.0006,q_histogram=False,q_lr_start=0.0005,saddle_point_optimization=True,sampler=ref_ph_15c28de2,seed=0,torch_deterministic=True,total_timesteps=100000,track=False,update_epochs=50,use_kl_loss=True,wandb_entity=None,wandb_project_name=QREPS_cleanRL",QREPS,0,True,True,False,QREPS_cleanRL,,False,LunarLander-v2,100000,8,256,False,0.99,4,0.0005784972859773849,0.00046065266658984195,5.947049408425016,,0.005168126435253922,50,True,True,<class '__main__.ExponentiatedGradientSampler'>,True,False,0,0,0,0
8194f839,-297.702392578125,1712922466,,True,48,2024-04-12_13-47-46,7.578956842422485,361.11816358566284,15913,Nicolass-Air.technicolor.net,127.0.0.1,361.11816358566284,48,"47_trial_index=1,alpha=5.9470,anneal_lr=False,batch_size=0,beta=0.0052,capture_video=False,cuda=True,env_id=LunarLander-v2,eta=None,exp_name=QREPS,gamma=0.9900,minibatch_size=0,num_envs=8,num_iterations=0,num_minibatches=4,num_steps=256,parametrized_sampler=True,policy_lr_start=0.0006,q_histogram=False,q_lr_start=0.0005,saddle_point_optimization=True,sampler=ref_ph_15c28de2,seed=0,torch_deterministic=True,total_timesteps=100000,track=False,update_epochs=50,use_kl_loss=True,wandb_entity=None,wandb_project_name=QREPS_cleanRL",QREPS,0,True,True,False,QREPS_cleanRL,,False,LunarLander-v2,100000,8,256,False,0.99,4,0.0005784972859773849,0.00046065266658984195,5.947049408425016,,0.005168126435253922,50,True,True,<class '__main__.ExponentiatedGradientSampler'>,True,False,0,0,0,1
0ae4b7ff,-368.568603515625,1712922470,,True,48,2024-04-12_13-47-50,7.8499839305877686,351.718416929245,15948,Nicolass-Air.technicolor.net,127.0.0.1,351.718416929245,48,"48_trial_index=2,alpha=5.9470,anneal_lr=False,batch_size=0,beta=0.0052,capture_video=False,cuda=True,env_id=LunarLander-v2,eta=None,exp_name=QREPS,gamma=0.9900,minibatch_size=0,num_envs=8,num_iterations=0,num_minibatches=4,num_steps=256,parametrized_sampler=True,policy_lr_start=0.0006,q_histogram=False,q_lr_start=0.0005,saddle_point_optimization=True,sampler=ref_ph_15c28de2,seed=0,torch_deterministic=True,total_timesteps=100000,track=False,update_epochs=50,use_kl_loss=True,wandb_entity=None,wandb_project_name=QREPS_cleanRL",QREPS,0,True,True,False,QREPS_cleanRL,,False,LunarLander-v2,100000,8,256,False,0.99,4,0.0005784972859773849,0.00046065266658984195,5.947049408425016,,0.005168126435253922,50,True,True,<class '__main__.ExponentiatedGradientSampler'>,True,False,0,0,0,2
5f1fd543,-399.21923828125,1712922578,,True,48,2024-04-12_13-49-38,7.551733016967773,355.4267680644989,16035,Nicolass-Air.technicolor.net,127.0.0.1,355.4267680644989,48,"49_trial_index=3,alpha=5.9470,anneal_lr=False,batch_size=0,beta=0.0052,capture_video=False,cuda=True,env_id=LunarLander-v2,eta=None,exp_name=QREPS,gamma=0.9900,minibatch_size=0,num_envs=8,num_iterations=0,num_minibatches=4,num_steps=256,parametrized_sampler=True,policy_lr_start=0.0006,q_histogram=False,q_lr_start=0.0005,saddle_point_optimization=True,sampler=ref_ph_15c28de2,seed=0,torch_deterministic=True,total_timesteps=100000,track=False,update_epochs=50,use_kl_loss=True,wandb_entity=None,wandb_project_name=QREPS_cleanRL",QREPS,0,True,True,False,QREPS_cleanRL,,False,LunarLander-v2,100000,8,256,False,0.99,4,0.0005784972859773849,0.00046065266658984195,5.947049408425016,,0.005168126435253922,50,True,True,<class '__main__.ExponentiatedGradientSampler'>,True,False,0,0,0,3
8ab04dd0,-302.3933410644531,1712922585,,True,48,2024-04-12_13-49-45,7.679275989532471,350.6580185890198,16047,Nicolass-Air.technicolor.net,127.0.0.1,350.6580185890198,48,"50_trial_index=4,alpha=5.9470,anneal_lr=False,batch_size=0,beta=0.0052,capture_video=False,cuda=True,env_id=LunarLander-v2,eta=None,exp_name=QREPS,gamma=0.9900,minibatch_size=0,num_envs=8,num_iterations=0,num_minibatches=4,num_steps=256,parametrized_sampler=True,policy_lr_start=0.0006,q_histogram=False,q_lr_start=0.0005,saddle_point_optimization=True,sampler=ref_ph_15c28de2,seed=0,torch_deterministic=True,total_timesteps=100000,track=False,update_epochs=50,use_kl_loss=True,wandb_entity=None,wandb_project_name=QREPS_cleanRL",QREPS,0,True,True,False,QREPS_cleanRL,,False,LunarLander-v2,100000,8,256,False,0.99,4,0.0005784972859773849,0.00046065266658984195,5.947049408425016,,0.005168126435253922,50,True,True,<class '__main__.ExponentiatedGradientSampler'>,True,False,0,0,0,4
25ff1f87,-1000.0,1712922261,,True,2,2024-04-12_13-44-21,13.135790824890137,14.562235832214355,16066,Nicolass-Air.technicolor.net,127.0.0.1,14.562235832214355,2,"51_trial_index=0,alpha=1.1681,anneal_lr=True,batch_size=0,beta=0.0005,capture_video=False,cuda=True,env_id=LunarLander-v2,eta=None,exp_name=QREPS,gamma=0.9900,minibatch_size=0,num_envs=8,num_iterations=0,num_minibatches=4,num_steps=256,parametrized_sampler=True,policy_lr_start=0.0001,q_histogram=False,q_lr_start=0.0023,saddle_point_optimization=True,sampler=ref_ph_15c28de2,seed=0,torch_deterministic=True,total_timesteps=100000,track=False,update_epochs=100,use_kl_loss=True,wandb_entity=None,wandb_project_name=QREPS_cleanRL",QREPS,0,True,True,False,QREPS_cleanRL,,False,LunarLander-v2,100000,8,256,True,0.99,4,0.00013867731633987576,0.0022880812398782457,1.1680795158130326,,0.0004974766425016476,100,True,True,<class '__main__.ExponentiatedGradientSampler'>,True,False,0,0,0,0
161d0070,-1000.0,1712922274,,True,2,2024-04-12_13-44-34,11.459749221801758,12.786742210388184,16080,Nicolass-Air.technicolor.net,127.0.0.1,12.786742210388184,2,"52_trial_index=1,alpha=1.1681,anneal_lr=True,batch_size=0,beta=0.0005,capture_video=False,cuda=True,env_id=LunarLander-v2,eta=None,exp_name=QREPS,gamma=0.9900,minibatch_size=0,num_envs=8,num_iterations=0,num_minibatches=4,num_steps=256,parametrized_sampler=True,policy_lr_start=0.0001,q_histogram=False,q_lr_start=0.0023,saddle_point_optimization=True,sampler=ref_ph_15c28de2,seed=0,torch_deterministic=True,total_timesteps=100000,track=False,update_epochs=100,use_kl_loss=True,wandb_entity=None,wandb_project_name=QREPS_cleanRL",QREPS,0,True,True,False,QREPS_cleanRL,,False,LunarLander-v2,100000,8,256,True,0.99,4,0.00013867731633987576,0.0022880812398782457,1.1680795158130326,,0.0004974766425016476,100,True,True,<class '__main__.ExponentiatedGradientSampler'>,True,False,0,0,0,1
ffc67f0a,-1000.0,1712922286,,True,2,2024-04-12_13-44-46,10.6409010887146,11.933229207992554,16101,Nicolass-Air.technicolor.net,127.0.0.1,11.933229207992554,2,"53_trial_index=2,alpha=1.1681,anneal_lr=True,batch_size=0,beta=0.0005,capture_video=False,cuda=True,env_id=LunarLander-v2,eta=None,exp_name=QREPS,gamma=0.9900,minibatch_size=0,num_envs=8,num_iterations=0,num_minibatches=4,num_steps=256,parametrized_sampler=True,policy_lr_start=0.0001,q_histogram=False,q_lr_start=0.0023,saddle_point_optimization=True,sampler=ref_ph_15c28de2,seed=0,torch_deterministic=True,total_timesteps=100000,track=False,update_epochs=100,use_kl_loss=True,wandb_entity=None,wandb_project_name=QREPS_cleanRL",QREPS,0,True,True,False,QREPS_cleanRL,,False,LunarLander-v2,100000,8,256,True,0.99,4,0.00013867731633987576,0.0022880812398782457,1.1680795158130326,,0.0004974766425016476,100,True,True,<class '__main__.ExponentiatedGradientSampler'>,True,False,0,0,0,2
b71f7a92,-1000.0,1712922299,,True,2,2024-04-12_13-44-59,12.854499101638794,14.02337908744812,16113,Nicolass-Air.technicolor.net,127.0.0.1,14.02337908744812,2,"54_trial_index=3,alpha=1.1681,anneal_lr=True,batch_size=0,beta=0.0005,capture_video=False,cuda=True,env_id=LunarLander-v2,eta=None,exp_name=QREPS,gamma=0.9900,minibatch_size=0,num_envs=8,num_iterations=0,num_minibatches=4,num_steps=256,parametrized_sampler=True,policy_lr_start=0.0001,q_histogram=False,q_lr_start=0.0023,saddle_point_optimization=True,sampler=ref_ph_15c28de2,seed=0,torch_deterministic=True,total_timesteps=100000,track=False,update_epochs=100,use_kl_loss=True,wandb_entity=None,wandb_project_name=QREPS_cleanRL",QREPS,0,True,True,False,QREPS_cleanRL,,False,LunarLander-v2,100000,8,256,True,0.99,4,0.00013867731633987576,0.0022880812398782457,1.1680795158130326,,0.0004974766425016476,100,True,True,<class '__main__.ExponentiatedGradientSampler'>,True,False,0,0,0,3
50221c42,-1000.0,1712922309,,True,2,2024-04-12_13-45-09,11.41121792793274,12.694907903671265,16123,Nicolass-Air.technicolor.net,127.0.0.1,12.694907903671265,2,"55_trial_index=4,alpha=1.1681,anneal_lr=True,batch_size=0,beta=0.0005,capture_video=False,cuda=True,env_id=LunarLander-v2,eta=None,exp_name=QREPS,gamma=0.9900,minibatch_size=0,num_envs=8,num_iterations=0,num_minibatches=4,num_steps=256,parametrized_sampler=True,policy_lr_start=0.0001,q_histogram=False,q_lr_start=0.0023,saddle_point_optimization=True,sampler=ref_ph_15c28de2,seed=0,torch_deterministic=True,total_timesteps=100000,track=False,update_epochs=100,use_kl_loss=True,wandb_entity=None,wandb_project_name=QREPS_cleanRL",QREPS,0,True,True,False,QREPS_cleanRL,,False,LunarLander-v2,100000,8,256,True,0.99,4,0.00013867731633987576,0.0022880812398782457,1.1680795158130326,,0.0004974766425016476,100,True,True,<class '__main__.ExponentiatedGradientSampler'>,True,False,0,0,0,4
233734a9,-304.8987121582031,1712922657,,True,195,2024-04-12_13-50-57,1.6337699890136719,345.8753318786621,16132,Nicolass-Air.technicolor.net,127.0.0.1,345.8753318786621,195,"56_trial_index=0,alpha=3.1851,anneal_lr=False,batch_size=0,beta=0.0027,capture_video=False,cuda=True,env_id=LunarLander-v2,eta=None,exp_name=QREPS,gamma=0.9900,minibatch_size=0,num_envs=4,num_iterations=0,num_minibatches=8,num_steps=128,parametrized_sampler=False,policy_lr_start=0.0022,q_histogram=False,q_lr_start=0.0003,saddle_point_optimization=True,sampler=ref_ph_15c28de2,seed=0,torch_deterministic=True,total_timesteps=100000,track=False,update_epochs=50,use_kl_loss=False,wandb_entity=None,wandb_project_name=QREPS_cleanRL",QREPS,0,True,True,False,QREPS_cleanRL,,False,LunarLander-v2,100000,4,128,False,0.99,8,0.0021635523500018487,0.0002924272514425311,3.1851402799157134,,0.002744741679630929,50,True,False,<class '__main__.ExponentiatedGradientSampler'>,False,False,0,0,0,0
a902ce62,-292.5809326171875,1712922670,,True,195,2024-04-12_13-51-10,1.7635142803192139,347.0613465309143,16149,Nicolass-Air.technicolor.net,127.0.0.1,347.0613465309143,195,"57_trial_index=1,alpha=3.1851,anneal_lr=False,batch_size=0,beta=0.0027,capture_video=False,cuda=True,env_id=LunarLander-v2,eta=None,exp_name=QREPS,gamma=0.9900,minibatch_size=0,num_envs=4,num_iterations=0,num_minibatches=8,num_steps=128,parametrized_sampler=False,policy_lr_start=0.0022,q_histogram=False,q_lr_start=0.0003,saddle_point_optimization=True,sampler=ref_ph_15c28de2,seed=0,torch_deterministic=True,total_timesteps=100000,track=False,update_epochs=50,use_kl_loss=False,wandb_entity=None,wandb_project_name=QREPS_cleanRL",QREPS,0,True,True,False,QREPS_cleanRL,,False,LunarLander-v2,100000,4,128,False,0.99,8,0.0021635523500018487,0.0002924272514425311,3.1851402799157134,,0.002744741679630929,50,True,False,<class '__main__.ExponentiatedGradientSampler'>,False,False,0,0,0,1
057d6605,-100.7605972290039,1712922696,,True,195,2024-04-12_13-51-36,1.816741943359375,360.5034897327423,16176,Nicolass-Air.technicolor.net,127.0.0.1,360.5034897327423,195,"58_trial_index=2,alpha=3.1851,anneal_lr=False,batch_size=0,beta=0.0027,capture_video=False,cuda=True,env_id=LunarLander-v2,eta=None,exp_name=QREPS,gamma=0.9900,minibatch_size=0,num_envs=4,num_iterations=0,num_minibatches=8,num_steps=128,parametrized_sampler=False,policy_lr_start=0.0022,q_histogram=False,q_lr_start=0.0003,saddle_point_optimization=True,sampler=ref_ph_15c28de2,seed=0,torch_deterministic=True,total_timesteps=100000,track=False,update_epochs=50,use_kl_loss=False,wandb_entity=None,wandb_project_name=QREPS_cleanRL",QREPS,0,True,True,False,QREPS_cleanRL,,False,LunarLander-v2,100000,4,128,False,0.99,8,0.0021635523500018487,0.0002924272514425311,3.1851402799157134,,0.002744741679630929,50,True,False,<class '__main__.ExponentiatedGradientSampler'>,False,False,0,0,0,2
9428d921,-124.26392364501953,1712922828,,True,195,2024-04-12_13-53-48,1.7884159088134766,356.49723720550537,16267,Nicolass-Air.technicolor.net,127.0.0.1,356.49723720550537,195,"59_trial_index=3,alpha=3.1851,anneal_lr=False,batch_size=0,beta=0.0027,capture_video=False,cuda=True,env_id=LunarLander-v2,eta=None,exp_name=QREPS,gamma=0.9900,minibatch_size=0,num_envs=4,num_iterations=0,num_minibatches=8,num_steps=128,parametrized_sampler=False,policy_lr_start=0.0022,q_histogram=False,q_lr_start=0.0003,saddle_point_optimization=True,sampler=ref_ph_15c28de2,seed=0,torch_deterministic=True,total_timesteps=100000,track=False,update_epochs=50,use_kl_loss=False,wandb_entity=None,wandb_project_name=QREPS_cleanRL",QREPS,0,True,True,False,QREPS_cleanRL,,False,LunarLander-v2,100000,4,128,False,0.99,8,0.0021635523500018487,0.0002924272514425311,3.1851402799157134,,0.002744741679630929,50,True,False,<class '__main__.ExponentiatedGradientSampler'>,False,False,0,0,0,3
d4a1a1bf,-405.94415283203125,1712922837,,True,195,2024-04-12_13-53-57,1.894751787185669,347.74209785461426,16282,Nicolass-Air.technicolor.net,127.0.0.1,347.74209785461426,195,"60_trial_index=4,alpha=3.1851,anneal_lr=False,batch_size=0,beta=0.0027,capture_video=False,cuda=True,env_id=LunarLander-v2,eta=None,exp_name=QREPS,gamma=0.9900,minibatch_size=0,num_envs=4,num_iterations=0,num_minibatches=8,num_steps=128,parametrized_sampler=False,policy_lr_start=0.0022,q_histogram=False,q_lr_start=0.0003,saddle_point_optimization=True,sampler=ref_ph_15c28de2,seed=0,torch_deterministic=True,total_timesteps=100000,track=False,update_epochs=50,use_kl_loss=False,wandb_entity=None,wandb_project_name=QREPS_cleanRL",QREPS,0,True,True,False,QREPS_cleanRL,,False,LunarLander-v2,100000,4,128,False,0.99,8,0.0021635523500018487,0.0002924272514425311,3.1851402799157134,,0.002744741679630929,50,True,False,<class '__main__.ExponentiatedGradientSampler'>,False,False,0,0,0,4
9b88d7f1,-1000.0,1712922647,,True,40,2024-04-12_13-50-47,2.4340498447418213,147.55136799812317,16292,Nicolass-Air.technicolor.net,127.0.0.1,147.55136799812317,40,"61_trial_index=0,alpha=7.1334,anneal_lr=True,batch_size=0,beta=0.0010,capture_video=False,cuda=True,env_id=LunarLander-v2,eta=None,exp_name=QREPS,gamma=0.9900,minibatch_size=0,num_envs=4,num_iterations=0,num_minibatches=4,num_steps=128,parametrized_sampler=True,policy_lr_start=0.0010,q_histogram=False,q_lr_start=0.0010,saddle_point_optimization=True,sampler=ref_ph_15c28de2,seed=0,torch_deterministic=True,total_timesteps=100000,track=False,update_epochs=100,use_kl_loss=True,wandb_entity=None,wandb_project_name=QREPS_cleanRL",QREPS,0,True,True,False,QREPS_cleanRL,,False,LunarLander-v2,100000,4,128,True,0.99,4,0.0010182123689463473,0.001015611421451243,7.133409529514126,,0.0010065912598552472,100,True,True,<class '__main__.ExponentiatedGradientSampler'>,True,False,0,0,0,0
2522c824,-166.15115356445312,1712923413,,True,150,2024-04-12_14-03-33,4.537496089935303,808.8489701747894,16377,Nicolass-Air.technicolor.net,127.0.0.1,808.8489701747894,150,"62_trial_index=1,alpha=7.1334,anneal_lr=True,batch_size=0,beta=0.0010,capture_video=False,cuda=True,env_id=LunarLander-v2,eta=None,exp_name=QREPS,gamma=0.9900,minibatch_size=0,num_envs=4,num_iterations=0,num_minibatches=4,num_steps=128,parametrized_sampler=True,policy_lr_start=0.0010,q_histogram=False,q_lr_start=0.0010,saddle_point_optimization=True,sampler=ref_ph_15c28de2,seed=0,torch_deterministic=True,total_timesteps=100000,track=False,update_epochs=100,use_kl_loss=True,wandb_entity=None,wandb_project_name=QREPS_cleanRL",QREPS,0,True,True,False,QREPS_cleanRL,,False,LunarLander-v2,100000,4,128,True,0.99,4,0.0010182123689463473,0.001015611421451243,7.133409529514126,,0.0010065912598552472,100,True,True,<class '__main__.ExponentiatedGradientSampler'>,True,False,0,0,0,1
b032424e,-131.15757751464844,1712923426,,True,133,2024-04-12_14-03-46,4.620172023773193,811.4018635749817,16387,Nicolass-Air.technicolor.net,127.0.0.1,811.4018635749817,133,"63_trial_index=2,alpha=7.1334,anneal_lr=True,batch_size=0,beta=0.0010,capture_video=False,cuda=True,env_id=LunarLander-v2,eta=None,exp_name=QREPS,gamma=0.9900,minibatch_size=0,num_envs=4,num_iterations=0,num_minibatches=4,num_steps=128,parametrized_sampler=True,policy_lr_start=0.0010,q_histogram=False,q_lr_start=0.0010,saddle_point_optimization=True,sampler=ref_ph_15c28de2,seed=0,torch_deterministic=True,total_timesteps=100000,track=False,update_epochs=100,use_kl_loss=True,wandb_entity=None,wandb_project_name=QREPS_cleanRL",QREPS,0,True,True,False,QREPS_cleanRL,,False,LunarLander-v2,100000,4,128,True,0.99,4,0.0010182123689463473,0.001015611421451243,7.133409529514126,,0.0010065912598552472,100,True,True,<class '__main__.ExponentiatedGradientSampler'>,True,False,0,0,0,2
d4451f30,-87.52526092529297,1712923447,,True,184,2024-04-12_14-04-07,4.387656927108765,782.2894141674042,16426,Nicolass-Air.technicolor.net,127.0.0.1,782.2894141674042,184,"64_trial_index=3,alpha=7.1334,anneal_lr=True,batch_size=0,beta=0.0010,capture_video=False,cuda=True,env_id=LunarLander-v2,eta=None,exp_name=QREPS,gamma=0.9900,minibatch_size=0,num_envs=4,num_iterations=0,num_minibatches=4,num_steps=128,parametrized_sampler=True,policy_lr_start=0.0010,q_histogram=False,q_lr_start=0.0010,saddle_point_optimization=True,sampler=ref_ph_15c28de2,seed=0,torch_deterministic=True,total_timesteps=100000,track=False,update_epochs=100,use_kl_loss=True,wandb_entity=None,wandb_project_name=QREPS_cleanRL",QREPS,0,True,True,False,QREPS_cleanRL,,False,LunarLander-v2,100000,4,128,True,0.99,4,0.0010182123689463473,0.001015611421451243,7.133409529514126,,0.0010065912598552472,100,True,True,<class '__main__.ExponentiatedGradientSampler'>,True,False,0,0,0,3
f65a40ef,-1000.0,1712922820,,True,36,2024-04-12_13-53-40,2.6547110080718994,146.36646628379822,16434,Nicolass-Air.technicolor.net,127.0.0.1,146.36646628379822,36,"65_trial_index=4,alpha=7.1334,anneal_lr=True,batch_size=0,beta=0.0010,capture_video=False,cuda=True,env_id=LunarLander-v2,eta=None,exp_name=QREPS,gamma=0.9900,minibatch_size=0,num_envs=4,num_iterations=0,num_minibatches=4,num_steps=128,parametrized_sampler=True,policy_lr_start=0.0010,q_histogram=False,q_lr_start=0.0010,saddle_point_optimization=True,sampler=ref_ph_15c28de2,seed=0,torch_deterministic=True,total_timesteps=100000,track=False,update_epochs=100,use_kl_loss=True,wandb_entity=None,wandb_project_name=QREPS_cleanRL",QREPS,0,True,True,False,QREPS_cleanRL,,False,LunarLander-v2,100000,4,128,True,0.99,4,0.0010182123689463473,0.001015611421451243,7.133409529514126,,0.0010065912598552472,100,True,True,<class '__main__.ExponentiatedGradientSampler'>,True,False,0,0,0,4
820046ff,-114.40792083740234,1712923008,,True,48,2024-04-12_13-56-48,7.563779830932617,321.21502804756165,16451,Nicolass-Air.technicolor.net,127.0.0.1,321.21502804756165,48,"66_trial_index=0,alpha=2.6158,anneal_lr=False,batch_size=0,beta=0.0006,capture_video=False,cuda=True,env_id=LunarLander-v2,eta=None,exp_name=QREPS,gamma=0.9900,minibatch_size=0,num_envs=8,num_iterations=0,num_minibatches=8,num_steps=256,parametrized_sampler=False,policy_lr_start=0.0003,q_histogram=False,q_lr_start=0.0001,saddle_point_optimization=True,sampler=ref_ph_15c28de2,seed=0,torch_deterministic=True,total_timesteps=100000,track=False,update_epochs=50,use_kl_loss=False,wandb_entity=None,wandb_project_name=QREPS_cleanRL",QREPS,0,True,True,False,QREPS_cleanRL,,False,LunarLander-v2,100000,8,256,False,0.99,8,0.0002828213866984025,0.00014714966220512487,2.6158420539690277,,0.0005758762751579035,50,True,False,<class '__main__.ExponentiatedGradientSampler'>,False,False,0,0,0,0
ef606a26,-330.032470703125,1712923040,,True,48,2024-04-12_13-57-20,7.684333086013794,327.18792510032654,16483,Nicolass-Air.technicolor.net,127.0.0.1,327.18792510032654,48,"67_trial_index=1,alpha=2.6158,anneal_lr=False,batch_size=0,beta=0.0006,capture_video=False,cuda=True,env_id=LunarLander-v2,eta=None,exp_name=QREPS,gamma=0.9900,minibatch_size=0,num_envs=8,num_iterations=0,num_minibatches=8,num_steps=256,parametrized_sampler=False,policy_lr_start=0.0003,q_histogram=False,q_lr_start=0.0001,saddle_point_optimization=True,sampler=ref_ph_15c28de2,seed=0,torch_deterministic=True,total_timesteps=100000,track=False,update_epochs=50,use_kl_loss=False,wandb_entity=None,wandb_project_name=QREPS_cleanRL",QREPS,0,True,True,False,QREPS_cleanRL,,False,LunarLander-v2,100000,8,256,False,0.99,8,0.0002828213866984025,0.00014714966220512487,2.6158420539690277,,0.0005758762751579035,50,True,False,<class '__main__.ExponentiatedGradientSampler'>,False,False,0,0,0,1
1f1edbe0,-313.7176513671875,1712923163,,True,48,2024-04-12_13-59-23,7.2238287925720215,329.0526337623596,16573,Nicolass-Air.technicolor.net,127.0.0.1,329.0526337623596,48,"68_trial_index=2,alpha=2.6158,anneal_lr=False,batch_size=0,beta=0.0006,capture_video=False,cuda=True,env_id=LunarLander-v2,eta=None,exp_name=QREPS,gamma=0.9900,minibatch_size=0,num_envs=8,num_iterations=0,num_minibatches=8,num_steps=256,parametrized_sampler=False,policy_lr_start=0.0003,q_histogram=False,q_lr_start=0.0001,saddle_point_optimization=True,sampler=ref_ph_15c28de2,seed=0,torch_deterministic=True,total_timesteps=100000,track=False,update_epochs=50,use_kl_loss=False,wandb_entity=None,wandb_project_name=QREPS_cleanRL",QREPS,0,True,True,False,QREPS_cleanRL,,False,LunarLander-v2,100000,8,256,False,0.99,8,0.0002828213866984025,0.00014714966220512487,2.6158420539690277,,0.0005758762751579035,50,True,False,<class '__main__.ExponentiatedGradientSampler'>,False,False,0,0,0,2
440e3670,-191.8151092529297,1712923171,,True,48,2024-04-12_13-59-31,6.906813144683838,325.1886749267578,16583,Nicolass-Air.technicolor.net,127.0.0.1,325.1886749267578,48,"69_trial_index=3,alpha=2.6158,anneal_lr=False,batch_size=0,beta=0.0006,capture_video=False,cuda=True,env_id=LunarLander-v2,eta=None,exp_name=QREPS,gamma=0.9900,minibatch_size=0,num_envs=8,num_iterations=0,num_minibatches=8,num_steps=256,parametrized_sampler=False,policy_lr_start=0.0003,q_histogram=False,q_lr_start=0.0001,saddle_point_optimization=True,sampler=ref_ph_15c28de2,seed=0,torch_deterministic=True,total_timesteps=100000,track=False,update_epochs=50,use_kl_loss=False,wandb_entity=None,wandb_project_name=QREPS_cleanRL",QREPS,0,True,True,False,QREPS_cleanRL,,False,LunarLander-v2,100000,8,256,False,0.99,8,0.0002828213866984025,0.00014714966220512487,2.6158420539690277,,0.0005758762751579035,50,True,False,<class '__main__.ExponentiatedGradientSampler'>,False,False,0,0,0,3
3cb0df4d,-217.48931884765625,1712923186,,True,48,2024-04-12_13-59-46,7.0313050746917725,327.0781557559967,16591,Nicolass-Air.technicolor.net,127.0.0.1,327.0781557559967,48,"70_trial_index=4,alpha=2.6158,anneal_lr=False,batch_size=0,beta=0.0006,capture_video=False,cuda=True,env_id=LunarLander-v2,eta=None,exp_name=QREPS,gamma=0.9900,minibatch_size=0,num_envs=8,num_iterations=0,num_minibatches=8,num_steps=256,parametrized_sampler=False,policy_lr_start=0.0003,q_histogram=False,q_lr_start=0.0001,saddle_point_optimization=True,sampler=ref_ph_15c28de2,seed=0,torch_deterministic=True,total_timesteps=100000,track=False,update_epochs=50,use_kl_loss=False,wandb_entity=None,wandb_project_name=QREPS_cleanRL",QREPS,0,True,True,False,QREPS_cleanRL,,False,LunarLander-v2,100000,8,256,False,0.99,8,0.0002828213866984025,0.00014714966220512487,2.6158420539690277,,0.0005758762751579035,50,True,False,<class '__main__.ExponentiatedGradientSampler'>,False,False,0,0,0,4
e5088873,-159.34996032714844,1712923102,,True,48,2024-04-12_13-58-22,1.5131850242614746,72.195974111557,16714,Nicolass-Air.technicolor.net,127.0.0.1,72.195974111557,48,"71_trial_index=0,alpha=4.4393,anneal_lr=True,batch_size=0,beta=0.0060,capture_video=False,cuda=True,env_id=LunarLander-v2,eta=None,exp_name=QREPS,gamma=0.9900,minibatch_size=0,num_envs=8,num_iterations=0,num_minibatches=8,num_steps=256,parametrized_sampler=False,policy_lr_start=0.0004,q_histogram=False,q_lr_start=0.0074,saddle_point_optimization=True,sampler=ref_ph_15c28de2,seed=0,torch_deterministic=True,total_timesteps=100000,track=False,update_epochs=10,use_kl_loss=False,wandb_entity=None,wandb_project_name=QREPS_cleanRL",QREPS,0,True,True,False,QREPS_cleanRL,,False,LunarLander-v2,100000,8,256,True,0.99,8,0.00038167766681910403,0.007441934830219461,4.439349210472583,,0.005956614568167076,10,True,False,<class '__main__.ExponentiatedGradientSampler'>,False,False,0,0,0,0
200919c9,-196.7838897705078,1712923134,,True,48,2024-04-12_13-58-54,1.3610737323760986,71.5898232460022,16746,Nicolass-Air.technicolor.net,127.0.0.1,71.5898232460022,48,"72_trial_index=1,alpha=4.4393,anneal_lr=True,batch_size=0,beta=0.0060,capture_video=False,cuda=True,env_id=LunarLander-v2,eta=None,exp_name=QREPS,gamma=0.9900,minibatch_size=0,num_envs=8,num_iterations=0,num_minibatches=8,num_steps=256,parametrized_sampler=False,policy_lr_start=0.0004,q_histogram=False,q_lr_start=0.0074,saddle_point_optimization=True,sampler=ref_ph_15c28de2,seed=0,torch_deterministic=True,total_timesteps=100000,track=False,update_epochs=10,use_kl_loss=False,wandb_entity=None,wandb_project_name=QREPS_cleanRL",QREPS,0,True,True,False,QREPS_cleanRL,,False,LunarLander-v2,100000,8,256,True,0.99,8,0.00038167766681910403,0.007441934830219461,4.439349210472583,,0.005956614568167076,10,True,False,<class '__main__.ExponentiatedGradientSampler'>,False,False,0,0,0,1
009a1742,-192.9821014404297,1712923190,,True,48,2024-04-12_13-59-50,1.541682243347168,72.45730257034302,16790,Nicolass-Air.technicolor.net,127.0.0.1,72.45730257034302,48,"73_trial_index=2,alpha=4.4393,anneal_lr=True,batch_size=0,beta=0.0060,capture_video=False,cuda=True,env_id=LunarLander-v2,eta=None,exp_name=QREPS,gamma=0.9900,minibatch_size=0,num_envs=8,num_iterations=0,num_minibatches=8,num_steps=256,parametrized_sampler=False,policy_lr_start=0.0004,q_histogram=False,q_lr_start=0.0074,saddle_point_optimization=True,sampler=ref_ph_15c28de2,seed=0,torch_deterministic=True,total_timesteps=100000,track=False,update_epochs=10,use_kl_loss=False,wandb_entity=None,wandb_project_name=QREPS_cleanRL",QREPS,0,True,True,False,QREPS_cleanRL,,False,LunarLander-v2,100000,8,256,True,0.99,8,0.00038167766681910403,0.007441934830219461,4.439349210472583,,0.005956614568167076,10,True,False,<class '__main__.ExponentiatedGradientSampler'>,False,False,0,0,0,2
15de3d2e,-120.7018051147461,1712923220,,True,48,2024-04-12_14-00-20,1.5015900135040283,70.57815170288086,16813,Nicolass-Air.technicolor.net,127.0.0.1,70.57815170288086,48,"74_trial_index=3,alpha=4.4393,anneal_lr=True,batch_size=0,beta=0.0060,capture_video=False,cuda=True,env_id=LunarLander-v2,eta=None,exp_name=QREPS,gamma=0.9900,minibatch_size=0,num_envs=8,num_iterations=0,num_minibatches=8,num_steps=256,parametrized_sampler=False,policy_lr_start=0.0004,q_histogram=False,q_lr_start=0.0074,saddle_point_optimization=True,sampler=ref_ph_15c28de2,seed=0,torch_deterministic=True,total_timesteps=100000,track=False,update_epochs=10,use_kl_loss=False,wandb_entity=None,wandb_project_name=QREPS_cleanRL",QREPS,0,True,True,False,QREPS_cleanRL,,False,LunarLander-v2,100000,8,256,True,0.99,8,0.00038167766681910403,0.007441934830219461,4.439349210472583,,0.005956614568167076,10,True,False,<class '__main__.ExponentiatedGradientSampler'>,False,False,0,0,0,3
33b7a518,-272.1643371582031,1712923254,,True,48,2024-04-12_14-00-54,1.3624367713928223,67.66684818267822,16838,Nicolass-Air.technicolor.net,127.0.0.1,67.66684818267822,48,"75_trial_index=4,alpha=4.4393,anneal_lr=True,batch_size=0,beta=0.0060,capture_video=False,cuda=True,env_id=LunarLander-v2,eta=None,exp_name=QREPS,gamma=0.9900,minibatch_size=0,num_envs=8,num_iterations=0,num_minibatches=8,num_steps=256,parametrized_sampler=False,policy_lr_start=0.0004,q_histogram=False,q_lr_start=0.0074,saddle_point_optimization=True,sampler=ref_ph_15c28de2,seed=0,torch_deterministic=True,total_timesteps=100000,track=False,update_epochs=10,use_kl_loss=False,wandb_entity=None,wandb_project_name=QREPS_cleanRL",QREPS,0,True,True,False,QREPS_cleanRL,,False,LunarLander-v2,100000,8,256,True,0.99,8,0.00038167766681910403,0.007441934830219461,4.439349210472583,,0.005956614568167076,10,True,False,<class '__main__.ExponentiatedGradientSampler'>,False,False,0,0,0,4
882833d0,-1000.0,1712923223,,True,17,2024-04-12_14-00-23,0.015095949172973633,26.650941133499146,16853,Nicolass-Air.technicolor.net,127.0.0.1,26.650941133499146,17,"76_trial_index=0,alpha=1.6352,anneal_lr=False,batch_size=0,beta=0.0001,capture_video=False,cuda=True,env_id=LunarLander-v2,eta=None,exp_name=QREPS,gamma=0.9900,minibatch_size=0,num_envs=4,num_iterations=0,num_minibatches=4,num_steps=128,parametrized_sampler=True,policy_lr_start=0.0079,q_histogram=False,q_lr_start=0.0009,saddle_point_optimization=True,sampler=ref_ph_15c28de2,seed=0,torch_deterministic=True,total_timesteps=100000,track=False,update_epochs=50,use_kl_loss=True,wandb_entity=None,wandb_project_name=QREPS_cleanRL",QREPS,0,True,True,False,QREPS_cleanRL,,False,LunarLander-v2,100000,4,128,False,0.99,4,0.007878665555349067,0.0009011135199683625,1.635171741080564,,0.00010410239890440353,50,True,True,<class '__main__.ExponentiatedGradientSampler'>,True,False,0,0,0,0
196215df,-1000.0,1712923233,,True,15,2024-04-12_14-00-33,1.0704479217529297,25.541909217834473,16863,Nicolass-Air.technicolor.net,127.0.0.1,25.541909217834473,15,"77_trial_index=1,alpha=1.6352,anneal_lr=False,batch_size=0,beta=0.0001,capture_video=False,cuda=True,env_id=LunarLander-v2,eta=None,exp_name=QREPS,gamma=0.9900,minibatch_size=0,num_envs=4,num_iterations=0,num_minibatches=4,num_steps=128,parametrized_sampler=True,policy_lr_start=0.0079,q_histogram=False,q_lr_start=0.0009,saddle_point_optimization=True,sampler=ref_ph_15c28de2,seed=0,torch_deterministic=True,total_timesteps=100000,track=False,update_epochs=50,use_kl_loss=True,wandb_entity=None,wandb_project_name=QREPS_cleanRL",QREPS,0,True,True,False,QREPS_cleanRL,,False,LunarLander-v2,100000,4,128,False,0.99,4,0.007878665555349067,0.0009011135199683625,1.635171741080564,,0.00010410239890440353,50,True,True,<class '__main__.ExponentiatedGradientSampler'>,True,False,0,0,0,1
419b83f4,-1000.0,1712923248,,True,16,2024-04-12_14-00-48,0.009463071823120117,24.656412839889526,16870,Nicolass-Air.technicolor.net,127.0.0.1,24.656412839889526,16,"78_trial_index=2,alpha=1.6352,anneal_lr=False,batch_size=0,beta=0.0001,capture_video=False,cuda=True,env_id=LunarLander-v2,eta=None,exp_name=QREPS,gamma=0.9900,minibatch_size=0,num_envs=4,num_iterations=0,num_minibatches=4,num_steps=128,parametrized_sampler=True,policy_lr_start=0.0079,q_histogram=False,q_lr_start=0.0009,saddle_point_optimization=True,sampler=ref_ph_15c28de2,seed=0,torch_deterministic=True,total_timesteps=100000,track=False,update_epochs=50,use_kl_loss=True,wandb_entity=None,wandb_project_name=QREPS_cleanRL",QREPS,0,True,True,False,QREPS_cleanRL,,False,LunarLander-v2,100000,4,128,False,0.99,4,0.007878665555349067,0.0009011135199683625,1.635171741080564,,0.00010410239890440353,50,True,True,<class '__main__.ExponentiatedGradientSampler'>,True,False,0,0,0,2
e7481707,-1000.0,1712923258,,True,15,2024-04-12_14-00-58,1.2925989627838135,22.91768455505371,16886,Nicolass-Air.technicolor.net,127.0.0.1,22.91768455505371,15,"79_trial_index=3,alpha=1.6352,anneal_lr=False,batch_size=0,beta=0.0001,capture_video=False,cuda=True,env_id=LunarLander-v2,eta=None,exp_name=QREPS,gamma=0.9900,minibatch_size=0,num_envs=4,num_iterations=0,num_minibatches=4,num_steps=128,parametrized_sampler=True,policy_lr_start=0.0079,q_histogram=False,q_lr_start=0.0009,saddle_point_optimization=True,sampler=ref_ph_15c28de2,seed=0,torch_deterministic=True,total_timesteps=100000,track=False,update_epochs=50,use_kl_loss=True,wandb_entity=None,wandb_project_name=QREPS_cleanRL",QREPS,0,True,True,False,QREPS_cleanRL,,False,LunarLander-v2,100000,4,128,False,0.99,4,0.007878665555349067,0.0009011135199683625,1.635171741080564,,0.00010410239890440353,50,True,True,<class '__main__.ExponentiatedGradientSampler'>,True,False,0,0,0,3
6610d752,-1000.0,1712923267,,True,14,2024-04-12_14-01-07,1.0927462577819824,20.17274045944214,16910,Nicolass-Air.technicolor.net,127.0.0.1,20.17274045944214,14,"80_trial_index=4,alpha=1.6352,anneal_lr=False,batch_size=0,beta=0.0001,capture_video=False,cuda=True,env_id=LunarLander-v2,eta=None,exp_name=QREPS,gamma=0.9900,minibatch_size=0,num_envs=4,num_iterations=0,num_minibatches=4,num_steps=128,parametrized_sampler=True,policy_lr_start=0.0079,q_histogram=False,q_lr_start=0.0009,saddle_point_optimization=True,sampler=ref_ph_15c28de2,seed=0,torch_deterministic=True,total_timesteps=100000,track=False,update_epochs=50,use_kl_loss=True,wandb_entity=None,wandb_project_name=QREPS_cleanRL",QREPS,0,True,True,False,QREPS_cleanRL,,False,LunarLander-v2,100000,4,128,False,0.99,4,0.007878665555349067,0.0009011135199683625,1.635171741080564,,0.00010410239890440353,50,True,True,<class '__main__.ExponentiatedGradientSampler'>,True,False,0,0,0,4
7aeb8227,-1000.0,1712923494,,True,69,2024-04-12_14-04-54,1.4840939044952393,234.1371202468872,16927,Nicolass-Air.technicolor.net,127.0.0.1,234.1371202468872,69,"81_trial_index=0,alpha=6.9546,anneal_lr=False,batch_size=0,beta=0.0003,capture_video=False,cuda=True,env_id=LunarLander-v2,eta=None,exp_name=QREPS,gamma=0.9900,minibatch_size=0,num_envs=4,num_iterations=0,num_minibatches=8,num_steps=256,parametrized_sampler=False,policy_lr_start=0.0005,q_histogram=False,q_lr_start=0.0002,saddle_point_optimization=True,sampler=ref_ph_15c28de2,seed=0,torch_deterministic=True,total_timesteps=100000,track=False,update_epochs=50,use_kl_loss=False,wandb_entity=None,wandb_project_name=QREPS_cleanRL",QREPS,0,True,True,False,QREPS_cleanRL,,False,LunarLander-v2,100000,4,256,False,0.99,8,0.0004788984954654541,0.0002473539753775567,6.954581206238896,,0.0002512486746911885,50,True,False,<class '__main__.ExponentiatedGradientSampler'>,False,False,0,0,0,0
512291f6,-1000.0,1712923456,,True,54,2024-04-12_14-04-16,0.8233027458190918,186.3837285041809,16939,Nicolass-Air.technicolor.net,127.0.0.1,186.3837285041809,54,"82_trial_index=1,alpha=6.9546,anneal_lr=False,batch_size=0,beta=0.0003,capture_video=False,cuda=True,env_id=LunarLander-v2,eta=None,exp_name=QREPS,gamma=0.9900,minibatch_size=0,num_envs=4,num_iterations=0,num_minibatches=8,num_steps=256,parametrized_sampler=False,policy_lr_start=0.0005,q_histogram=False,q_lr_start=0.0002,saddle_point_optimization=True,sampler=ref_ph_15c28de2,seed=0,torch_deterministic=True,total_timesteps=100000,track=False,update_epochs=50,use_kl_loss=False,wandb_entity=None,wandb_project_name=QREPS_cleanRL",QREPS,0,True,True,False,QREPS_cleanRL,,False,LunarLander-v2,100000,4,256,False,0.99,8,0.0004788984954654541,0.0002473539753775567,6.954581206238896,,0.0002512486746911885,50,True,False,<class '__main__.ExponentiatedGradientSampler'>,False,False,0,0,0,1
b043efc2,-1000.0,1712923558,,True,78,2024-04-12_14-05-58,3.055399179458618,277.9503376483917,16948,Nicolass-Air.technicolor.net,127.0.0.1,277.9503376483917,78,"83_trial_index=2,alpha=6.9546,anneal_lr=False,batch_size=0,beta=0.0003,capture_video=False,cuda=True,env_id=LunarLander-v2,eta=None,exp_name=QREPS,gamma=0.9900,minibatch_size=0,num_envs=4,num_iterations=0,num_minibatches=8,num_steps=256,parametrized_sampler=False,policy_lr_start=0.0005,q_histogram=False,q_lr_start=0.0002,saddle_point_optimization=True,sampler=ref_ph_15c28de2,seed=0,torch_deterministic=True,total_timesteps=100000,track=False,update_epochs=50,use_kl_loss=False,wandb_entity=None,wandb_project_name=QREPS_cleanRL",QREPS,0,True,True,False,QREPS_cleanRL,,False,LunarLander-v2,100000,4,256,False,0.99,8,0.0004788984954654541,0.0002473539753775567,6.954581206238896,,0.0002512486746911885,50,True,False,<class '__main__.ExponentiatedGradientSampler'>,False,False,0,0,0,2
38438be3,-318.2558288574219,1712923639,,True,97,2024-04-12_14-07-19,3.8787710666656494,347.69987297058105,16962,Nicolass-Air.technicolor.net,127.0.0.1,347.69987297058105,97,"84_trial_index=3,alpha=6.9546,anneal_lr=False,batch_size=0,beta=0.0003,capture_video=False,cuda=True,env_id=LunarLander-v2,eta=None,exp_name=QREPS,gamma=0.9900,minibatch_size=0,num_envs=4,num_iterations=0,num_minibatches=8,num_steps=256,parametrized_sampler=False,policy_lr_start=0.0005,q_histogram=False,q_lr_start=0.0002,saddle_point_optimization=True,sampler=ref_ph_15c28de2,seed=0,torch_deterministic=True,total_timesteps=100000,track=False,update_epochs=50,use_kl_loss=False,wandb_entity=None,wandb_project_name=QREPS_cleanRL",QREPS,0,True,True,False,QREPS_cleanRL,,False,LunarLander-v2,100000,4,256,False,0.99,8,0.0004788984954654541,0.0002473539753775567,6.954581206238896,,0.0002512486746911885,50,True,False,<class '__main__.ExponentiatedGradientSampler'>,False,False,0,0,0,3
6603a307,-1000.0,1712923532,,True,64,2024-04-12_14-05-32,0.44778013229370117,228.85015964508057,16972,Nicolass-Air.technicolor.net,127.0.0.1,228.85015964508057,64,"85_trial_index=4,alpha=6.9546,anneal_lr=False,batch_size=0,beta=0.0003,capture_video=False,cuda=True,env_id=LunarLander-v2,eta=None,exp_name=QREPS,gamma=0.9900,minibatch_size=0,num_envs=4,num_iterations=0,num_minibatches=8,num_steps=256,parametrized_sampler=False,policy_lr_start=0.0005,q_histogram=False,q_lr_start=0.0002,saddle_point_optimization=True,sampler=ref_ph_15c28de2,seed=0,torch_deterministic=True,total_timesteps=100000,track=False,update_epochs=50,use_kl_loss=False,wandb_entity=None,wandb_project_name=QREPS_cleanRL",QREPS,0,True,True,False,QREPS_cleanRL,,False,LunarLander-v2,100000,4,256,False,0.99,8,0.0004788984954654541,0.0002473539753775567,6.954581206238896,,0.0002512486746911885,50,True,False,<class '__main__.ExponentiatedGradientSampler'>,False,False,0,0,0,4
7c4a5977,-100.01018524169922,1712923767,,True,97,2024-04-12_14-09-27,3.5304651260375977,333.28993701934814,17138,Nicolass-Air.technicolor.net,127.0.0.1,333.28993701934814,97,"86_trial_index=0,alpha=5.0156,anneal_lr=False,batch_size=0,beta=0.0002,capture_video=False,cuda=True,env_id=LunarLander-v2,eta=None,exp_name=QREPS,gamma=0.9900,minibatch_size=0,num_envs=8,num_iterations=0,num_minibatches=8,num_steps=128,parametrized_sampler=False,policy_lr_start=0.0021,q_histogram=False,q_lr_start=0.0002,saddle_point_optimization=True,sampler=ref_ph_15c28de2,seed=0,torch_deterministic=True,total_timesteps=100000,track=False,update_epochs=50,use_kl_loss=False,wandb_entity=None,wandb_project_name=QREPS_cleanRL",QREPS,0,True,True,False,QREPS_cleanRL,,False,LunarLander-v2,100000,8,128,False,0.99,8,0.0020963894909195938,0.00017915774372606155,5.015632156397437,,0.00024143217622158483,50,True,False,<class '__main__.ExponentiatedGradientSampler'>,False,False,0,0,0,0
1f6076e3,-106.12179565429688,1712923784,,True,97,2024-04-12_14-09-44,3.7440521717071533,338.27531003952026,17152,Nicolass-Air.technicolor.net,127.0.0.1,338.27531003952026,97,"87_trial_index=1,alpha=5.0156,anneal_lr=False,batch_size=0,beta=0.0002,capture_video=False,cuda=True,env_id=LunarLander-v2,eta=None,exp_name=QREPS,gamma=0.9900,minibatch_size=0,num_envs=8,num_iterations=0,num_minibatches=8,num_steps=128,parametrized_sampler=False,policy_lr_start=0.0021,q_histogram=False,q_lr_start=0.0002,saddle_point_optimization=True,sampler=ref_ph_15c28de2,seed=0,torch_deterministic=True,total_timesteps=100000,track=False,update_epochs=50,use_kl_loss=False,wandb_entity=None,wandb_project_name=QREPS_cleanRL",QREPS,0,True,True,False,QREPS_cleanRL,,False,LunarLander-v2,100000,8,128,False,0.99,8,0.0020963894909195938,0.00017915774372606155,5.015632156397437,,0.00024143217622158483,50,True,False,<class '__main__.ExponentiatedGradientSampler'>,False,False,0,0,0,1
edb613fe,-329.6156921386719,1712923807,,True,97,2024-04-12_14-10-07,3.5985958576202393,337.7015788555145,17177,Nicolass-Air.technicolor.net,127.0.0.1,337.7015788555145,97,"88_trial_index=2,alpha=5.0156,anneal_lr=False,batch_size=0,beta=0.0002,capture_video=False,cuda=True,env_id=LunarLander-v2,eta=None,exp_name=QREPS,gamma=0.9900,minibatch_size=0,num_envs=8,num_iterations=0,num_minibatches=8,num_steps=128,parametrized_sampler=False,policy_lr_start=0.0021,q_histogram=False,q_lr_start=0.0002,saddle_point_optimization=True,sampler=ref_ph_15c28de2,seed=0,torch_deterministic=True,total_timesteps=100000,track=False,update_epochs=50,use_kl_loss=False,wandb_entity=None,wandb_project_name=QREPS_cleanRL",QREPS,0,True,True,False,QREPS_cleanRL,,False,LunarLander-v2,100000,8,128,False,0.99,8,0.0020963894909195938,0.00017915774372606155,5.015632156397437,,0.00024143217622158483,50,True,False,<class '__main__.ExponentiatedGradientSampler'>,False,False,0,0,0,2
26fe690a,-293.8291015625,1712923825,,True,97,2024-04-12_14-10-25,3.642246961593628,342.5473425388336,17187,Nicolass-Air.technicolor.net,127.0.0.1,342.5473425388336,97,"89_trial_index=3,alpha=5.0156,anneal_lr=False,batch_size=0,beta=0.0002,capture_video=False,cuda=True,env_id=LunarLander-v2,eta=None,exp_name=QREPS,gamma=0.9900,minibatch_size=0,num_envs=8,num_iterations=0,num_minibatches=8,num_steps=128,parametrized_sampler=False,policy_lr_start=0.0021,q_histogram=False,q_lr_start=0.0002,saddle_point_optimization=True,sampler=ref_ph_15c28de2,seed=0,torch_deterministic=True,total_timesteps=100000,track=False,update_epochs=50,use_kl_loss=False,wandb_entity=None,wandb_project_name=QREPS_cleanRL",QREPS,0,True,True,False,QREPS_cleanRL,,False,LunarLander-v2,100000,8,128,False,0.99,8,0.0020963894909195938,0.00017915774372606155,5.015632156397437,,0.00024143217622158483,50,True,False,<class '__main__.ExponentiatedGradientSampler'>,False,False,0,0,0,3
6311789b,-1000.0,1712923854,,True,97,2024-04-12_14-10-54,0.5543179512023926,344.6911060810089,17208,Nicolass-Air.technicolor.net,127.0.0.1,344.6911060810089,97,"90_trial_index=4,alpha=5.0156,anneal_lr=False,batch_size=0,beta=0.0002,capture_video=False,cuda=True,env_id=LunarLander-v2,eta=None,exp_name=QREPS,gamma=0.9900,minibatch_size=0,num_envs=8,num_iterations=0,num_minibatches=8,num_steps=128,parametrized_sampler=False,policy_lr_start=0.0021,q_histogram=False,q_lr_start=0.0002,saddle_point_optimization=True,sampler=ref_ph_15c28de2,seed=0,torch_deterministic=True,total_timesteps=100000,track=False,update_epochs=50,use_kl_loss=False,wandb_entity=None,wandb_project_name=QREPS_cleanRL",QREPS,0,True,True,False,QREPS_cleanRL,,False,LunarLander-v2,100000,8,128,False,0.99,8,0.0020963894909195938,0.00017915774372606155,5.015632156397437,,0.00024143217622158483,50,True,False,<class '__main__.ExponentiatedGradientSampler'>,False,False,0,0,0,4
fdc0ff1d,-1000.0,1712923875,,True,92,2024-04-12_14-11-15,1.6497671604156494,327.44746804237366,17240,Nicolass-Air.technicolor.net,127.0.0.1,327.44746804237366,92,"91_trial_index=0,alpha=5.7420,anneal_lr=False,batch_size=0,beta=0.0001,capture_video=False,cuda=True,env_id=LunarLander-v2,eta=None,exp_name=QREPS,gamma=0.9900,minibatch_size=0,num_envs=8,num_iterations=0,num_minibatches=8,num_steps=128,parametrized_sampler=False,policy_lr_start=0.0019,q_histogram=False,q_lr_start=0.0002,saddle_point_optimization=True,sampler=ref_ph_15c28de2,seed=0,torch_deterministic=True,total_timesteps=100000,track=False,update_epochs=50,use_kl_loss=False,wandb_entity=None,wandb_project_name=QREPS_cleanRL",QREPS,0,True,True,False,QREPS_cleanRL,,False,LunarLander-v2,100000,8,128,False,0.99,8,0.0019165245723350693,0.0001598152157261441,5.742012650005825,,0.00011495507643433193,50,True,False,<class '__main__.ExponentiatedGradientSampler'>,False,False,0,0,0,0
924c5751,-1000.0,1712923858,,True,80,2024-04-12_14-10-58,0.04288220405578613,284.71819615364075,17260,Nicolass-Air.technicolor.net,127.0.0.1,284.71819615364075,80,"92_trial_index=1,alpha=5.7420,anneal_lr=False,batch_size=0,beta=0.0001,capture_video=False,cuda=True,env_id=LunarLander-v2,eta=None,exp_name=QREPS,gamma=0.9900,minibatch_size=0,num_envs=8,num_iterations=0,num_minibatches=8,num_steps=128,parametrized_sampler=False,policy_lr_start=0.0019,q_histogram=False,q_lr_start=0.0002,saddle_point_optimization=True,sampler=ref_ph_15c28de2,seed=0,torch_deterministic=True,total_timesteps=100000,track=False,update_epochs=50,use_kl_loss=False,wandb_entity=None,wandb_project_name=QREPS_cleanRL",QREPS,0,True,True,False,QREPS_cleanRL,,False,LunarLander-v2,100000,8,128,False,0.99,8,0.0019165245723350693,0.0001598152157261441,5.742012650005825,,0.00011495507643433193,50,True,False,<class '__main__.ExponentiatedGradientSampler'>,False,False,0,0,0,1
30dc27e5,-1000.0,1712923920,,True,74,2024-04-12_14-12-00,1.7201759815216064,262.4192638397217,17342,Nicolass-Air.technicolor.net,127.0.0.1,262.4192638397217,74,"93_trial_index=2,alpha=5.7420,anneal_lr=False,batch_size=0,beta=0.0001,capture_video=False,cuda=True,env_id=LunarLander-v2,eta=None,exp_name=QREPS,gamma=0.9900,minibatch_size=0,num_envs=8,num_iterations=0,num_minibatches=8,num_steps=128,parametrized_sampler=False,policy_lr_start=0.0019,q_histogram=False,q_lr_start=0.0002,saddle_point_optimization=True,sampler=ref_ph_15c28de2,seed=0,torch_deterministic=True,total_timesteps=100000,track=False,update_epochs=50,use_kl_loss=False,wandb_entity=None,wandb_project_name=QREPS_cleanRL",QREPS,0,True,True,False,QREPS_cleanRL,,False,LunarLander-v2,100000,8,128,False,0.99,8,0.0019165245723350693,0.0001598152157261441,5.742012650005825,,0.00011495507643433193,50,True,False,<class '__main__.ExponentiatedGradientSampler'>,False,False,0,0,0,2
57953382,-212.65919494628906,1712924103,,True,97,2024-04-12_14-15-03,2.737949848175049,317.6807577610016,17424,Nicolass-Air.technicolor.net,127.0.0.1,317.6807577610016,97,"94_trial_index=3,alpha=5.7420,anneal_lr=False,batch_size=0,beta=0.0001,capture_video=False,cuda=True,env_id=LunarLander-v2,eta=None,exp_name=QREPS,gamma=0.9900,minibatch_size=0,num_envs=8,num_iterations=0,num_minibatches=8,num_steps=128,parametrized_sampler=False,policy_lr_start=0.0019,q_histogram=False,q_lr_start=0.0002,saddle_point_optimization=True,sampler=ref_ph_15c28de2,seed=0,torch_deterministic=True,total_timesteps=100000,track=False,update_epochs=50,use_kl_loss=False,wandb_entity=None,wandb_project_name=QREPS_cleanRL",QREPS,0,True,True,False,QREPS_cleanRL,,False,LunarLander-v2,100000,8,128,False,0.99,8,0.0019165245723350693,0.0001598152157261441,5.742012650005825,,0.00011495507643433193,50,True,False,<class '__main__.ExponentiatedGradientSampler'>,False,False,0,0,0,3
a54bf8ca,-1000.0,1712924063,,True,78,2024-04-12_14-14-23,0.05043387413024902,260.9362618923187,17465,Nicolass-Air.technicolor.net,127.0.0.1,260.9362618923187,78,"95_trial_index=4,alpha=5.7420,anneal_lr=False,batch_size=0,beta=0.0001,capture_video=False,cuda=True,env_id=LunarLander-v2,eta=None,exp_name=QREPS,gamma=0.9900,minibatch_size=0,num_envs=8,num_iterations=0,num_minibatches=8,num_steps=128,parametrized_sampler=False,policy_lr_start=0.0019,q_histogram=False,q_lr_start=0.0002,saddle_point_optimization=True,sampler=ref_ph_15c28de2,seed=0,torch_deterministic=True,total_timesteps=100000,track=False,update_epochs=50,use_kl_loss=False,wandb_entity=None,wandb_project_name=QREPS_cleanRL",QREPS,0,True,True,False,QREPS_cleanRL,,False,LunarLander-v2,100000,8,128,False,0.99,8,0.0019165245723350693,0.0001598152157261441,5.742012650005825,,0.00011495507643433193,50,True,False,<class '__main__.ExponentiatedGradientSampler'>,False,False,0,0,0,4
ccb095eb,-154.70909118652344,1712924130,,True,97,2024-04-12_14-15-30,2.046671152114868,303.53253865242004,17489,Nicolass-Air.technicolor.net,127.0.0.1,303.53253865242004,97,"96_trial_index=0,alpha=7.1902,anneal_lr=False,batch_size=0,beta=0.0002,capture_video=False,cuda=True,env_id=LunarLander-v2,eta=None,exp_name=QREPS,gamma=0.9900,minibatch_size=0,num_envs=4,num_iterations=0,num_minibatches=8,num_steps=256,parametrized_sampler=False,policy_lr_start=0.0022,q_histogram=False,q_lr_start=0.0001,saddle_point_optimization=True,sampler=ref_ph_15c28de2,seed=0,torch_deterministic=True,total_timesteps=100000,track=False,update_epochs=50,use_kl_loss=False,wandb_entity=None,wandb_project_name=QREPS_cleanRL",QREPS,0,True,True,False,QREPS_cleanRL,,False,LunarLander-v2,100000,4,256,False,0.99,8,0.002154301162398277,0.0001467280491518093,7.190241882394192,,0.00016522273537684871,50,True,False,<class '__main__.ExponentiatedGradientSampler'>,False,False,0,0,0,0
acbb3e78,-1000.0,1712924112,,True,85,2024-04-12_14-15-12,0.259976863861084,267.8066861629486,17501,Nicolass-Air.technicolor.net,127.0.0.1,267.8066861629486,85,"97_trial_index=1,alpha=7.1902,anneal_lr=False,batch_size=0,beta=0.0002,capture_video=False,cuda=True,env_id=LunarLander-v2,eta=None,exp_name=QREPS,gamma=0.9900,minibatch_size=0,num_envs=4,num_iterations=0,num_minibatches=8,num_steps=256,parametrized_sampler=False,policy_lr_start=0.0022,q_histogram=False,q_lr_start=0.0001,saddle_point_optimization=True,sampler=ref_ph_15c28de2,seed=0,torch_deterministic=True,total_timesteps=100000,track=False,update_epochs=50,use_kl_loss=False,wandb_entity=None,wandb_project_name=QREPS_cleanRL",QREPS,0,True,True,False,QREPS_cleanRL,,False,LunarLander-v2,100000,4,256,False,0.99,8,0.002154301162398277,0.0001467280491518093,7.190241882394192,,0.00016522273537684871,50,True,False,<class '__main__.ExponentiatedGradientSampler'>,False,False,0,0,0,1
ce2d2749,-110.97699737548828,1712924151,,True,97,2024-04-12_14-15-51,1.8322112560272217,282.5797743797302,17534,Nicolass-Air.technicolor.net,127.0.0.1,282.5797743797302,97,"98_trial_index=2,alpha=7.1902,anneal_lr=False,batch_size=0,beta=0.0002,capture_video=False,cuda=True,env_id=LunarLander-v2,eta=None,exp_name=QREPS,gamma=0.9900,minibatch_size=0,num_envs=4,num_iterations=0,num_minibatches=8,num_steps=256,parametrized_sampler=False,policy_lr_start=0.0022,q_histogram=False,q_lr_start=0.0001,saddle_point_optimization=True,sampler=ref_ph_15c28de2,seed=0,torch_deterministic=True,total_timesteps=100000,track=False,update_epochs=50,use_kl_loss=False,wandb_entity=None,wandb_project_name=QREPS_cleanRL",QREPS,0,True,True,False,QREPS_cleanRL,,False,LunarLander-v2,100000,4,256,False,0.99,8,0.002154301162398277,0.0001467280491518093,7.190241882394192,,0.00016522273537684871,50,True,False,<class '__main__.ExponentiatedGradientSampler'>,False,False,0,0,0,2
7f58c992,-99.24954986572266,1712924158,,True,97,2024-04-12_14-15-58,1.4826769828796387,276.84552931785583,17548,Nicolass-Air.technicolor.net,127.0.0.1,276.84552931785583,97,"99_trial_index=3,alpha=7.1902,anneal_lr=False,batch_size=0,beta=0.0002,capture_video=False,cuda=True,env_id=LunarLander-v2,eta=None,exp_name=QREPS,gamma=0.9900,minibatch_size=0,num_envs=4,num_iterations=0,num_minibatches=8,num_steps=256,parametrized_sampler=False,policy_lr_start=0.0022,q_histogram=False,q_lr_start=0.0001,saddle_point_optimization=True,sampler=ref_ph_15c28de2,seed=0,torch_deterministic=True,total_timesteps=100000,track=False,update_epochs=50,use_kl_loss=False,wandb_entity=None,wandb_project_name=QREPS_cleanRL",QREPS,0,True,True,False,QREPS_cleanRL,,False,LunarLander-v2,100000,4,256,False,0.99,8,0.002154301162398277,0.0001467280491518093,7.190241882394192,,0.00016522273537684871,50,True,False,<class '__main__.ExponentiatedGradientSampler'>,False,False,0,0,0,3
6cb286da,-221.1460418701172,1712924161,,True,97,2024-04-12_14-16-01,1.2384138107299805,267.1654739379883,17561,Nicolass-Air.technicolor.net,127.0.0.1,267.1654739379883,97,"100_trial_index=4,alpha=7.1902,anneal_lr=False,batch_size=0,beta=0.0002,capture_video=False,cuda=True,env_id=LunarLander-v2,eta=None,exp_name=QREPS,gamma=0.9900,minibatch_size=0,num_envs=4,num_iterations=0,num_minibatches=8,num_steps=256,parametrized_sampler=False,policy_lr_start=0.0022,q_histogram=False,q_lr_start=0.0001,saddle_point_optimization=True,sampler=ref_ph_15c28de2,seed=0,torch_deterministic=True,total_timesteps=100000,track=False,update_epochs=50,use_kl_loss=False,wandb_entity=None,wandb_project_name=QREPS_cleanRL",QREPS,0,True,True,False,QREPS_cleanRL,,False,LunarLander-v2,100000,4,256,False,0.99,8,0.002154301162398277,0.0001467280491518093,7.190241882394192,,0.00016522273537684871,50,True,False,<class '__main__.ExponentiatedGradientSampler'>,False,False,0,0,0,4
