trial_id,reward,timestamp,checkpoint_dir_name,done,training_iteration,date,time_this_iter_s,time_total_s,pid,hostname,node_ip,time_since_restore,iterations_since_restore,experiment_tag,config/exp_name,config/seed,config/torch_deterministic,config/cuda,config/track,config/wandb_project_name,config/wandb_entity,config/capture_video,config/env_id,config/total_timesteps,config/num_updates,config/buffer_size,config/update_epochs,config/update_policy_epochs,config/num_rollouts,config/num_envs,config/gamma,config/policy_lr_start,config/policy_lr_end,config/q_lr_start,config/q_lr_end,config/alpha,config/eta,config/autotune,config/target_entropy_scale,config/use_linear_schedule,config/saddle_point_optimization,config/kl_loss,config/__trial_index__
5b388f0d,38.4,1711577925,,True,30,2024-03-27_23-18-45,22.410993814468384,643.396632194519,42109,Nicolass-Air.technicolor.net,127.0.0.1,643.396632194519,30,"1_trial_index=0,alpha=1.2352,autotune=False,buffer_size=10000,capture_video=False,cuda=True,env_id=CartPole-v1,eta=None,exp_name=QREPS,gamma=1.0000,kl_loss=True,num_envs=4,num_rollouts=5,num_updates=30,policy_lr_end=0.0010,policy_lr_start=0.0052,q_lr_end=0.0010,q_lr_start=0.0624,saddle_point_optimization=True,seed=1,target_entropy_scale=0.1000,torch_deterministic=True,total_timesteps=200,track=False,update_epochs=300,update_policy_epochs=450,use_linear_schedule=True,wandb_entity=TFG,wandb_project_name=QREPS_CartPole-v1",QREPS,1,True,True,False,QREPS_CartPole-v1,TFG,False,CartPole-v1,200,30,10000,300,450,5,4,1.0,0.005193119809254613,0.001,0.06239667059140392,0.001,1.235196696979522,,False,0.1,True,True,True,0
695c2d9e,31.8,1711577827,,True,30,2024-03-27_23-17-07,22.58063316345215,538.2947051525116,42119,Nicolass-Air.technicolor.net,127.0.0.1,538.2947051525116,30,"2_trial_index=1,alpha=1.2352,autotune=False,buffer_size=10000,capture_video=False,cuda=True,env_id=CartPole-v1,eta=None,exp_name=QREPS,gamma=1.0000,kl_loss=True,num_envs=4,num_rollouts=5,num_updates=30,policy_lr_end=0.0010,policy_lr_start=0.0052,q_lr_end=0.0010,q_lr_start=0.0624,saddle_point_optimization=True,seed=1,target_entropy_scale=0.1000,torch_deterministic=True,total_timesteps=200,track=False,update_epochs=300,update_policy_epochs=450,use_linear_schedule=True,wandb_entity=TFG,wandb_project_name=QREPS_CartPole-v1",QREPS,1,True,True,False,QREPS_CartPole-v1,TFG,False,CartPole-v1,200,30,10000,300,450,5,4,1.0,0.005193119809254613,0.001,0.06239667059140392,0.001,1.235196696979522,,False,0.1,True,True,True,1
0cb3c24c,40.8,1711578029,,True,30,2024-03-27_23-20-29,28.90048599243164,733.8035137653351,42136,Nicolass-Air.technicolor.net,127.0.0.1,733.8035137653351,30,"3_trial_index=2,alpha=1.2352,autotune=False,buffer_size=10000,capture_video=False,cuda=True,env_id=CartPole-v1,eta=None,exp_name=QREPS,gamma=1.0000,kl_loss=True,num_envs=4,num_rollouts=5,num_updates=30,policy_lr_end=0.0010,policy_lr_start=0.0052,q_lr_end=0.0010,q_lr_start=0.0624,saddle_point_optimization=True,seed=1,target_entropy_scale=0.1000,torch_deterministic=True,total_timesteps=200,track=False,update_epochs=300,update_policy_epochs=450,use_linear_schedule=True,wandb_entity=TFG,wandb_project_name=QREPS_CartPole-v1",QREPS,1,True,True,False,QREPS_CartPole-v1,TFG,False,CartPole-v1,200,30,10000,300,450,5,4,1.0,0.005193119809254613,0.001,0.06239667059140392,0.001,1.235196696979522,,False,0.1,True,True,True,2
583edafe,8.0,1711577540,,True,30,2024-03-27_23-12-20,8.155762195587158,236.2329020500183,42144,Nicolass-Air.technicolor.net,127.0.0.1,236.2329020500183,30,"4_trial_index=0,alpha=8.2990,autotune=False,buffer_size=10000,capture_video=False,cuda=True,env_id=CartPole-v1,eta=None,exp_name=QREPS,gamma=0.9900,kl_loss=True,num_envs=8,num_rollouts=5,num_updates=30,policy_lr_end=0.0010,policy_lr_start=0.0870,q_lr_end=0.0010,q_lr_start=0.0038,saddle_point_optimization=True,seed=1,target_entropy_scale=0.1000,torch_deterministic=True,total_timesteps=200,track=False,update_epochs=100,update_policy_epochs=500,use_linear_schedule=True,wandb_entity=TFG,wandb_project_name=QREPS_CartPole-v1",QREPS,1,True,True,False,QREPS_CartPole-v1,TFG,False,CartPole-v1,200,30,10000,100,500,5,8,0.99,0.08703161652451621,0.001,0.003784948677719114,0.001,8.298984903982968,,False,0.1,True,True,True,0
e8ce2c19,9.0,1711577570,,True,30,2024-03-27_23-12-50,8.140520095825195,255.78470706939697,42155,Nicolass-Air.technicolor.net,127.0.0.1,255.78470706939697,30,"5_trial_index=1,alpha=8.2990,autotune=False,buffer_size=10000,capture_video=False,cuda=True,env_id=CartPole-v1,eta=None,exp_name=QREPS,gamma=0.9900,kl_loss=True,num_envs=8,num_rollouts=5,num_updates=30,policy_lr_end=0.0010,policy_lr_start=0.0870,q_lr_end=0.0010,q_lr_start=0.0038,saddle_point_optimization=True,seed=1,target_entropy_scale=0.1000,torch_deterministic=True,total_timesteps=200,track=False,update_epochs=100,update_policy_epochs=500,use_linear_schedule=True,wandb_entity=TFG,wandb_project_name=QREPS_CartPole-v1",QREPS,1,True,True,False,QREPS_CartPole-v1,TFG,False,CartPole-v1,200,30,10000,100,500,5,8,0.99,0.08703161652451621,0.001,0.003784948677719114,0.001,8.298984903982968,,False,0.1,True,True,True,1
613c56a8,9.0,1711577591,,True,30,2024-03-27_23-13-11,8.271559238433838,266.7291021347046,42167,Nicolass-Air.technicolor.net,127.0.0.1,266.7291021347046,30,"6_trial_index=2,alpha=8.2990,autotune=False,buffer_size=10000,capture_video=False,cuda=True,env_id=CartPole-v1,eta=None,exp_name=QREPS,gamma=0.9900,kl_loss=True,num_envs=8,num_rollouts=5,num_updates=30,policy_lr_end=0.0010,policy_lr_start=0.0870,q_lr_end=0.0010,q_lr_start=0.0038,saddle_point_optimization=True,seed=1,target_entropy_scale=0.1000,torch_deterministic=True,total_timesteps=200,track=False,update_epochs=100,update_policy_epochs=500,use_linear_schedule=True,wandb_entity=TFG,wandb_project_name=QREPS_CartPole-v1",QREPS,1,True,True,False,QREPS_CartPole-v1,TFG,False,CartPole-v1,200,30,10000,100,500,5,8,0.99,0.08703161652451621,0.001,0.003784948677719114,0.001,8.298984903982968,,False,0.1,True,True,True,2
51db8c44,0.0,1711577353,,True,2,2024-03-27_23-09-13,0.2945711612701416,15.969295263290405,42177,Nicolass-Air.technicolor.net,127.0.0.1,15.969295263290405,2,"7_trial_index=0,alpha=0.2951,autotune=False,buffer_size=10000,capture_video=False,cuda=True,env_id=CartPole-v1,eta=None,exp_name=QREPS,gamma=1.0000,kl_loss=True,num_envs=8,num_rollouts=5,num_updates=30,policy_lr_end=0.0010,policy_lr_start=0.2928,q_lr_end=0.0010,q_lr_start=0.4665,saddle_point_optimization=True,seed=1,target_entropy_scale=0.1000,torch_deterministic=True,total_timesteps=200,track=False,update_epochs=300,update_policy_epochs=500,use_linear_schedule=True,wandb_entity=TFG,wandb_project_name=QREPS_CartPole-v1",QREPS,1,True,True,False,QREPS_CartPole-v1,TFG,False,CartPole-v1,200,30,10000,300,500,5,8,1.0,0.29278341627519683,0.001,0.466517716417186,0.001,0.2950584747271019,,False,0.1,True,True,True,0
f56677b8,0.0,1711577371,,True,2,2024-03-27_23-09-31,0.9322550296783447,18.99352788925171,42194,Nicolass-Air.technicolor.net,127.0.0.1,18.99352788925171,2,"8_trial_index=1,alpha=0.2951,autotune=False,buffer_size=10000,capture_video=False,cuda=True,env_id=CartPole-v1,eta=None,exp_name=QREPS,gamma=1.0000,kl_loss=True,num_envs=8,num_rollouts=5,num_updates=30,policy_lr_end=0.0010,policy_lr_start=0.2928,q_lr_end=0.0010,q_lr_start=0.4665,saddle_point_optimization=True,seed=1,target_entropy_scale=0.1000,torch_deterministic=True,total_timesteps=200,track=False,update_epochs=300,update_policy_epochs=500,use_linear_schedule=True,wandb_entity=TFG,wandb_project_name=QREPS_CartPole-v1",QREPS,1,True,True,False,QREPS_CartPole-v1,TFG,False,CartPole-v1,200,30,10000,300,500,5,8,1.0,0.29278341627519683,0.001,0.466517716417186,0.001,0.2950584747271019,,False,0.1,True,True,True,1
828f389c,0.0,1711577409,,True,3,2024-03-27_23-10-09,0.5740959644317627,55.26385498046875,42177,Nicolass-Air.technicolor.net,127.0.0.1,55.26385498046875,3,"9_trial_index=2,alpha=0.2951,autotune=False,buffer_size=10000,capture_video=False,cuda=True,env_id=CartPole-v1,eta=None,exp_name=QREPS,gamma=1.0000,kl_loss=True,num_envs=8,num_rollouts=5,num_updates=30,policy_lr_end=0.0010,policy_lr_start=0.2928,q_lr_end=0.0010,q_lr_start=0.4665,saddle_point_optimization=True,seed=1,target_entropy_scale=0.1000,torch_deterministic=True,total_timesteps=200,track=False,update_epochs=300,update_policy_epochs=500,use_linear_schedule=True,wandb_entity=TFG,wandb_project_name=QREPS_CartPole-v1",QREPS,1,True,True,False,QREPS_CartPole-v1,TFG,False,CartPole-v1,200,30,10000,300,500,5,8,1.0,0.29278341627519683,0.001,0.466517716417186,0.001,0.2950584747271019,,False,0.1,True,True,True,2
8da3cd14,9.0,1711577546,,True,30,2024-03-27_23-12-26,5.541239976882935,174.88050937652588,42194,Nicolass-Air.technicolor.net,127.0.0.1,174.88050937652588,30,"10_trial_index=0,alpha=2.2232,autotune=False,buffer_size=10000,capture_video=False,cuda=True,env_id=CartPole-v1,eta=None,exp_name=QREPS,gamma=0.9900,kl_loss=True,num_envs=4,num_rollouts=5,num_updates=30,policy_lr_end=0.0010,policy_lr_start=0.0248,q_lr_end=0.0010,q_lr_start=0.0275,saddle_point_optimization=True,seed=1,target_entropy_scale=0.1000,torch_deterministic=True,total_timesteps=200,track=False,update_epochs=100,update_policy_epochs=450,use_linear_schedule=True,wandb_entity=TFG,wandb_project_name=QREPS_CartPole-v1",QREPS,1,True,True,False,QREPS_CartPole-v1,TFG,False,CartPole-v1,200,30,10000,100,450,5,4,0.99,0.024837166449517552,0.001,0.027506123770963006,0.001,2.223231946588979,,False,0.1,True,True,True,0
f4a15e65,8.0,1711577558,,True,30,2024-03-27_23-12-38,4.483648777008057,149.06699323654175,42177,Nicolass-Air.technicolor.net,127.0.0.1,149.06699323654175,30,"11_trial_index=1,alpha=2.2232,autotune=False,buffer_size=10000,capture_video=False,cuda=True,env_id=CartPole-v1,eta=None,exp_name=QREPS,gamma=0.9900,kl_loss=True,num_envs=4,num_rollouts=5,num_updates=30,policy_lr_end=0.0010,policy_lr_start=0.0248,q_lr_end=0.0010,q_lr_start=0.0275,saddle_point_optimization=True,seed=1,target_entropy_scale=0.1000,torch_deterministic=True,total_timesteps=200,track=False,update_epochs=100,update_policy_epochs=450,use_linear_schedule=True,wandb_entity=TFG,wandb_project_name=QREPS_CartPole-v1",QREPS,1,True,True,False,QREPS_CartPole-v1,TFG,False,CartPole-v1,200,30,10000,100,450,5,4,0.99,0.024837166449517552,0.001,0.027506123770963006,0.001,2.223231946588979,,False,0.1,True,True,True,1
82e8b3a6,8.0,1711577689,,True,30,2024-03-27_23-14-49,4.361167907714844,149.26588320732117,42144,Nicolass-Air.technicolor.net,127.0.0.1,149.26588320732117,30,"12_trial_index=2,alpha=2.2232,autotune=False,buffer_size=10000,capture_video=False,cuda=True,env_id=CartPole-v1,eta=None,exp_name=QREPS,gamma=0.9900,kl_loss=True,num_envs=4,num_rollouts=5,num_updates=30,policy_lr_end=0.0010,policy_lr_start=0.0248,q_lr_end=0.0010,q_lr_start=0.0275,saddle_point_optimization=True,seed=1,target_entropy_scale=0.1000,torch_deterministic=True,total_timesteps=200,track=False,update_epochs=100,update_policy_epochs=450,use_linear_schedule=True,wandb_entity=TFG,wandb_project_name=QREPS_CartPole-v1",QREPS,1,True,True,False,QREPS_CartPole-v1,TFG,False,CartPole-v1,200,30,10000,100,450,5,4,0.99,0.024837166449517552,0.001,0.027506123770963006,0.001,2.223231946588979,,False,0.1,True,True,True,2
fc6bce32,30.8,1711577862,,True,30,2024-03-27_23-17-42,10.933579921722412,314.96997475624084,42194,Nicolass-Air.technicolor.net,127.0.0.1,314.96997475624084,30,"13_trial_index=0,alpha=5.8988,autotune=False,buffer_size=10000,capture_video=False,cuda=True,env_id=CartPole-v1,eta=None,exp_name=QREPS,gamma=1.0000,kl_loss=True,num_envs=4,num_rollouts=5,num_updates=30,policy_lr_end=0.0010,policy_lr_start=0.0160,q_lr_end=0.0010,q_lr_start=0.2529,saddle_point_optimization=True,seed=1,target_entropy_scale=0.1000,torch_deterministic=True,total_timesteps=200,track=False,update_epochs=100,update_policy_epochs=450,use_linear_schedule=True,wandb_entity=TFG,wandb_project_name=QREPS_CartPole-v1",QREPS,1,True,True,False,QREPS_CartPole-v1,TFG,False,CartPole-v1,200,30,10000,100,450,5,4,1.0,0.016029239643087407,0.001,0.25289086789829107,0.001,5.898786966816588,,False,0.1,True,True,True,0
6cb23f34,8.0,1711577691,,True,30,2024-03-27_23-14-51,3.9237539768218994,132.45188808441162,42177,Nicolass-Air.technicolor.net,127.0.0.1,132.45188808441162,30,"14_trial_index=1,alpha=5.8988,autotune=False,buffer_size=10000,capture_video=False,cuda=True,env_id=CartPole-v1,eta=None,exp_name=QREPS,gamma=1.0000,kl_loss=True,num_envs=4,num_rollouts=5,num_updates=30,policy_lr_end=0.0010,policy_lr_start=0.0160,q_lr_end=0.0010,q_lr_start=0.2529,saddle_point_optimization=True,seed=1,target_entropy_scale=0.1000,torch_deterministic=True,total_timesteps=200,track=False,update_epochs=100,update_policy_epochs=450,use_linear_schedule=True,wandb_entity=TFG,wandb_project_name=QREPS_CartPole-v1",QREPS,1,True,True,False,QREPS_CartPole-v1,TFG,False,CartPole-v1,200,30,10000,100,450,5,4,1.0,0.016029239643087407,0.001,0.25289086789829107,0.001,5.898786966816588,,False,0.1,True,True,True,1
3c6c5f0e,8.0,1711577704,,True,30,2024-03-27_23-15-04,4.358547925949097,134.34420800209045,42155,Nicolass-Air.technicolor.net,127.0.0.1,134.34420800209045,30,"15_trial_index=2,alpha=5.8988,autotune=False,buffer_size=10000,capture_video=False,cuda=True,env_id=CartPole-v1,eta=None,exp_name=QREPS,gamma=1.0000,kl_loss=True,num_envs=4,num_rollouts=5,num_updates=30,policy_lr_end=0.0010,policy_lr_start=0.0160,q_lr_end=0.0010,q_lr_start=0.2529,saddle_point_optimization=True,seed=1,target_entropy_scale=0.1000,torch_deterministic=True,total_timesteps=200,track=False,update_epochs=100,update_policy_epochs=450,use_linear_schedule=True,wandb_entity=TFG,wandb_project_name=QREPS_CartPole-v1",QREPS,1,True,True,False,QREPS_CartPole-v1,TFG,False,CartPole-v1,200,30,10000,100,450,5,4,1.0,0.016029239643087407,0.001,0.25289086789829107,0.001,5.898786966816588,,False,0.1,True,True,True,2
d129187a,8.0,1711577941,,True,30,2024-03-27_23-19-01,11.017577171325684,349.2232737541199,42167,Nicolass-Air.technicolor.net,127.0.0.1,349.2232737541199,30,"16_trial_index=0,alpha=0.7866,autotune=False,buffer_size=10000,capture_video=False,cuda=True,env_id=CartPole-v1,eta=None,exp_name=QREPS,gamma=0.9900,kl_loss=True,num_envs=8,num_rollouts=5,num_updates=30,policy_lr_end=0.0010,policy_lr_start=0.1893,q_lr_end=0.0010,q_lr_start=0.0132,saddle_point_optimization=True,seed=1,target_entropy_scale=0.1000,torch_deterministic=True,total_timesteps=200,track=False,update_epochs=300,update_policy_epochs=500,use_linear_schedule=True,wandb_entity=TFG,wandb_project_name=QREPS_CartPole-v1",QREPS,1,True,True,False,QREPS_CartPole-v1,TFG,False,CartPole-v1,200,30,10000,300,500,5,8,0.99,0.18932335563049413,0.001,0.01320377927803007,0.001,0.7866409966324064,,False,0.1,True,True,True,0
e82e6c12,9.0,1711578082,,True,30,2024-03-27_23-21-22,12.029161930084229,392.0577754974365,42144,Nicolass-Air.technicolor.net,127.0.0.1,392.0577754974365,30,"17_trial_index=1,alpha=0.7866,autotune=False,buffer_size=10000,capture_video=False,cuda=True,env_id=CartPole-v1,eta=None,exp_name=QREPS,gamma=0.9900,kl_loss=True,num_envs=8,num_rollouts=5,num_updates=30,policy_lr_end=0.0010,policy_lr_start=0.1893,q_lr_end=0.0010,q_lr_start=0.0132,saddle_point_optimization=True,seed=1,target_entropy_scale=0.1000,torch_deterministic=True,total_timesteps=200,track=False,update_epochs=300,update_policy_epochs=500,use_linear_schedule=True,wandb_entity=TFG,wandb_project_name=QREPS_CartPole-v1",QREPS,1,True,True,False,QREPS_CartPole-v1,TFG,False,CartPole-v1,200,30,10000,300,500,5,8,0.99,0.18932335563049413,0.001,0.01320377927803007,0.001,0.7866409966324064,,False,0.1,True,True,True,1
63a1bb98,8.0,1711578036,,True,30,2024-03-27_23-20-36,11.317622184753418,345.02016496658325,42177,Nicolass-Air.technicolor.net,127.0.0.1,345.02016496658325,30,"18_trial_index=2,alpha=0.7866,autotune=False,buffer_size=10000,capture_video=False,cuda=True,env_id=CartPole-v1,eta=None,exp_name=QREPS,gamma=0.9900,kl_loss=True,num_envs=8,num_rollouts=5,num_updates=30,policy_lr_end=0.0010,policy_lr_start=0.1893,q_lr_end=0.0010,q_lr_start=0.0132,saddle_point_optimization=True,seed=1,target_entropy_scale=0.1000,torch_deterministic=True,total_timesteps=200,track=False,update_epochs=300,update_policy_epochs=500,use_linear_schedule=True,wandb_entity=TFG,wandb_project_name=QREPS_CartPole-v1",QREPS,1,True,True,False,QREPS_CartPole-v1,TFG,False,CartPole-v1,200,30,10000,300,500,5,8,0.99,0.18932335563049413,0.001,0.01320377927803007,0.001,0.7866409966324064,,False,0.1,True,True,True,2
376eaa0a,8.0,1711577931,,True,30,2024-03-27_23-18-51,7.672579050064087,226.86912727355957,42155,Nicolass-Air.technicolor.net,127.0.0.1,226.86912727355957,30,"19_trial_index=0,alpha=3.0896,autotune=False,buffer_size=10000,capture_video=False,cuda=True,env_id=CartPole-v1,eta=None,exp_name=QREPS,gamma=1.0000,kl_loss=True,num_envs=8,num_rollouts=5,num_updates=30,policy_lr_end=0.0010,policy_lr_start=0.0640,q_lr_end=0.0010,q_lr_start=0.1145,saddle_point_optimization=True,seed=1,target_entropy_scale=0.1000,torch_deterministic=True,total_timesteps=200,track=False,update_epochs=100,update_policy_epochs=500,use_linear_schedule=True,wandb_entity=TFG,wandb_project_name=QREPS_CartPole-v1",QREPS,1,True,True,False,QREPS_CartPole-v1,TFG,False,CartPole-v1,200,30,10000,100,500,5,8,1.0,0.0640276300919144,0.001,0.11447174601196863,0.001,3.0896096196327196,,False,0.1,True,True,True,0
355a8243,8.0,1711578052,,True,30,2024-03-27_23-20-52,7.150973081588745,224.80733466148376,42119,Nicolass-Air.technicolor.net,127.0.0.1,224.80733466148376,30,"20_trial_index=1,alpha=3.0896,autotune=False,buffer_size=10000,capture_video=False,cuda=True,env_id=CartPole-v1,eta=None,exp_name=QREPS,gamma=1.0000,kl_loss=True,num_envs=8,num_rollouts=5,num_updates=30,policy_lr_end=0.0010,policy_lr_start=0.0640,q_lr_end=0.0010,q_lr_start=0.1145,saddle_point_optimization=True,seed=1,target_entropy_scale=0.1000,torch_deterministic=True,total_timesteps=200,track=False,update_epochs=100,update_policy_epochs=500,use_linear_schedule=True,wandb_entity=TFG,wandb_project_name=QREPS_CartPole-v1",QREPS,1,True,True,False,QREPS_CartPole-v1,TFG,False,CartPole-v1,200,30,10000,100,500,5,8,1.0,0.0640276300919144,0.001,0.11447174601196863,0.001,3.0896096196327196,,False,0.1,True,True,True,1
2d1f99cf,8.0,1711578074,,True,30,2024-03-27_23-21-14,6.332679986953735,211.91476607322693,42194,Nicolass-Air.technicolor.net,127.0.0.1,211.91476607322693,30,"21_trial_index=2,alpha=3.0896,autotune=False,buffer_size=10000,capture_video=False,cuda=True,env_id=CartPole-v1,eta=None,exp_name=QREPS,gamma=1.0000,kl_loss=True,num_envs=8,num_rollouts=5,num_updates=30,policy_lr_end=0.0010,policy_lr_start=0.0640,q_lr_end=0.0010,q_lr_start=0.1145,saddle_point_optimization=True,seed=1,target_entropy_scale=0.1000,torch_deterministic=True,total_timesteps=200,track=False,update_epochs=100,update_policy_epochs=500,use_linear_schedule=True,wandb_entity=TFG,wandb_project_name=QREPS_CartPole-v1",QREPS,1,True,True,False,QREPS_CartPole-v1,TFG,False,CartPole-v1,200,30,10000,100,500,5,8,1.0,0.0640276300919144,0.001,0.11447174601196863,0.001,3.0896096196327196,,False,0.1,True,True,True,2
13f3e4ba,22.0,1711578490,,True,30,2024-03-27_23-28-10,18.650779962539673,564.5349228382111,42109,Nicolass-Air.technicolor.net,127.0.0.1,564.5349228382111,30,"22_trial_index=0,alpha=0.4692,autotune=False,buffer_size=10000,capture_video=False,cuda=True,env_id=CartPole-v1,eta=None,exp_name=QREPS,gamma=0.9900,kl_loss=True,num_envs=4,num_rollouts=5,num_updates=30,policy_lr_end=0.0010,policy_lr_start=0.0038,q_lr_end=0.0010,q_lr_start=0.0079,saddle_point_optimization=True,seed=1,target_entropy_scale=0.1000,torch_deterministic=True,total_timesteps=200,track=False,update_epochs=300,update_policy_epochs=450,use_linear_schedule=True,wandb_entity=TFG,wandb_project_name=QREPS_CartPole-v1",QREPS,1,True,True,False,QREPS_CartPole-v1,TFG,False,CartPole-v1,200,30,10000,300,450,5,4,0.99,0.003813118106350051,0.001,0.007923340088334507,0.001,0.4691537246875604,,False,0.1,True,True,True,0
22c7ce87,33.6,1711578366,,True,30,2024-03-27_23-26-06,18.803198099136353,434.7464408874512,42155,Nicolass-Air.technicolor.net,127.0.0.1,434.7464408874512,30,"23_trial_index=1,alpha=0.4692,autotune=False,buffer_size=10000,capture_video=False,cuda=True,env_id=CartPole-v1,eta=None,exp_name=QREPS,gamma=0.9900,kl_loss=True,num_envs=4,num_rollouts=5,num_updates=30,policy_lr_end=0.0010,policy_lr_start=0.0038,q_lr_end=0.0010,q_lr_start=0.0079,saddle_point_optimization=True,seed=1,target_entropy_scale=0.1000,torch_deterministic=True,total_timesteps=200,track=False,update_epochs=300,update_policy_epochs=450,use_linear_schedule=True,wandb_entity=TFG,wandb_project_name=QREPS_CartPole-v1",QREPS,1,True,True,False,QREPS_CartPole-v1,TFG,False,CartPole-v1,200,30,10000,300,450,5,4,0.99,0.003813118106350051,0.001,0.007923340088334507,0.001,0.4691537246875604,,False,0.1,True,True,True,1
7a0b7e4d,31.0,1711578349,,True,30,2024-03-27_23-25-49,19.82807993888855,407.01880502700806,42167,Nicolass-Air.technicolor.net,127.0.0.1,407.01880502700806,30,"24_trial_index=2,alpha=0.4692,autotune=False,buffer_size=10000,capture_video=False,cuda=True,env_id=CartPole-v1,eta=None,exp_name=QREPS,gamma=0.9900,kl_loss=True,num_envs=4,num_rollouts=5,num_updates=30,policy_lr_end=0.0010,policy_lr_start=0.0038,q_lr_end=0.0010,q_lr_start=0.0079,saddle_point_optimization=True,seed=1,target_entropy_scale=0.1000,torch_deterministic=True,total_timesteps=200,track=False,update_epochs=300,update_policy_epochs=450,use_linear_schedule=True,wandb_entity=TFG,wandb_project_name=QREPS_CartPole-v1",QREPS,1,True,True,False,QREPS_CartPole-v1,TFG,False,CartPole-v1,200,30,10000,300,450,5,4,0.99,0.003813118106350051,0.001,0.007923340088334507,0.001,0.4691537246875604,,False,0.1,True,True,True,2
2ddf9a77,10.4,1711578457,,True,30,2024-03-27_23-27-37,8.696749925613403,426.8876762390137,42136,Nicolass-Air.technicolor.net,127.0.0.1,426.8876762390137,30,"25_trial_index=0,alpha=2.7241,autotune=False,buffer_size=10000,capture_video=False,cuda=True,env_id=CartPole-v1,eta=None,exp_name=QREPS,gamma=1.0000,kl_loss=True,num_envs=4,num_rollouts=5,num_updates=30,policy_lr_end=0.0010,policy_lr_start=0.0030,q_lr_end=0.0010,q_lr_start=0.2632,saddle_point_optimization=True,seed=1,target_entropy_scale=0.1000,torch_deterministic=True,total_timesteps=200,track=False,update_epochs=300,update_policy_epochs=500,use_linear_schedule=True,wandb_entity=TFG,wandb_project_name=QREPS_CartPole-v1",QREPS,1,True,True,False,QREPS_CartPole-v1,TFG,False,CartPole-v1,200,30,10000,300,500,5,4,1.0,0.0029666239879977516,0.001,0.26318538154758686,0.001,2.7240662866182728,,False,0.1,True,True,True,0
b09b2195,0.0,1711578503,,True,29,2024-03-27_23-28-23,0.28164005279541016,466.2051181793213,42177,Nicolass-Air.technicolor.net,127.0.0.1,466.2051181793213,29,"26_trial_index=1,alpha=2.7241,autotune=False,buffer_size=10000,capture_video=False,cuda=True,env_id=CartPole-v1,eta=None,exp_name=QREPS,gamma=1.0000,kl_loss=True,num_envs=4,num_rollouts=5,num_updates=30,policy_lr_end=0.0010,policy_lr_start=0.0030,q_lr_end=0.0010,q_lr_start=0.2632,saddle_point_optimization=True,seed=1,target_entropy_scale=0.1000,torch_deterministic=True,total_timesteps=200,track=False,update_epochs=300,update_policy_epochs=500,use_linear_schedule=True,wandb_entity=TFG,wandb_project_name=QREPS_CartPole-v1",QREPS,1,True,True,False,QREPS_CartPole-v1,TFG,False,CartPole-v1,200,30,10000,300,500,5,4,1.0,0.0029666239879977516,0.001,0.26318538154758686,0.001,2.7240662866182728,,False,0.1,True,True,True,1
b5b1848b,14.2,1711578523,,True,30,2024-03-27_23-28-43,12.907589197158813,470.76438784599304,42119,Nicolass-Air.technicolor.net,127.0.0.1,470.76438784599304,30,"27_trial_index=2,alpha=2.7241,autotune=False,buffer_size=10000,capture_video=False,cuda=True,env_id=CartPole-v1,eta=None,exp_name=QREPS,gamma=1.0000,kl_loss=True,num_envs=4,num_rollouts=5,num_updates=30,policy_lr_end=0.0010,policy_lr_start=0.0030,q_lr_end=0.0010,q_lr_start=0.2632,saddle_point_optimization=True,seed=1,target_entropy_scale=0.1000,torch_deterministic=True,total_timesteps=200,track=False,update_epochs=300,update_policy_epochs=500,use_linear_schedule=True,wandb_entity=TFG,wandb_project_name=QREPS_CartPole-v1",QREPS,1,True,True,False,QREPS_CartPole-v1,TFG,False,CartPole-v1,200,30,10000,300,500,5,4,1.0,0.0029666239879977516,0.001,0.26318538154758686,0.001,2.7240662866182728,,False,0.1,True,True,True,2
4642da41,8.0,1711578259,,True,30,2024-03-27_23-24-19,6.2809271812438965,185.09794735908508,42194,Nicolass-Air.technicolor.net,127.0.0.1,185.09794735908508,30,"28_trial_index=0,alpha=0.4043,autotune=False,buffer_size=10000,capture_video=False,cuda=True,env_id=CartPole-v1,eta=None,exp_name=QREPS,gamma=0.9900,kl_loss=True,num_envs=8,num_rollouts=5,num_updates=30,policy_lr_end=0.0010,policy_lr_start=0.0358,q_lr_end=0.0010,q_lr_start=0.0251,saddle_point_optimization=True,seed=1,target_entropy_scale=0.1000,torch_deterministic=True,total_timesteps=200,track=False,update_epochs=100,update_policy_epochs=450,use_linear_schedule=True,wandb_entity=TFG,wandb_project_name=QREPS_CartPole-v1",QREPS,1,True,True,False,QREPS_CartPole-v1,TFG,False,CartPole-v1,200,30,10000,100,450,5,8,0.99,0.03577170539689796,0.001,0.02514037230286046,0.001,0.40429378323215764,,False,0.1,True,True,True,0
ac871100,9.0,1711578295,,True,30,2024-03-27_23-24-55,6.749473810195923,212.95534110069275,42144,Nicolass-Air.technicolor.net,127.0.0.1,212.95534110069275,30,"29_trial_index=1,alpha=0.4043,autotune=False,buffer_size=10000,capture_video=False,cuda=True,env_id=CartPole-v1,eta=None,exp_name=QREPS,gamma=0.9900,kl_loss=True,num_envs=8,num_rollouts=5,num_updates=30,policy_lr_end=0.0010,policy_lr_start=0.0358,q_lr_end=0.0010,q_lr_start=0.0251,saddle_point_optimization=True,seed=1,target_entropy_scale=0.1000,torch_deterministic=True,total_timesteps=200,track=False,update_epochs=100,update_policy_epochs=450,use_linear_schedule=True,wandb_entity=TFG,wandb_project_name=QREPS_CartPole-v1",QREPS,1,True,True,False,QREPS_CartPole-v1,TFG,False,CartPole-v1,200,30,10000,100,450,5,8,0.99,0.03577170539689796,0.001,0.02514037230286046,0.001,0.40429378323215764,,False,0.1,True,True,True,1
3716f0fb,8.0,1711578437,,True,30,2024-03-27_23-27-17,5.199583053588867,177.01597571372986,42194,Nicolass-Air.technicolor.net,127.0.0.1,177.01597571372986,30,"30_trial_index=2,alpha=0.4043,autotune=False,buffer_size=10000,capture_video=False,cuda=True,env_id=CartPole-v1,eta=None,exp_name=QREPS,gamma=0.9900,kl_loss=True,num_envs=8,num_rollouts=5,num_updates=30,policy_lr_end=0.0010,policy_lr_start=0.0358,q_lr_end=0.0010,q_lr_start=0.0251,saddle_point_optimization=True,seed=1,target_entropy_scale=0.1000,torch_deterministic=True,total_timesteps=200,track=False,update_epochs=100,update_policy_epochs=450,use_linear_schedule=True,wandb_entity=TFG,wandb_project_name=QREPS_CartPole-v1",QREPS,1,True,True,False,QREPS_CartPole-v1,TFG,False,CartPole-v1,200,30,10000,100,450,5,8,0.99,0.03577170539689796,0.001,0.02514037230286046,0.001,0.40429378323215764,,False,0.1,True,True,True,2
242f216c,0.0,1711578589,,True,29,2024-03-27_23-29-49,0.15093493461608887,293.75832772254944,42144,Nicolass-Air.technicolor.net,127.0.0.1,293.75832772254944,29,"31_trial_index=0,alpha=4.0401,autotune=False,buffer_size=10000,capture_video=False,cuda=True,env_id=CartPole-v1,eta=None,exp_name=QREPS,gamma=1.0000,kl_loss=True,num_envs=8,num_rollouts=5,num_updates=30,policy_lr_end=0.0010,policy_lr_start=0.1747,q_lr_end=0.0010,q_lr_start=0.0410,saddle_point_optimization=True,seed=1,target_entropy_scale=0.1000,torch_deterministic=True,total_timesteps=200,track=False,update_epochs=300,update_policy_epochs=450,use_linear_schedule=True,wandb_entity=TFG,wandb_project_name=QREPS_CartPole-v1",QREPS,1,True,True,False,QREPS_CartPole-v1,TFG,False,CartPole-v1,200,30,10000,300,450,5,8,1.0,0.1747227522755967,0.001,0.04100865008723666,0.001,4.040100692156592,,False,0.1,True,True,True,0
d238dba2,8.0,1711578642,,True,30,2024-03-27_23-30-42,8.780329942703247,293.0917944908142,42167,Nicolass-Air.technicolor.net,127.0.0.1,293.0917944908142,30,"32_trial_index=1,alpha=4.0401,autotune=False,buffer_size=10000,capture_video=False,cuda=True,env_id=CartPole-v1,eta=None,exp_name=QREPS,gamma=1.0000,kl_loss=True,num_envs=8,num_rollouts=5,num_updates=30,policy_lr_end=0.0010,policy_lr_start=0.1747,q_lr_end=0.0010,q_lr_start=0.0410,saddle_point_optimization=True,seed=1,target_entropy_scale=0.1000,torch_deterministic=True,total_timesteps=200,track=False,update_epochs=300,update_policy_epochs=450,use_linear_schedule=True,wandb_entity=TFG,wandb_project_name=QREPS_CartPole-v1",QREPS,1,True,True,False,QREPS_CartPole-v1,TFG,False,CartPole-v1,200,30,10000,300,450,5,8,1.0,0.1747227522755967,0.001,0.04100865008723666,0.001,4.040100692156592,,False,0.1,True,True,True,1
efc7e5f3,9.0,1711578698,,True,30,2024-03-27_23-31-38,10.333956241607666,331.5066468715668,42155,Nicolass-Air.technicolor.net,127.0.0.1,331.5066468715668,30,"33_trial_index=2,alpha=4.0401,autotune=False,buffer_size=10000,capture_video=False,cuda=True,env_id=CartPole-v1,eta=None,exp_name=QREPS,gamma=1.0000,kl_loss=True,num_envs=8,num_rollouts=5,num_updates=30,policy_lr_end=0.0010,policy_lr_start=0.1747,q_lr_end=0.0010,q_lr_start=0.0410,saddle_point_optimization=True,seed=1,target_entropy_scale=0.1000,torch_deterministic=True,total_timesteps=200,track=False,update_epochs=300,update_policy_epochs=450,use_linear_schedule=True,wandb_entity=TFG,wandb_project_name=QREPS_CartPole-v1",QREPS,1,True,True,False,QREPS_CartPole-v1,TFG,False,CartPole-v1,200,30,10000,300,450,5,8,1.0,0.1747227522755967,0.001,0.04100865008723666,0.001,4.040100692156592,,False,0.1,True,True,True,2
1fe98cca,9.0,1711578583,,True,30,2024-03-27_23-29-43,4.276295900344849,146.03092074394226,42194,Nicolass-Air.technicolor.net,127.0.0.1,146.03092074394226,30,"34_trial_index=0,alpha=0.5346,autotune=False,buffer_size=10000,capture_video=False,cuda=True,env_id=CartPole-v1,eta=None,exp_name=QREPS,gamma=0.9900,kl_loss=True,num_envs=4,num_rollouts=5,num_updates=30,policy_lr_end=0.0010,policy_lr_start=0.0106,q_lr_end=0.0010,q_lr_start=0.0030,saddle_point_optimization=True,seed=1,target_entropy_scale=0.1000,torch_deterministic=True,total_timesteps=200,track=False,update_epochs=100,update_policy_epochs=500,use_linear_schedule=True,wandb_entity=TFG,wandb_project_name=QREPS_CartPole-v1",QREPS,1,True,True,False,QREPS_CartPole-v1,TFG,False,CartPole-v1,200,30,10000,100,500,5,4,0.99,0.010623023350994297,0.001,0.0029699738509735693,0.001,0.5346365414683655,,False,0.1,True,True,True,0
5a2dc0b0,9.0,1711578605,,True,30,2024-03-27_23-30-05,4.1004579067230225,148.28101682662964,42136,Nicolass-Air.technicolor.net,127.0.0.1,148.28101682662964,30,"35_trial_index=1,alpha=0.5346,autotune=False,buffer_size=10000,capture_video=False,cuda=True,env_id=CartPole-v1,eta=None,exp_name=QREPS,gamma=0.9900,kl_loss=True,num_envs=4,num_rollouts=5,num_updates=30,policy_lr_end=0.0010,policy_lr_start=0.0106,q_lr_end=0.0010,q_lr_start=0.0030,saddle_point_optimization=True,seed=1,target_entropy_scale=0.1000,torch_deterministic=True,total_timesteps=200,track=False,update_epochs=100,update_policy_epochs=500,use_linear_schedule=True,wandb_entity=TFG,wandb_project_name=QREPS_CartPole-v1",QREPS,1,True,True,False,QREPS_CartPole-v1,TFG,False,CartPole-v1,200,30,10000,100,500,5,4,0.99,0.010623023350994297,0.001,0.0029699738509735693,0.001,0.5346365414683655,,False,0.1,True,True,True,1
3d22f7d9,8.0,1711578620,,True,30,2024-03-27_23-30-20,4.006005764007568,129.36685299873352,42109,Nicolass-Air.technicolor.net,127.0.0.1,129.36685299873352,30,"36_trial_index=2,alpha=0.5346,autotune=False,buffer_size=10000,capture_video=False,cuda=True,env_id=CartPole-v1,eta=None,exp_name=QREPS,gamma=0.9900,kl_loss=True,num_envs=4,num_rollouts=5,num_updates=30,policy_lr_end=0.0010,policy_lr_start=0.0106,q_lr_end=0.0010,q_lr_start=0.0030,saddle_point_optimization=True,seed=1,target_entropy_scale=0.1000,torch_deterministic=True,total_timesteps=200,track=False,update_epochs=100,update_policy_epochs=500,use_linear_schedule=True,wandb_entity=TFG,wandb_project_name=QREPS_CartPole-v1",QREPS,1,True,True,False,QREPS_CartPole-v1,TFG,False,CartPole-v1,200,30,10000,100,500,5,4,0.99,0.010623023350994297,0.001,0.0029699738509735693,0.001,0.5346365414683655,,False,0.1,True,True,True,2
395addb4,9.0,1711578650,,True,30,2024-03-27_23-30-50,4.6098902225494385,146.96532201766968,42177,Nicolass-Air.technicolor.net,127.0.0.1,146.96532201766968,30,"37_trial_index=0,alpha=0.2022,autotune=False,buffer_size=10000,capture_video=False,cuda=True,env_id=CartPole-v1,eta=None,exp_name=QREPS,gamma=1.0000,kl_loss=True,num_envs=4,num_rollouts=5,num_updates=30,policy_lr_end=0.0010,policy_lr_start=0.0269,q_lr_end=0.0010,q_lr_start=0.0754,saddle_point_optimization=True,seed=1,target_entropy_scale=0.1000,torch_deterministic=True,total_timesteps=200,track=False,update_epochs=100,update_policy_epochs=500,use_linear_schedule=True,wandb_entity=TFG,wandb_project_name=QREPS_CartPole-v1",QREPS,1,True,True,False,QREPS_CartPole-v1,TFG,False,CartPole-v1,200,30,10000,100,500,5,4,1.0,0.026912869290292893,0.001,0.07543050630889575,0.001,0.20220693665076214,,False,0.1,True,True,True,0
0d1a80ef,0.0,1711578560,,True,9,2024-03-27_23-29-20,0.46549201011657715,36.587496519088745,42119,Nicolass-Air.technicolor.net,127.0.0.1,36.587496519088745,9,"38_trial_index=1,alpha=0.2022,autotune=False,buffer_size=10000,capture_video=False,cuda=True,env_id=CartPole-v1,eta=None,exp_name=QREPS,gamma=1.0000,kl_loss=True,num_envs=4,num_rollouts=5,num_updates=30,policy_lr_end=0.0010,policy_lr_start=0.0269,q_lr_end=0.0010,q_lr_start=0.0754,saddle_point_optimization=True,seed=1,target_entropy_scale=0.1000,torch_deterministic=True,total_timesteps=200,track=False,update_epochs=100,update_policy_epochs=500,use_linear_schedule=True,wandb_entity=TFG,wandb_project_name=QREPS_CartPole-v1",QREPS,1,True,True,False,QREPS_CartPole-v1,TFG,False,CartPole-v1,200,30,10000,100,500,5,4,1.0,0.026912869290292893,0.001,0.07543050630889575,0.001,0.20220693665076214,,False,0.1,True,True,True,1
47f32f60,46.0,1711578839,,True,30,2024-03-27_23-33-59,12.5933358669281,278.50375413894653,42119,Nicolass-Air.technicolor.net,127.0.0.1,278.50375413894653,30,"39_trial_index=2,alpha=0.2022,autotune=False,buffer_size=10000,capture_video=False,cuda=True,env_id=CartPole-v1,eta=None,exp_name=QREPS,gamma=1.0000,kl_loss=True,num_envs=4,num_rollouts=5,num_updates=30,policy_lr_end=0.0010,policy_lr_start=0.0269,q_lr_end=0.0010,q_lr_start=0.0754,saddle_point_optimization=True,seed=1,target_entropy_scale=0.1000,torch_deterministic=True,total_timesteps=200,track=False,update_epochs=100,update_policy_epochs=500,use_linear_schedule=True,wandb_entity=TFG,wandb_project_name=QREPS_CartPole-v1",QREPS,1,True,True,False,QREPS_CartPole-v1,TFG,False,CartPole-v1,200,30,10000,100,500,5,4,1.0,0.026912869290292893,0.001,0.07543050630889575,0.001,0.20220693665076214,,False,0.1,True,True,True,2
61ab585e,8.0,1711578853,,True,30,2024-03-27_23-34-13,8.396483182907104,268.1968674659729,42194,Nicolass-Air.technicolor.net,127.0.0.1,268.1968674659729,30,"40_trial_index=0,alpha=1.5119,autotune=False,buffer_size=10000,capture_video=False,cuda=True,env_id=CartPole-v1,eta=None,exp_name=QREPS,gamma=0.9900,kl_loss=True,num_envs=8,num_rollouts=5,num_updates=30,policy_lr_end=0.0010,policy_lr_start=0.4418,q_lr_end=0.0010,q_lr_start=0.0062,saddle_point_optimization=True,seed=1,target_entropy_scale=0.1000,torch_deterministic=True,total_timesteps=200,track=False,update_epochs=300,update_policy_epochs=450,use_linear_schedule=True,wandb_entity=TFG,wandb_project_name=QREPS_CartPole-v1",QREPS,1,True,True,False,QREPS_CartPole-v1,TFG,False,CartPole-v1,200,30,10000,300,450,5,8,0.99,0.4417975065533398,0.001,0.006201066010378901,0.001,1.511907488759654,,False,0.1,True,True,True,0
9d51d7a6,9.0,1711578890,,True,30,2024-03-27_23-34-50,9.81300139427185,298.09774231910706,42144,Nicolass-Air.technicolor.net,127.0.0.1,298.09774231910706,30,"41_trial_index=1,alpha=1.5119,autotune=False,buffer_size=10000,capture_video=False,cuda=True,env_id=CartPole-v1,eta=None,exp_name=QREPS,gamma=0.9900,kl_loss=True,num_envs=8,num_rollouts=5,num_updates=30,policy_lr_end=0.0010,policy_lr_start=0.4418,q_lr_end=0.0010,q_lr_start=0.0062,saddle_point_optimization=True,seed=1,target_entropy_scale=0.1000,torch_deterministic=True,total_timesteps=200,track=False,update_epochs=300,update_policy_epochs=450,use_linear_schedule=True,wandb_entity=TFG,wandb_project_name=QREPS_CartPole-v1",QREPS,1,True,True,False,QREPS_CartPole-v1,TFG,False,CartPole-v1,200,30,10000,300,450,5,8,0.99,0.4417975065533398,0.001,0.006201066010378901,0.001,1.511907488759654,,False,0.1,True,True,True,1
574dd456,8.0,1711578884,,True,30,2024-03-27_23-34-44,9.029211044311523,275.24516105651855,42136,Nicolass-Air.technicolor.net,127.0.0.1,275.24516105651855,30,"42_trial_index=2,alpha=1.5119,autotune=False,buffer_size=10000,capture_video=False,cuda=True,env_id=CartPole-v1,eta=None,exp_name=QREPS,gamma=0.9900,kl_loss=True,num_envs=8,num_rollouts=5,num_updates=30,policy_lr_end=0.0010,policy_lr_start=0.4418,q_lr_end=0.0010,q_lr_start=0.0062,saddle_point_optimization=True,seed=1,target_entropy_scale=0.1000,torch_deterministic=True,total_timesteps=200,track=False,update_epochs=300,update_policy_epochs=450,use_linear_schedule=True,wandb_entity=TFG,wandb_project_name=QREPS_CartPole-v1",QREPS,1,True,True,False,QREPS_CartPole-v1,TFG,False,CartPole-v1,200,30,10000,300,450,5,8,0.99,0.4417975065533398,0.001,0.006201066010378901,0.001,1.511907488759654,,False,0.1,True,True,True,2
90d69b3b,0.0,1711578679,,True,11,2024-03-27_23-31-19,0.11669087409973145,59.33569288253784,42109,Nicolass-Air.technicolor.net,127.0.0.1,59.33569288253784,11,"43_trial_index=0,alpha=1.0887,autotune=False,buffer_size=10000,capture_video=False,cuda=True,env_id=CartPole-v1,eta=None,exp_name=QREPS,gamma=1.0000,kl_loss=True,num_envs=8,num_rollouts=5,num_updates=30,policy_lr_end=0.0010,policy_lr_start=0.1119,q_lr_end=0.0010,q_lr_start=0.1423,saddle_point_optimization=True,seed=1,target_entropy_scale=0.1000,torch_deterministic=True,total_timesteps=200,track=False,update_epochs=100,update_policy_epochs=450,use_linear_schedule=True,wandb_entity=TFG,wandb_project_name=QREPS_CartPole-v1",QREPS,1,True,True,False,QREPS_CartPole-v1,TFG,False,CartPole-v1,200,30,10000,100,450,5,8,1.0,0.11186148548394129,0.001,0.14230304432856208,0.001,1.08866810583601,,False,0.1,True,True,True,0
6dcf291b,0.0,1711578667,,True,5,2024-03-27_23-31-07,1.0185561180114746,25.259155988693237,42167,Nicolass-Air.technicolor.net,127.0.0.1,25.259155988693237,5,"44_trial_index=1,alpha=1.0887,autotune=False,buffer_size=10000,capture_video=False,cuda=True,env_id=CartPole-v1,eta=None,exp_name=QREPS,gamma=1.0000,kl_loss=True,num_envs=8,num_rollouts=5,num_updates=30,policy_lr_end=0.0010,policy_lr_start=0.1119,q_lr_end=0.0010,q_lr_start=0.1423,saddle_point_optimization=True,seed=1,target_entropy_scale=0.1000,torch_deterministic=True,total_timesteps=200,track=False,update_epochs=100,update_policy_epochs=450,use_linear_schedule=True,wandb_entity=TFG,wandb_project_name=QREPS_CartPole-v1",QREPS,1,True,True,False,QREPS_CartPole-v1,TFG,False,CartPole-v1,200,30,10000,100,450,5,8,1.0,0.11186148548394129,0.001,0.14230304432856208,0.001,1.08866810583601,,False,0.1,True,True,True,1
052c02d9,9.0,1711578842,,True,30,2024-03-27_23-34-02,6.4714038372039795,191.56560730934143,42177,Nicolass-Air.technicolor.net,127.0.0.1,191.56560730934143,30,"45_trial_index=2,alpha=1.0887,autotune=False,buffer_size=10000,capture_video=False,cuda=True,env_id=CartPole-v1,eta=None,exp_name=QREPS,gamma=1.0000,kl_loss=True,num_envs=8,num_rollouts=5,num_updates=30,policy_lr_end=0.0010,policy_lr_start=0.1119,q_lr_end=0.0010,q_lr_start=0.1423,saddle_point_optimization=True,seed=1,target_entropy_scale=0.1000,torch_deterministic=True,total_timesteps=200,track=False,update_epochs=100,update_policy_epochs=450,use_linear_schedule=True,wandb_entity=TFG,wandb_project_name=QREPS_CartPole-v1",QREPS,1,True,True,False,QREPS_CartPole-v1,TFG,False,CartPole-v1,200,30,10000,100,450,5,8,1.0,0.11186148548394129,0.001,0.14230304432856208,0.001,1.08866810583601,,False,0.1,True,True,True,2
a28e3c1f,9.0,1711578886,,True,30,2024-03-27_23-34-46,7.014702796936035,215.17438077926636,42167,Nicolass-Air.technicolor.net,127.0.0.1,215.17438077926636,30,"46_trial_index=0,alpha=7.1491,autotune=False,buffer_size=10000,capture_video=False,cuda=True,env_id=CartPole-v1,eta=None,exp_name=QREPS,gamma=0.9900,kl_loss=True,num_envs=4,num_rollouts=5,num_updates=30,policy_lr_end=0.0010,policy_lr_start=0.0093,q_lr_end=0.0010,q_lr_start=0.0121,saddle_point_optimization=True,seed=1,target_entropy_scale=0.1000,torch_deterministic=True,total_timesteps=200,track=False,update_epochs=300,update_policy_epochs=500,use_linear_schedule=True,wandb_entity=TFG,wandb_project_name=QREPS_CartPole-v1",QREPS,1,True,True,False,QREPS_CartPole-v1,TFG,False,CartPole-v1,200,30,10000,300,500,5,4,0.99,0.009295028089162825,0.001,0.012099098385172223,0.001,7.149111712567569,,False,0.1,True,True,True,0
f18211b6,37.8,1711579044,,True,30,2024-03-27_23-37-24,21.014219999313354,364.47254848480225,42109,Nicolass-Air.technicolor.net,127.0.0.1,364.47254848480225,30,"47_trial_index=1,alpha=7.1491,autotune=False,buffer_size=10000,capture_video=False,cuda=True,env_id=CartPole-v1,eta=None,exp_name=QREPS,gamma=0.9900,kl_loss=True,num_envs=4,num_rollouts=5,num_updates=30,policy_lr_end=0.0010,policy_lr_start=0.0093,q_lr_end=0.0010,q_lr_start=0.0121,saddle_point_optimization=True,seed=1,target_entropy_scale=0.1000,torch_deterministic=True,total_timesteps=200,track=False,update_epochs=300,update_policy_epochs=500,use_linear_schedule=True,wandb_entity=TFG,wandb_project_name=QREPS_CartPole-v1",QREPS,1,True,True,False,QREPS_CartPole-v1,TFG,False,CartPole-v1,200,30,10000,300,500,5,4,0.99,0.009295028089162825,0.001,0.012099098385172223,0.001,7.149111712567569,,False,0.1,True,True,True,1
80364301,9.0,1711578921,,True,30,2024-03-27_23-35-21,7.232596158981323,222.7520353794098,42155,Nicolass-Air.technicolor.net,127.0.0.1,222.7520353794098,30,"48_trial_index=2,alpha=7.1491,autotune=False,buffer_size=10000,capture_video=False,cuda=True,env_id=CartPole-v1,eta=None,exp_name=QREPS,gamma=0.9900,kl_loss=True,num_envs=4,num_rollouts=5,num_updates=30,policy_lr_end=0.0010,policy_lr_start=0.0093,q_lr_end=0.0010,q_lr_start=0.0121,saddle_point_optimization=True,seed=1,target_entropy_scale=0.1000,torch_deterministic=True,total_timesteps=200,track=False,update_epochs=300,update_policy_epochs=500,use_linear_schedule=True,wandb_entity=TFG,wandb_project_name=QREPS_CartPole-v1",QREPS,1,True,True,False,QREPS_CartPole-v1,TFG,False,CartPole-v1,200,30,10000,300,500,5,4,0.99,0.009295028089162825,0.001,0.012099098385172223,0.001,7.149111712567569,,False,0.1,True,True,True,2
90ab300e,25.2,1711579149,,True,30,2024-03-27_23-39-09,14.168614864349365,310.1602966785431,42119,Nicolass-Air.technicolor.net,127.0.0.1,310.1602966785431,30,"49_trial_index=0,alpha=2.1429,autotune=False,buffer_size=10000,capture_video=False,cuda=True,env_id=CartPole-v1,eta=None,exp_name=QREPS,gamma=1,kl_loss=True,num_envs=8,num_rollouts=5,num_updates=30,policy_lr_end=0.0010,policy_lr_start=0.0025,q_lr_end=0.0010,q_lr_start=0.0235,saddle_point_optimization=True,seed=1,target_entropy_scale=0.1000,torch_deterministic=True,total_timesteps=200,track=False,update_epochs=100,update_policy_epochs=450,use_linear_schedule=True,wandb_entity=TFG,wandb_project_name=QREPS_CartPole-v1",QREPS,1,True,True,False,QREPS_CartPole-v1,TFG,False,CartPole-v1,200,30,10000,100,450,5,8,1.0,0.0025275139534663713,0.001,0.023510498866682678,0.001,2.1429075787918475,,False,0.1,True,True,True,0
1db3f2ee,18.0,1711579145,,True,30,2024-03-27_23-39-05,11.288474082946777,301.7354974746704,42177,Nicolass-Air.technicolor.net,127.0.0.1,301.7354974746704,30,"50_trial_index=1,alpha=2.1429,autotune=False,buffer_size=10000,capture_video=False,cuda=True,env_id=CartPole-v1,eta=None,exp_name=QREPS,gamma=1,kl_loss=True,num_envs=8,num_rollouts=5,num_updates=30,policy_lr_end=0.0010,policy_lr_start=0.0025,q_lr_end=0.0010,q_lr_start=0.0235,saddle_point_optimization=True,seed=1,target_entropy_scale=0.1000,torch_deterministic=True,total_timesteps=200,track=False,update_epochs=100,update_policy_epochs=450,use_linear_schedule=True,wandb_entity=TFG,wandb_project_name=QREPS_CartPole-v1",QREPS,1,True,True,False,QREPS_CartPole-v1,TFG,False,CartPole-v1,200,30,10000,100,450,5,8,1.0,0.0025275139534663713,0.001,0.023510498866682678,0.001,2.1429075787918475,,False,0.1,True,True,True,1
faefe587,17.6,1711579125,,True,30,2024-03-27_23-38-45,11.806156873703003,272.15025877952576,42194,Nicolass-Air.technicolor.net,127.0.0.1,272.15025877952576,30,"51_trial_index=2,alpha=2.1429,autotune=False,buffer_size=10000,capture_video=False,cuda=True,env_id=CartPole-v1,eta=None,exp_name=QREPS,gamma=1,kl_loss=True,num_envs=8,num_rollouts=5,num_updates=30,policy_lr_end=0.0010,policy_lr_start=0.0025,q_lr_end=0.0010,q_lr_start=0.0235,saddle_point_optimization=True,seed=1,target_entropy_scale=0.1000,torch_deterministic=True,total_timesteps=200,track=False,update_epochs=100,update_policy_epochs=450,use_linear_schedule=True,wandb_entity=TFG,wandb_project_name=QREPS_CartPole-v1",QREPS,1,True,True,False,QREPS_CartPole-v1,TFG,False,CartPole-v1,200,30,10000,100,450,5,8,1.0,0.0025275139534663713,0.001,0.023510498866682678,0.001,2.1429075787918475,,False,0.1,True,True,True,2
1c664784,29.4,1711579341,,True,30,2024-03-27_23-42-21,16.808949947357178,456.43544721603394,42136,Nicolass-Air.technicolor.net,127.0.0.1,456.43544721603394,30,"52_trial_index=0,alpha=1.0143,autotune=False,buffer_size=10000,capture_video=False,cuda=True,env_id=CartPole-v1,eta=None,exp_name=QREPS,gamma=1,kl_loss=True,num_envs=4,num_rollouts=5,num_updates=30,policy_lr_end=0.0010,policy_lr_start=0.0043,q_lr_end=0.0010,q_lr_start=0.0667,saddle_point_optimization=True,seed=1,target_entropy_scale=0.1000,torch_deterministic=True,total_timesteps=200,track=False,update_epochs=300,update_policy_epochs=450,use_linear_schedule=True,wandb_entity=TFG,wandb_project_name=QREPS_CartPole-v1",QREPS,1,True,True,False,QREPS_CartPole-v1,TFG,False,CartPole-v1,200,30,10000,300,450,5,4,1.0,0.004295839225771253,0.001,0.06668164107670749,0.001,1.0142981979300818,,False,0.1,True,True,True,0
0386686f,18.0,1711579226,,True,30,2024-03-27_23-40-26,11.452118873596191,339.4820353984833,42167,Nicolass-Air.technicolor.net,127.0.0.1,339.4820353984833,30,"53_trial_index=1,alpha=1.0143,autotune=False,buffer_size=10000,capture_video=False,cuda=True,env_id=CartPole-v1,eta=None,exp_name=QREPS,gamma=1,kl_loss=True,num_envs=4,num_rollouts=5,num_updates=30,policy_lr_end=0.0010,policy_lr_start=0.0043,q_lr_end=0.0010,q_lr_start=0.0667,saddle_point_optimization=True,seed=1,target_entropy_scale=0.1000,torch_deterministic=True,total_timesteps=200,track=False,update_epochs=300,update_policy_epochs=450,use_linear_schedule=True,wandb_entity=TFG,wandb_project_name=QREPS_CartPole-v1",QREPS,1,True,True,False,QREPS_CartPole-v1,TFG,False,CartPole-v1,200,30,10000,300,450,5,4,1.0,0.004295839225771253,0.001,0.06668164107670749,0.001,1.0142981979300818,,False,0.1,True,True,True,1
d3b1b0bf,22.2,1711579273,,True,30,2024-03-27_23-41-13,13.624421119689941,382.49155831336975,42144,Nicolass-Air.technicolor.net,127.0.0.1,382.49155831336975,30,"54_trial_index=2,alpha=1.0143,autotune=False,buffer_size=10000,capture_video=False,cuda=True,env_id=CartPole-v1,eta=None,exp_name=QREPS,gamma=1,kl_loss=True,num_envs=4,num_rollouts=5,num_updates=30,policy_lr_end=0.0010,policy_lr_start=0.0043,q_lr_end=0.0010,q_lr_start=0.0667,saddle_point_optimization=True,seed=1,target_entropy_scale=0.1000,torch_deterministic=True,total_timesteps=200,track=False,update_epochs=300,update_policy_epochs=450,use_linear_schedule=True,wandb_entity=TFG,wandb_project_name=QREPS_CartPole-v1",QREPS,1,True,True,False,QREPS_CartPole-v1,TFG,False,CartPole-v1,200,30,10000,300,450,5,4,1.0,0.004295839225771253,0.001,0.06668164107670749,0.001,1.0142981979300818,,False,0.1,True,True,True,2
4dcf4f5f,31.2,1711579882,,True,30,2024-03-27_23-51-22,35.306025981903076,960.4990811347961,42155,Nicolass-Air.technicolor.net,127.0.0.1,960.4990811347961,30,"55_trial_index=0,alpha=1.0417,autotune=False,buffer_size=10000,capture_video=False,cuda=True,env_id=CartPole-v1,eta=None,exp_name=QREPS,gamma=1,kl_loss=True,num_envs=8,num_rollouts=5,num_updates=30,policy_lr_end=0.0010,policy_lr_start=0.0043,q_lr_end=0.0010,q_lr_start=0.0264,saddle_point_optimization=True,seed=1,target_entropy_scale=0.1000,torch_deterministic=True,total_timesteps=200,track=False,update_epochs=300,update_policy_epochs=450,use_linear_schedule=True,wandb_entity=TFG,wandb_project_name=QREPS_CartPole-v1",QREPS,1,True,True,False,QREPS_CartPole-v1,TFG,False,CartPole-v1,200,30,10000,300,450,5,8,1.0,0.004349610145588581,0.001,0.026405630992219837,0.001,1.0417327466621078,,False,0.1,True,True,True,0
e2f7f040,32.8,1711579789,,True,30,2024-03-27_23-49-49,30.490334033966064,744.4652519226074,42109,Nicolass-Air.technicolor.net,127.0.0.1,744.4652519226074,30,"56_trial_index=1,alpha=1.0417,autotune=False,buffer_size=10000,capture_video=False,cuda=True,env_id=CartPole-v1,eta=None,exp_name=QREPS,gamma=1,kl_loss=True,num_envs=8,num_rollouts=5,num_updates=30,policy_lr_end=0.0010,policy_lr_start=0.0043,q_lr_end=0.0010,q_lr_start=0.0264,saddle_point_optimization=True,seed=1,target_entropy_scale=0.1000,torch_deterministic=True,total_timesteps=200,track=False,update_epochs=300,update_policy_epochs=450,use_linear_schedule=True,wandb_entity=TFG,wandb_project_name=QREPS_CartPole-v1",QREPS,1,True,True,False,QREPS_CartPole-v1,TFG,False,CartPole-v1,200,30,10000,300,450,5,8,1.0,0.004349610145588581,0.001,0.026405630992219837,0.001,1.0417327466621078,,False,0.1,True,True,True,1
574b5b2e,49.6,1711580055,,True,30,2024-03-27_23-54-15,43.90982675552368,929.2318387031555,42194,Nicolass-Air.technicolor.net,127.0.0.1,929.2318387031555,30,"57_trial_index=2,alpha=1.0417,autotune=False,buffer_size=10000,capture_video=False,cuda=True,env_id=CartPole-v1,eta=None,exp_name=QREPS,gamma=1,kl_loss=True,num_envs=8,num_rollouts=5,num_updates=30,policy_lr_end=0.0010,policy_lr_start=0.0043,q_lr_end=0.0010,q_lr_start=0.0264,saddle_point_optimization=True,seed=1,target_entropy_scale=0.1000,torch_deterministic=True,total_timesteps=200,track=False,update_epochs=300,update_policy_epochs=450,use_linear_schedule=True,wandb_entity=TFG,wandb_project_name=QREPS_CartPole-v1",QREPS,1,True,True,False,QREPS_CartPole-v1,TFG,False,CartPole-v1,200,30,10000,300,450,5,8,1.0,0.004349610145588581,0.001,0.026405630992219837,0.001,1.0417327466621078,,False,0.1,True,True,True,2
22a34e38,38.6,1711579695,,True,30,2024-03-27_23-48-15,26.231637001037598,550.0496191978455,42177,Nicolass-Air.technicolor.net,127.0.0.1,550.0496191978455,30,"58_trial_index=0,alpha=0.8024,autotune=False,buffer_size=10000,capture_video=False,cuda=True,env_id=CartPole-v1,eta=None,exp_name=QREPS,gamma=1,kl_loss=True,num_envs=4,num_rollouts=5,num_updates=30,policy_lr_end=0.0010,policy_lr_start=0.0035,q_lr_end=0.0010,q_lr_start=0.0101,saddle_point_optimization=True,seed=1,target_entropy_scale=0.1000,torch_deterministic=True,total_timesteps=200,track=False,update_epochs=300,update_policy_epochs=450,use_linear_schedule=True,wandb_entity=TFG,wandb_project_name=QREPS_CartPole-v1",QREPS,1,True,True,False,QREPS_CartPole-v1,TFG,False,CartPole-v1,200,30,10000,300,450,5,4,1.0,0.003537256850348975,0.001,0.010063342686255848,0.001,0.802369977738504,,False,0.1,True,True,True,0
38837211,28.0,1711579603,,True,30,2024-03-27_23-46-43,16.727156162261963,453.1975293159485,42119,Nicolass-Air.technicolor.net,127.0.0.1,453.1975293159485,30,"59_trial_index=1,alpha=0.8024,autotune=False,buffer_size=10000,capture_video=False,cuda=True,env_id=CartPole-v1,eta=None,exp_name=QREPS,gamma=1,kl_loss=True,num_envs=4,num_rollouts=5,num_updates=30,policy_lr_end=0.0010,policy_lr_start=0.0035,q_lr_end=0.0010,q_lr_start=0.0101,saddle_point_optimization=True,seed=1,target_entropy_scale=0.1000,torch_deterministic=True,total_timesteps=200,track=False,update_epochs=300,update_policy_epochs=450,use_linear_schedule=True,wandb_entity=TFG,wandb_project_name=QREPS_CartPole-v1",QREPS,1,True,True,False,QREPS_CartPole-v1,TFG,False,CartPole-v1,200,30,10000,300,450,5,4,1.0,0.003537256850348975,0.001,0.010063342686255848,0.001,0.802369977738504,,False,0.1,True,True,True,1
ebcfcacb,33.8,1711579645,,True,30,2024-03-27_23-47-25,20.20590329170227,419.0647807121277,42167,Nicolass-Air.technicolor.net,127.0.0.1,419.0647807121277,30,"60_trial_index=2,alpha=0.8024,autotune=False,buffer_size=10000,capture_video=False,cuda=True,env_id=CartPole-v1,eta=None,exp_name=QREPS,gamma=1,kl_loss=True,num_envs=4,num_rollouts=5,num_updates=30,policy_lr_end=0.0010,policy_lr_start=0.0035,q_lr_end=0.0010,q_lr_start=0.0101,saddle_point_optimization=True,seed=1,target_entropy_scale=0.1000,torch_deterministic=True,total_timesteps=200,track=False,update_epochs=300,update_policy_epochs=450,use_linear_schedule=True,wandb_entity=TFG,wandb_project_name=QREPS_CartPole-v1",QREPS,1,True,True,False,QREPS_CartPole-v1,TFG,False,CartPole-v1,200,30,10000,300,450,5,4,1.0,0.003537256850348975,0.001,0.010063342686255848,0.001,0.802369977738504,,False,0.1,True,True,True,2
f312efa6,38.0,1711579746,,True,30,2024-03-27_23-49-06,21.12311100959778,472.1285309791565,42144,Nicolass-Air.technicolor.net,127.0.0.1,472.1285309791565,30,"61_trial_index=0,alpha=0.7475,autotune=False,buffer_size=10000,capture_video=False,cuda=True,env_id=CartPole-v1,eta=None,exp_name=QREPS,gamma=1,kl_loss=True,num_envs=4,num_rollouts=5,num_updates=30,policy_lr_end=0.0010,policy_lr_start=0.0038,q_lr_end=0.0010,q_lr_start=0.0208,saddle_point_optimization=True,seed=1,target_entropy_scale=0.1000,torch_deterministic=True,total_timesteps=200,track=False,update_epochs=300,update_policy_epochs=450,use_linear_schedule=True,wandb_entity=TFG,wandb_project_name=QREPS_CartPole-v1",QREPS,1,True,True,False,QREPS_CartPole-v1,TFG,False,CartPole-v1,200,30,10000,300,450,5,4,1.0,0.0037866545022083465,0.001,0.0208180271275554,0.001,0.7474714227033487,,False,0.1,True,True,True,0
c237d5ab,34.8,1711579854,,True,30,2024-03-27_23-50-54,20.20469880104065,512.8446011543274,42136,Nicolass-Air.technicolor.net,127.0.0.1,512.8446011543274,30,"62_trial_index=1,alpha=0.7475,autotune=False,buffer_size=10000,capture_video=False,cuda=True,env_id=CartPole-v1,eta=None,exp_name=QREPS,gamma=1,kl_loss=True,num_envs=4,num_rollouts=5,num_updates=30,policy_lr_end=0.0010,policy_lr_start=0.0038,q_lr_end=0.0010,q_lr_start=0.0208,saddle_point_optimization=True,seed=1,target_entropy_scale=0.1000,torch_deterministic=True,total_timesteps=200,track=False,update_epochs=300,update_policy_epochs=450,use_linear_schedule=True,wandb_entity=TFG,wandb_project_name=QREPS_CartPole-v1",QREPS,1,True,True,False,QREPS_CartPole-v1,TFG,False,CartPole-v1,200,30,10000,300,450,5,4,1.0,0.0037866545022083465,0.001,0.0208180271275554,0.001,0.7474714227033487,,False,0.1,True,True,True,1
d911ca10,46.0,1711580111,,True,30,2024-03-27_23-55-11,24.46518087387085,507.94164061546326,42119,Nicolass-Air.technicolor.net,127.0.0.1,507.94164061546326,30,"63_trial_index=2,alpha=0.7475,autotune=False,buffer_size=10000,capture_video=False,cuda=True,env_id=CartPole-v1,eta=None,exp_name=QREPS,gamma=1,kl_loss=True,num_envs=4,num_rollouts=5,num_updates=30,policy_lr_end=0.0010,policy_lr_start=0.0038,q_lr_end=0.0010,q_lr_start=0.0208,saddle_point_optimization=True,seed=1,target_entropy_scale=0.1000,torch_deterministic=True,total_timesteps=200,track=False,update_epochs=300,update_policy_epochs=450,use_linear_schedule=True,wandb_entity=TFG,wandb_project_name=QREPS_CartPole-v1",QREPS,1,True,True,False,QREPS_CartPole-v1,TFG,False,CartPole-v1,200,30,10000,300,450,5,4,1.0,0.0037866545022083465,0.001,0.0208180271275554,0.001,0.7474714227033487,,False,0.1,True,True,True,2
0e210fd4,25.4,1711580117,,True,30,2024-03-27_23-55-17,15.122517108917236,471.25405859947205,42167,Nicolass-Air.technicolor.net,127.0.0.1,471.25405859947205,30,"64_trial_index=0,alpha=0.2818,autotune=False,buffer_size=10000,capture_video=False,cuda=True,env_id=CartPole-v1,eta=None,exp_name=QREPS,gamma=1,kl_loss=True,num_envs=4,num_rollouts=5,num_updates=30,policy_lr_end=0.0010,policy_lr_start=0.0039,q_lr_end=0.0010,q_lr_start=0.0672,saddle_point_optimization=True,seed=1,target_entropy_scale=0.1000,torch_deterministic=True,total_timesteps=200,track=False,update_epochs=300,update_policy_epochs=450,use_linear_schedule=True,wandb_entity=TFG,wandb_project_name=QREPS_CartPole-v1",QREPS,1,True,True,False,QREPS_CartPole-v1,TFG,False,CartPole-v1,200,30,10000,300,450,5,4,1.0,0.003944877424149313,0.001,0.06722569954902191,0.001,0.2817726021541554,,False,0.1,True,True,True,0
0e71e6b3,27.6,1711580183,,True,30,2024-03-27_23-56-23,18.392887115478516,487.2294936180115,42177,Nicolass-Air.technicolor.net,127.0.0.1,487.2294936180115,30,"65_trial_index=1,alpha=0.2818,autotune=False,buffer_size=10000,capture_video=False,cuda=True,env_id=CartPole-v1,eta=None,exp_name=QREPS,gamma=1,kl_loss=True,num_envs=4,num_rollouts=5,num_updates=30,policy_lr_end=0.0010,policy_lr_start=0.0039,q_lr_end=0.0010,q_lr_start=0.0672,saddle_point_optimization=True,seed=1,target_entropy_scale=0.1000,torch_deterministic=True,total_timesteps=200,track=False,update_epochs=300,update_policy_epochs=450,use_linear_schedule=True,wandb_entity=TFG,wandb_project_name=QREPS_CartPole-v1",QREPS,1,True,True,False,QREPS_CartPole-v1,TFG,False,CartPole-v1,200,30,10000,300,450,5,4,1.0,0.003944877424149313,0.001,0.06722569954902191,0.001,0.2817726021541554,,False,0.1,True,True,True,1
804a0575,24.6,1711580222,,True,30,2024-03-27_23-57-02,15.720799922943115,476.2421669960022,42144,Nicolass-Air.technicolor.net,127.0.0.1,476.2421669960022,30,"66_trial_index=2,alpha=0.2818,autotune=False,buffer_size=10000,capture_video=False,cuda=True,env_id=CartPole-v1,eta=None,exp_name=QREPS,gamma=1,kl_loss=True,num_envs=4,num_rollouts=5,num_updates=30,policy_lr_end=0.0010,policy_lr_start=0.0039,q_lr_end=0.0010,q_lr_start=0.0672,saddle_point_optimization=True,seed=1,target_entropy_scale=0.1000,torch_deterministic=True,total_timesteps=200,track=False,update_epochs=300,update_policy_epochs=450,use_linear_schedule=True,wandb_entity=TFG,wandb_project_name=QREPS_CartPole-v1",QREPS,1,True,True,False,QREPS_CartPole-v1,TFG,False,CartPole-v1,200,30,10000,300,450,5,4,1.0,0.003944877424149313,0.001,0.06722569954902191,0.001,0.2817726021541554,,False,0.1,True,True,True,2
1a67a949,40.2,1711580279,,True,30,2024-03-27_23-57-59,26.78252410888672,489.9345474243164,42109,Nicolass-Air.technicolor.net,127.0.0.1,489.9345474243164,30,"67_trial_index=0,alpha=1.2352,autotune=False,buffer_size=10000,capture_video=False,cuda=True,env_id=CartPole-v1,eta=None,exp_name=QREPS,gamma=1,kl_loss=True,num_envs=4,num_rollouts=5,num_updates=30,policy_lr_end=0.0010,policy_lr_start=0.0052,q_lr_end=0.0010,q_lr_start=0.0784,saddle_point_optimization=True,seed=1,target_entropy_scale=0.1000,torch_deterministic=True,total_timesteps=200,track=False,update_epochs=300,update_policy_epochs=450,use_linear_schedule=True,wandb_entity=TFG,wandb_project_name=QREPS_CartPole-v1",QREPS,1,True,True,False,QREPS_CartPole-v1,TFG,False,CartPole-v1,200,30,10000,300,450,5,4,1.0,0.005193119930489478,0.001,0.07835206590339687,0.001,1.235196700713286,,False,0.1,True,True,True,0
59bdade1,17.8,1711580234,,True,30,2024-03-27_23-57-14,12.145898818969727,374.92519879341125,42136,Nicolass-Air.technicolor.net,127.0.0.1,374.92519879341125,30,"68_trial_index=1,alpha=1.2352,autotune=False,buffer_size=10000,capture_video=False,cuda=True,env_id=CartPole-v1,eta=None,exp_name=QREPS,gamma=1,kl_loss=True,num_envs=4,num_rollouts=5,num_updates=30,policy_lr_end=0.0010,policy_lr_start=0.0052,q_lr_end=0.0010,q_lr_start=0.0784,saddle_point_optimization=True,seed=1,target_entropy_scale=0.1000,torch_deterministic=True,total_timesteps=200,track=False,update_epochs=300,update_policy_epochs=450,use_linear_schedule=True,wandb_entity=TFG,wandb_project_name=QREPS_CartPole-v1",QREPS,1,True,True,False,QREPS_CartPole-v1,TFG,False,CartPole-v1,200,30,10000,300,450,5,4,1.0,0.005193119930489478,0.001,0.07835206590339687,0.001,1.235196700713286,,False,0.1,True,True,True,1
c746bd82,25.0,1711580395,,True,30,2024-03-27_23-59-55,16.870529890060425,511.8359913825989,42155,Nicolass-Air.technicolor.net,127.0.0.1,511.8359913825989,30,"69_trial_index=2,alpha=1.2352,autotune=False,buffer_size=10000,capture_video=False,cuda=True,env_id=CartPole-v1,eta=None,exp_name=QREPS,gamma=1,kl_loss=True,num_envs=4,num_rollouts=5,num_updates=30,policy_lr_end=0.0010,policy_lr_start=0.0052,q_lr_end=0.0010,q_lr_start=0.0784,saddle_point_optimization=True,seed=1,target_entropy_scale=0.1000,torch_deterministic=True,total_timesteps=200,track=False,update_epochs=300,update_policy_epochs=450,use_linear_schedule=True,wandb_entity=TFG,wandb_project_name=QREPS_CartPole-v1",QREPS,1,True,True,False,QREPS_CartPole-v1,TFG,False,CartPole-v1,200,30,10000,300,450,5,4,1.0,0.005193119930489478,0.001,0.07835206590339687,0.001,1.235196700713286,,False,0.1,True,True,True,2
a64dd8a6,33.4,1711580773,,True,30,2024-03-28_00-06-13,32.58141493797302,717.6923801898956,42194,Nicolass-Air.technicolor.net,127.0.0.1,717.6923801898956,30,"70_trial_index=0,alpha=1.4493,autotune=False,buffer_size=10000,capture_video=False,cuda=True,env_id=CartPole-v1,eta=None,exp_name=QREPS,gamma=1,kl_loss=True,num_envs=8,num_rollouts=5,num_updates=30,policy_lr_end=0.0010,policy_lr_start=0.0029,q_lr_end=0.0010,q_lr_start=0.0391,saddle_point_optimization=True,seed=1,target_entropy_scale=0.1000,torch_deterministic=True,total_timesteps=200,track=False,update_epochs=300,update_policy_epochs=450,use_linear_schedule=True,wandb_entity=TFG,wandb_project_name=QREPS_CartPole-v1",QREPS,1,True,True,False,QREPS_CartPole-v1,TFG,False,CartPole-v1,200,30,10000,300,450,5,8,1.0,0.0029307060485368555,0.001,0.03908327422722488,0.001,1.4493283989350338,,False,0.1,True,True,True,0
53df7019,41.2,1711580906,,True,30,2024-03-28_00-08-26,41.23425889015198,794.6972894668579,42119,Nicolass-Air.technicolor.net,127.0.0.1,794.6972894668579,30,"71_trial_index=1,alpha=1.4493,autotune=False,buffer_size=10000,capture_video=False,cuda=True,env_id=CartPole-v1,eta=None,exp_name=QREPS,gamma=1,kl_loss=True,num_envs=8,num_rollouts=5,num_updates=30,policy_lr_end=0.0010,policy_lr_start=0.0029,q_lr_end=0.0010,q_lr_start=0.0391,saddle_point_optimization=True,seed=1,target_entropy_scale=0.1000,torch_deterministic=True,total_timesteps=200,track=False,update_epochs=300,update_policy_epochs=450,use_linear_schedule=True,wandb_entity=TFG,wandb_project_name=QREPS_CartPole-v1",QREPS,1,True,True,False,QREPS_CartPole-v1,TFG,False,CartPole-v1,200,30,10000,300,450,5,8,1.0,0.0029307060485368555,0.001,0.03908327422722488,0.001,1.4493283989350338,,False,0.1,True,True,True,1
c20a899f,28.8,1711580872,,True,30,2024-03-28_00-07-52,26.40929675102234,754.1618299484253,42167,Nicolass-Air.technicolor.net,127.0.0.1,754.1618299484253,30,"72_trial_index=2,alpha=1.4493,autotune=False,buffer_size=10000,capture_video=False,cuda=True,env_id=CartPole-v1,eta=None,exp_name=QREPS,gamma=1,kl_loss=True,num_envs=8,num_rollouts=5,num_updates=30,policy_lr_end=0.0010,policy_lr_start=0.0029,q_lr_end=0.0010,q_lr_start=0.0391,saddle_point_optimization=True,seed=1,target_entropy_scale=0.1000,torch_deterministic=True,total_timesteps=200,track=False,update_epochs=300,update_policy_epochs=450,use_linear_schedule=True,wandb_entity=TFG,wandb_project_name=QREPS_CartPole-v1",QREPS,1,True,True,False,QREPS_CartPole-v1,TFG,False,CartPole-v1,200,30,10000,300,450,5,8,1.0,0.0029307060485368555,0.001,0.03908327422722488,0.001,1.4493283989350338,,False,0.1,True,True,True,2
00225a71,39.6,1711580759,,True,30,2024-03-28_00-05-59,30.104768991470337,576.0861151218414,42177,Nicolass-Air.technicolor.net,127.0.0.1,576.0861151218414,30,"73_trial_index=0,alpha=0.8383,autotune=False,buffer_size=10000,capture_video=False,cuda=True,env_id=CartPole-v1,eta=None,exp_name=QREPS,gamma=1.0000,kl_loss=True,num_envs=8,num_rollouts=5,num_updates=30,policy_lr_end=0.0010,policy_lr_start=0.0069,q_lr_end=0.0010,q_lr_start=0.0376,saddle_point_optimization=True,seed=1,target_entropy_scale=0.1000,torch_deterministic=True,total_timesteps=200,track=False,update_epochs=100,update_policy_epochs=450,use_linear_schedule=True,wandb_entity=TFG,wandb_project_name=QREPS_CartPole-v1",QREPS,1,True,True,False,QREPS_CartPole-v1,TFG,False,CartPole-v1,200,30,10000,100,450,5,8,1.0,0.006923124942453333,0.001,0.03761029657419907,0.001,0.8382733255024857,,False,0.1,True,True,True,0
1bbf77de,39.4,1711580700,,True,30,2024-03-28_00-05-00,23.719300031661987,477.0594627857208,42144,Nicolass-Air.technicolor.net,127.0.0.1,477.0594627857208,30,"74_trial_index=1,alpha=0.8383,autotune=False,buffer_size=10000,capture_video=False,cuda=True,env_id=CartPole-v1,eta=None,exp_name=QREPS,gamma=1.0000,kl_loss=True,num_envs=8,num_rollouts=5,num_updates=30,policy_lr_end=0.0010,policy_lr_start=0.0069,q_lr_end=0.0010,q_lr_start=0.0376,saddle_point_optimization=True,seed=1,target_entropy_scale=0.1000,torch_deterministic=True,total_timesteps=200,track=False,update_epochs=100,update_policy_epochs=450,use_linear_schedule=True,wandb_entity=TFG,wandb_project_name=QREPS_CartPole-v1",QREPS,1,True,True,False,QREPS_CartPole-v1,TFG,False,CartPole-v1,200,30,10000,100,450,5,8,1.0,0.006923124942453333,0.001,0.03761029657419907,0.001,0.8382733255024857,,False,0.1,True,True,True,1
8d1ca928,47.0,1711580801,,True,30,2024-03-28_00-06-41,30.52329707145691,566.3280260562897,42136,Nicolass-Air.technicolor.net,127.0.0.1,566.3280260562897,30,"75_trial_index=2,alpha=0.8383,autotune=False,buffer_size=10000,capture_video=False,cuda=True,env_id=CartPole-v1,eta=None,exp_name=QREPS,gamma=1.0000,kl_loss=True,num_envs=8,num_rollouts=5,num_updates=30,policy_lr_end=0.0010,policy_lr_start=0.0069,q_lr_end=0.0010,q_lr_start=0.0376,saddle_point_optimization=True,seed=1,target_entropy_scale=0.1000,torch_deterministic=True,total_timesteps=200,track=False,update_epochs=100,update_policy_epochs=450,use_linear_schedule=True,wandb_entity=TFG,wandb_project_name=QREPS_CartPole-v1",QREPS,1,True,True,False,QREPS_CartPole-v1,TFG,False,CartPole-v1,200,30,10000,100,450,5,8,1.0,0.006923124942453333,0.001,0.03761029657419907,0.001,0.8382733255024857,,False,0.1,True,True,True,2
91c539c5,33.2,1711581003,,True,30,2024-03-28_00-10-03,22.899299144744873,723.2695181369781,42109,Nicolass-Air.technicolor.net,127.0.0.1,723.2695181369781,30,"76_trial_index=0,alpha=0.8297,autotune=False,buffer_size=10000,capture_video=False,cuda=True,env_id=CartPole-v1,eta=None,exp_name=QREPS,gamma=1.0000,kl_loss=True,num_envs=4,num_rollouts=5,num_updates=30,policy_lr_end=0.0010,policy_lr_start=0.0062,q_lr_end=0.0010,q_lr_start=0.0419,saddle_point_optimization=True,seed=1,target_entropy_scale=0.1000,torch_deterministic=True,total_timesteps=200,track=False,update_epochs=300,update_policy_epochs=450,use_linear_schedule=True,wandb_entity=TFG,wandb_project_name=QREPS_CartPole-v1",QREPS,1,True,True,False,QREPS_CartPole-v1,TFG,False,CartPole-v1,200,30,10000,300,450,5,4,1.0,0.006195842807319057,0.001,0.04189332456548001,0.001,0.8297320137083432,,False,0.1,True,True,True,0
0e9857b8,32.8,1711580942,,True,30,2024-03-28_00-09-02,20.040696144104004,546.5062429904938,42155,Nicolass-Air.technicolor.net,127.0.0.1,546.5062429904938,30,"77_trial_index=1,alpha=0.8297,autotune=False,buffer_size=10000,capture_video=False,cuda=True,env_id=CartPole-v1,eta=None,exp_name=QREPS,gamma=1.0000,kl_loss=True,num_envs=4,num_rollouts=5,num_updates=30,policy_lr_end=0.0010,policy_lr_start=0.0062,q_lr_end=0.0010,q_lr_start=0.0419,saddle_point_optimization=True,seed=1,target_entropy_scale=0.1000,torch_deterministic=True,total_timesteps=200,track=False,update_epochs=300,update_policy_epochs=450,use_linear_schedule=True,wandb_entity=TFG,wandb_project_name=QREPS_CartPole-v1",QREPS,1,True,True,False,QREPS_CartPole-v1,TFG,False,CartPole-v1,200,30,10000,300,450,5,4,1.0,0.006195842807319057,0.001,0.04189332456548001,0.001,0.8297320137083432,,False,0.1,True,True,True,1
70c8a648,37.2,1711581202,,True,30,2024-03-28_00-13-22,23.115800857543945,501.41581439971924,42144,Nicolass-Air.technicolor.net,127.0.0.1,501.41581439971924,30,"78_trial_index=2,alpha=0.8297,autotune=False,buffer_size=10000,capture_video=False,cuda=True,env_id=CartPole-v1,eta=None,exp_name=QREPS,gamma=1.0000,kl_loss=True,num_envs=4,num_rollouts=5,num_updates=30,policy_lr_end=0.0010,policy_lr_start=0.0062,q_lr_end=0.0010,q_lr_start=0.0419,saddle_point_optimization=True,seed=1,target_entropy_scale=0.1000,torch_deterministic=True,total_timesteps=200,track=False,update_epochs=300,update_policy_epochs=450,use_linear_schedule=True,wandb_entity=TFG,wandb_project_name=QREPS_CartPole-v1",QREPS,1,True,True,False,QREPS_CartPole-v1,TFG,False,CartPole-v1,200,30,10000,300,450,5,4,1.0,0.006195842807319057,0.001,0.04189332456548001,0.001,0.8297320137083432,,False,0.1,True,True,True,2
33c838e2,62.0,1711581658,,True,30,2024-03-28_00-20-58,42.581624031066895,898.0646419525146,42177,Nicolass-Air.technicolor.net,127.0.0.1,898.0646419525146,30,"79_trial_index=0,alpha=1.0506,autotune=False,buffer_size=10000,capture_video=False,cuda=True,env_id=CartPole-v1,eta=None,exp_name=QREPS,gamma=1.0000,kl_loss=True,num_envs=4,num_rollouts=5,num_updates=30,policy_lr_end=0.0010,policy_lr_start=0.0069,q_lr_end=0.0010,q_lr_start=0.0380,saddle_point_optimization=True,seed=1,target_entropy_scale=0.1000,torch_deterministic=True,total_timesteps=200,track=False,update_epochs=300,update_policy_epochs=450,use_linear_schedule=True,wandb_entity=TFG,wandb_project_name=QREPS_CartPole-v1",QREPS,1,True,True,False,QREPS_CartPole-v1,TFG,False,CartPole-v1,200,30,10000,300,450,5,4,1.0,0.006930693698924256,0.001,0.03797189242424782,0.001,1.0506462198398407,,False,0.1,True,True,True,0
699c28af,30.8,1711581314,,True,30,2024-03-28_00-15-14,22.598002910614014,540.1328520774841,42194,Nicolass-Air.technicolor.net,127.0.0.1,540.1328520774841,30,"80_trial_index=1,alpha=1.0506,autotune=False,buffer_size=10000,capture_video=False,cuda=True,env_id=CartPole-v1,eta=None,exp_name=QREPS,gamma=1.0000,kl_loss=True,num_envs=4,num_rollouts=5,num_updates=30,policy_lr_end=0.0010,policy_lr_start=0.0069,q_lr_end=0.0010,q_lr_start=0.0380,saddle_point_optimization=True,seed=1,target_entropy_scale=0.1000,torch_deterministic=True,total_timesteps=200,track=False,update_epochs=300,update_policy_epochs=450,use_linear_schedule=True,wandb_entity=TFG,wandb_project_name=QREPS_CartPole-v1",QREPS,1,True,True,False,QREPS_CartPole-v1,TFG,False,CartPole-v1,200,30,10000,300,450,5,4,1.0,0.006930693698924256,0.001,0.03797189242424782,0.001,1.0506462198398407,,False,0.1,True,True,True,1
a72d8ca4,49.0,1711581442,,True,30,2024-03-28_00-17-22,30.067044973373413,641.2853810787201,42136,Nicolass-Air.technicolor.net,127.0.0.1,641.2853810787201,30,"81_trial_index=2,alpha=1.0506,autotune=False,buffer_size=10000,capture_video=False,cuda=True,env_id=CartPole-v1,eta=None,exp_name=QREPS,gamma=1.0000,kl_loss=True,num_envs=4,num_rollouts=5,num_updates=30,policy_lr_end=0.0010,policy_lr_start=0.0069,q_lr_end=0.0010,q_lr_start=0.0380,saddle_point_optimization=True,seed=1,target_entropy_scale=0.1000,torch_deterministic=True,total_timesteps=200,track=False,update_epochs=300,update_policy_epochs=450,use_linear_schedule=True,wandb_entity=TFG,wandb_project_name=QREPS_CartPole-v1",QREPS,1,True,True,False,QREPS_CartPole-v1,TFG,False,CartPole-v1,200,30,10000,300,450,5,4,1.0,0.006930693698924256,0.001,0.03797189242424782,0.001,1.0506462198398407,,False,0.1,True,True,True,2
e0bd2aa3,37.8,1711581416,,True,30,2024-03-28_00-16-56,24.874833822250366,543.8916811943054,42167,Nicolass-Air.technicolor.net,127.0.0.1,543.8916811943054,30,"82_trial_index=0,alpha=1.0670,autotune=False,buffer_size=10000,capture_video=False,cuda=True,env_id=CartPole-v1,eta=None,exp_name=QREPS,gamma=0.9900,kl_loss=True,num_envs=4,num_rollouts=5,num_updates=30,policy_lr_end=0.0010,policy_lr_start=0.0053,q_lr_end=0.0010,q_lr_start=0.0223,saddle_point_optimization=True,seed=1,target_entropy_scale=0.1000,torch_deterministic=True,total_timesteps=200,track=False,update_epochs=300,update_policy_epochs=450,use_linear_schedule=True,wandb_entity=TFG,wandb_project_name=QREPS_CartPole-v1",QREPS,1,True,True,False,QREPS_CartPole-v1,TFG,False,CartPole-v1,200,30,10000,300,450,5,4,0.99,0.005258739699260329,0.001,0.02227421702860904,0.001,1.0669537209289544,,False,0.1,True,True,True,0
542003d0,27.6,1711581314,,True,30,2024-03-28_00-15-14,19.575072050094604,407.5433337688446,42119,Nicolass-Air.technicolor.net,127.0.0.1,407.5433337688446,30,"83_trial_index=1,alpha=1.0670,autotune=False,buffer_size=10000,capture_video=False,cuda=True,env_id=CartPole-v1,eta=None,exp_name=QREPS,gamma=0.9900,kl_loss=True,num_envs=4,num_rollouts=5,num_updates=30,policy_lr_end=0.0010,policy_lr_start=0.0053,q_lr_end=0.0010,q_lr_start=0.0223,saddle_point_optimization=True,seed=1,target_entropy_scale=0.1000,torch_deterministic=True,total_timesteps=200,track=False,update_epochs=300,update_policy_epochs=450,use_linear_schedule=True,wandb_entity=TFG,wandb_project_name=QREPS_CartPole-v1",QREPS,1,True,True,False,QREPS_CartPole-v1,TFG,False,CartPole-v1,200,30,10000,300,450,5,4,0.99,0.005258739699260329,0.001,0.02227421702860904,0.001,1.0669537209289544,,False,0.1,True,True,True,1
7a39e3ce,48.6,1711581554,,True,30,2024-03-28_00-19-14,33.187289237976074,611.9608309268951,42155,Nicolass-Air.technicolor.net,127.0.0.1,611.9608309268951,30,"84_trial_index=2,alpha=1.0670,autotune=False,buffer_size=10000,capture_video=False,cuda=True,env_id=CartPole-v1,eta=None,exp_name=QREPS,gamma=0.9900,kl_loss=True,num_envs=4,num_rollouts=5,num_updates=30,policy_lr_end=0.0010,policy_lr_start=0.0053,q_lr_end=0.0010,q_lr_start=0.0223,saddle_point_optimization=True,seed=1,target_entropy_scale=0.1000,torch_deterministic=True,total_timesteps=200,track=False,update_epochs=300,update_policy_epochs=450,use_linear_schedule=True,wandb_entity=TFG,wandb_project_name=QREPS_CartPole-v1",QREPS,1,True,True,False,QREPS_CartPole-v1,TFG,False,CartPole-v1,200,30,10000,300,450,5,4,0.99,0.005258739699260329,0.001,0.02227421702860904,0.001,1.0669537209289544,,False,0.1,True,True,True,2
2888fd24,43.4,1711581993,,True,30,2024-03-28_00-26-33,41.40320897102356,988.8910479545593,42109,Nicolass-Air.technicolor.net,127.0.0.1,988.8910479545593,30,"85_trial_index=0,alpha=0.6056,autotune=False,buffer_size=10000,capture_video=False,cuda=True,env_id=CartPole-v1,eta=None,exp_name=QREPS,gamma=0.9900,kl_loss=True,num_envs=8,num_rollouts=5,num_updates=30,policy_lr_end=0.0010,policy_lr_start=0.0046,q_lr_end=0.0010,q_lr_start=0.0216,saddle_point_optimization=True,seed=1,target_entropy_scale=0.1000,torch_deterministic=True,total_timesteps=200,track=False,update_epochs=300,update_policy_epochs=450,use_linear_schedule=True,wandb_entity=TFG,wandb_project_name=QREPS_CartPole-v1",QREPS,1,True,True,False,QREPS_CartPole-v1,TFG,False,CartPole-v1,200,30,10000,300,450,5,8,0.99,0.0046443838674572685,0.001,0.021637991261261997,0.001,0.6055939293973289,,False,0.1,True,True,True,0
ce002a35,33.2,1711581941,,True,30,2024-03-28_00-25-41,33.53170371055603,739.0023641586304,42144,Nicolass-Air.technicolor.net,127.0.0.1,739.0023641586304,30,"86_trial_index=1,alpha=0.6056,autotune=False,buffer_size=10000,capture_video=False,cuda=True,env_id=CartPole-v1,eta=None,exp_name=QREPS,gamma=0.9900,kl_loss=True,num_envs=8,num_rollouts=5,num_updates=30,policy_lr_end=0.0010,policy_lr_start=0.0046,q_lr_end=0.0010,q_lr_start=0.0216,saddle_point_optimization=True,seed=1,target_entropy_scale=0.1000,torch_deterministic=True,total_timesteps=200,track=False,update_epochs=300,update_policy_epochs=450,use_linear_schedule=True,wandb_entity=TFG,wandb_project_name=QREPS_CartPole-v1",QREPS,1,True,True,False,QREPS_CartPole-v1,TFG,False,CartPole-v1,200,30,10000,300,450,5,8,0.99,0.0046443838674572685,0.001,0.021637991261261997,0.001,0.6055939293973289,,False,0.1,True,True,True,1
d507c220,39.2,1711582246,,True,30,2024-03-28_00-30-46,49.030522108078,931.460396528244,42194,Nicolass-Air.technicolor.net,127.0.0.1,931.460396528244,30,"87_trial_index=2,alpha=0.6056,autotune=False,buffer_size=10000,capture_video=False,cuda=True,env_id=CartPole-v1,eta=None,exp_name=QREPS,gamma=0.9900,kl_loss=True,num_envs=8,num_rollouts=5,num_updates=30,policy_lr_end=0.0010,policy_lr_start=0.0046,q_lr_end=0.0010,q_lr_start=0.0216,saddle_point_optimization=True,seed=1,target_entropy_scale=0.1000,torch_deterministic=True,total_timesteps=200,track=False,update_epochs=300,update_policy_epochs=450,use_linear_schedule=True,wandb_entity=TFG,wandb_project_name=QREPS_CartPole-v1",QREPS,1,True,True,False,QREPS_CartPole-v1,TFG,False,CartPole-v1,200,30,10000,300,450,5,8,0.99,0.0046443838674572685,0.001,0.021637991261261997,0.001,0.6055939293973289,,False,0.1,True,True,True,2
16569601,44.0,1711581718,,True,30,2024-03-28_00-21-58,19.510942935943604,403.27578473091125,42119,Nicolass-Air.technicolor.net,127.0.0.1,403.27578473091125,30,"88_trial_index=0,alpha=0.6341,autotune=False,buffer_size=10000,capture_video=False,cuda=True,env_id=CartPole-v1,eta=None,exp_name=QREPS,gamma=1.0000,kl_loss=True,num_envs=4,num_rollouts=5,num_updates=30,policy_lr_end=0.0010,policy_lr_start=0.0056,q_lr_end=0.0010,q_lr_start=0.0289,saddle_point_optimization=True,seed=1,target_entropy_scale=0.1000,torch_deterministic=True,total_timesteps=200,track=False,update_epochs=100,update_policy_epochs=450,use_linear_schedule=True,wandb_entity=TFG,wandb_project_name=QREPS_CartPole-v1",QREPS,1,True,True,False,QREPS_CartPole-v1,TFG,False,CartPole-v1,200,30,10000,100,450,5,4,1.0,0.005616042740728597,0.001,0.02892015784297334,0.001,0.6341395126140873,,False,0.1,True,True,True,0
62896af1,33.8,1711581677,,True,30,2024-03-28_00-21-17,11.860816955566406,260.06195735931396,42167,Nicolass-Air.technicolor.net,127.0.0.1,260.06195735931396,30,"89_trial_index=1,alpha=0.6341,autotune=False,buffer_size=10000,capture_video=False,cuda=True,env_id=CartPole-v1,eta=None,exp_name=QREPS,gamma=1.0000,kl_loss=True,num_envs=4,num_rollouts=5,num_updates=30,policy_lr_end=0.0010,policy_lr_start=0.0056,q_lr_end=0.0010,q_lr_start=0.0289,saddle_point_optimization=True,seed=1,target_entropy_scale=0.1000,torch_deterministic=True,total_timesteps=200,track=False,update_epochs=100,update_policy_epochs=450,use_linear_schedule=True,wandb_entity=TFG,wandb_project_name=QREPS_CartPole-v1",QREPS,1,True,True,False,QREPS_CartPole-v1,TFG,False,CartPole-v1,200,30,10000,100,450,5,4,1.0,0.005616042740728597,0.001,0.02892015784297334,0.001,0.6341395126140873,,False,0.1,True,True,True,1
2b4d77de,34.4,1711581698,,True,30,2024-03-28_00-21-38,12.177013158798218,255.21989679336548,42136,Nicolass-Air.technicolor.net,127.0.0.1,255.21989679336548,30,"90_trial_index=2,alpha=0.6341,autotune=False,buffer_size=10000,capture_video=False,cuda=True,env_id=CartPole-v1,eta=None,exp_name=QREPS,gamma=1.0000,kl_loss=True,num_envs=4,num_rollouts=5,num_updates=30,policy_lr_end=0.0010,policy_lr_start=0.0056,q_lr_end=0.0010,q_lr_start=0.0289,saddle_point_optimization=True,seed=1,target_entropy_scale=0.1000,torch_deterministic=True,total_timesteps=200,track=False,update_epochs=100,update_policy_epochs=450,use_linear_schedule=True,wandb_entity=TFG,wandb_project_name=QREPS_CartPole-v1",QREPS,1,True,True,False,QREPS_CartPole-v1,TFG,False,CartPole-v1,200,30,10000,100,450,5,4,1.0,0.005616042740728597,0.001,0.02892015784297334,0.001,0.6341395126140873,,False,0.1,True,True,True,2
5a044833,44.4,1711582371,,True,30,2024-03-28_00-32-51,47.3020339012146,815.7602450847626,42155,Nicolass-Air.technicolor.net,127.0.0.1,815.7602450847626,30,"91_trial_index=0,alpha=1.3433,autotune=False,buffer_size=10000,capture_video=False,cuda=True,env_id=CartPole-v1,eta=None,exp_name=QREPS,gamma=1.0000,kl_loss=True,num_envs=8,num_rollouts=5,num_updates=30,policy_lr_end=0.0010,policy_lr_start=0.0058,q_lr_end=0.0010,q_lr_start=0.0427,saddle_point_optimization=True,seed=1,target_entropy_scale=0.1000,torch_deterministic=True,total_timesteps=200,track=False,update_epochs=300,update_policy_epochs=450,use_linear_schedule=True,wandb_entity=TFG,wandb_project_name=QREPS_CartPole-v1",QREPS,1,True,True,False,QREPS_CartPole-v1,TFG,False,CartPole-v1,200,30,10000,300,450,5,8,1.0,0.005761112716023814,0.001,0.042739801355523126,0.001,1.3432852336128602,,False,0.1,True,True,True,0
cf1e8a6b,41.6,1711582694,,True,30,2024-03-28_00-38-14,60.600407123565674,1034.9887852668762,42177,Nicolass-Air.technicolor.net,127.0.0.1,1034.9887852668762,30,"92_trial_index=1,alpha=1.3433,autotune=False,buffer_size=10000,capture_video=False,cuda=True,env_id=CartPole-v1,eta=None,exp_name=QREPS,gamma=1.0000,kl_loss=True,num_envs=8,num_rollouts=5,num_updates=30,policy_lr_end=0.0010,policy_lr_start=0.0058,q_lr_end=0.0010,q_lr_start=0.0427,saddle_point_optimization=True,seed=1,target_entropy_scale=0.1000,torch_deterministic=True,total_timesteps=200,track=False,update_epochs=300,update_policy_epochs=450,use_linear_schedule=True,wandb_entity=TFG,wandb_project_name=QREPS_CartPole-v1",QREPS,1,True,True,False,QREPS_CartPole-v1,TFG,False,CartPole-v1,200,30,10000,300,450,5,8,1.0,0.005761112716023814,0.001,0.042739801355523126,0.001,1.3432852336128602,,False,0.1,True,True,True,1
6a42410b,28.2,1711582692,,True,30,2024-03-28_00-38-12,48.98624801635742,1014.0878915786743,42167,Nicolass-Air.technicolor.net,127.0.0.1,1014.0878915786743,30,"93_trial_index=2,alpha=1.3433,autotune=False,buffer_size=10000,capture_video=False,cuda=True,env_id=CartPole-v1,eta=None,exp_name=QREPS,gamma=1.0000,kl_loss=True,num_envs=8,num_rollouts=5,num_updates=30,policy_lr_end=0.0010,policy_lr_start=0.0058,q_lr_end=0.0010,q_lr_start=0.0427,saddle_point_optimization=True,seed=1,target_entropy_scale=0.1000,torch_deterministic=True,total_timesteps=200,track=False,update_epochs=300,update_policy_epochs=450,use_linear_schedule=True,wandb_entity=TFG,wandb_project_name=QREPS_CartPole-v1",QREPS,1,True,True,False,QREPS_CartPole-v1,TFG,False,CartPole-v1,200,30,10000,300,450,5,8,1.0,0.005761112716023814,0.001,0.042739801355523126,0.001,1.3432852336128602,,False,0.1,True,True,True,2
8cacb9e3,32.0,1711582616,,True,30,2024-03-28_00-36-56,40.4770622253418,916.920978307724,42136,Nicolass-Air.technicolor.net,127.0.0.1,916.920978307724,30,"94_trial_index=0,alpha=1.0706,autotune=False,buffer_size=10000,capture_video=False,cuda=True,env_id=CartPole-v1,eta=None,exp_name=QREPS,gamma=1.0000,kl_loss=True,num_envs=8,num_rollouts=5,num_updates=30,policy_lr_end=0.0010,policy_lr_start=0.0061,q_lr_end=0.0010,q_lr_start=0.0468,saddle_point_optimization=True,seed=1,target_entropy_scale=0.1000,torch_deterministic=True,total_timesteps=200,track=False,update_epochs=300,update_policy_epochs=450,use_linear_schedule=True,wandb_entity=TFG,wandb_project_name=QREPS_CartPole-v1",QREPS,1,True,True,False,QREPS_CartPole-v1,TFG,False,CartPole-v1,200,30,10000,300,450,5,8,1.0,0.006081498999494546,0.001,0.04675611208529165,0.001,1.0706073487412495,,False,0.1,True,True,True,0
368d239b,44.2,1711582754,,True,30,2024-03-28_00-39-14,40.5573787689209,1034.0299558639526,42119,Nicolass-Air.technicolor.net,127.0.0.1,1034.0299558639526,30,"95_trial_index=1,alpha=1.0706,autotune=False,buffer_size=10000,capture_video=False,cuda=True,env_id=CartPole-v1,eta=None,exp_name=QREPS,gamma=1.0000,kl_loss=True,num_envs=8,num_rollouts=5,num_updates=30,policy_lr_end=0.0010,policy_lr_start=0.0061,q_lr_end=0.0010,q_lr_start=0.0468,saddle_point_optimization=True,seed=1,target_entropy_scale=0.1000,torch_deterministic=True,total_timesteps=200,track=False,update_epochs=300,update_policy_epochs=450,use_linear_schedule=True,wandb_entity=TFG,wandb_project_name=QREPS_CartPole-v1",QREPS,1,True,True,False,QREPS_CartPole-v1,TFG,False,CartPole-v1,200,30,10000,300,450,5,8,1.0,0.006081498999494546,0.001,0.04675611208529165,0.001,1.0706073487412495,,False,0.1,True,True,True,1
17e98e45,48.0,1711582983,,True,30,2024-03-28_00-43-03,31.1234769821167,1040.6764731407166,42144,Nicolass-Air.technicolor.net,127.0.0.1,1040.6764731407166,30,"96_trial_index=2,alpha=1.0706,autotune=False,buffer_size=10000,capture_video=False,cuda=True,env_id=CartPole-v1,eta=None,exp_name=QREPS,gamma=1.0000,kl_loss=True,num_envs=8,num_rollouts=5,num_updates=30,policy_lr_end=0.0010,policy_lr_start=0.0061,q_lr_end=0.0010,q_lr_start=0.0468,saddle_point_optimization=True,seed=1,target_entropy_scale=0.1000,torch_deterministic=True,total_timesteps=200,track=False,update_epochs=300,update_policy_epochs=450,use_linear_schedule=True,wandb_entity=TFG,wandb_project_name=QREPS_CartPole-v1",QREPS,1,True,True,False,QREPS_CartPole-v1,TFG,False,CartPole-v1,200,30,10000,300,450,5,8,1.0,0.006081498999494546,0.001,0.04675611208529165,0.001,1.0706073487412495,,False,0.1,True,True,True,2
8e3dcf5b,41.4,1711583040,,True,30,2024-03-28_00-44-00,29.869951009750366,1045.927693605423,42109,Nicolass-Air.technicolor.net,127.0.0.1,1045.927693605423,30,"97_trial_index=0,alpha=1.4524,autotune=False,buffer_size=10000,capture_video=False,cuda=True,env_id=CartPole-v1,eta=None,exp_name=QREPS,gamma=1.0000,kl_loss=True,num_envs=8,num_rollouts=5,num_updates=30,policy_lr_end=0.0010,policy_lr_start=0.0069,q_lr_end=0.0010,q_lr_start=0.0398,saddle_point_optimization=True,seed=1,target_entropy_scale=0.1000,torch_deterministic=True,total_timesteps=200,track=False,update_epochs=300,update_policy_epochs=450,use_linear_schedule=True,wandb_entity=TFG,wandb_project_name=QREPS_CartPole-v1",QREPS,1,True,True,False,QREPS_CartPole-v1,TFG,False,CartPole-v1,200,30,10000,300,450,5,8,1.0,0.0069040959193970505,0.001,0.039792309922634314,0.001,1.4524004614613912,,False,0.1,True,True,True,0
310f0b18,32.8,1711583043,,True,30,2024-03-28_00-44-03,19.712422847747803,795.9081070423126,42194,Nicolass-Air.technicolor.net,127.0.0.1,795.9081070423126,30,"98_trial_index=1,alpha=1.4524,autotune=False,buffer_size=10000,capture_video=False,cuda=True,env_id=CartPole-v1,eta=None,exp_name=QREPS,gamma=1.0000,kl_loss=True,num_envs=8,num_rollouts=5,num_updates=30,policy_lr_end=0.0010,policy_lr_start=0.0069,q_lr_end=0.0010,q_lr_start=0.0398,saddle_point_optimization=True,seed=1,target_entropy_scale=0.1000,torch_deterministic=True,total_timesteps=200,track=False,update_epochs=300,update_policy_epochs=450,use_linear_schedule=True,wandb_entity=TFG,wandb_project_name=QREPS_CartPole-v1",QREPS,1,True,True,False,QREPS_CartPole-v1,TFG,False,CartPole-v1,200,30,10000,300,450,5,8,1.0,0.0069040959193970505,0.001,0.039792309922634314,0.001,1.4524004614613912,,False,0.1,True,True,True,1
8191e87c,30.4,1711583095,,True,30,2024-03-28_00-44-55,12.838237047195435,723.2002346515656,42155,Nicolass-Air.technicolor.net,127.0.0.1,723.2002346515656,30,"99_trial_index=2,alpha=1.4524,autotune=False,buffer_size=10000,capture_video=False,cuda=True,env_id=CartPole-v1,eta=None,exp_name=QREPS,gamma=1.0000,kl_loss=True,num_envs=8,num_rollouts=5,num_updates=30,policy_lr_end=0.0010,policy_lr_start=0.0069,q_lr_end=0.0010,q_lr_start=0.0398,saddle_point_optimization=True,seed=1,target_entropy_scale=0.1000,torch_deterministic=True,total_timesteps=200,track=False,update_epochs=300,update_policy_epochs=450,use_linear_schedule=True,wandb_entity=TFG,wandb_project_name=QREPS_CartPole-v1",QREPS,1,True,True,False,QREPS_CartPole-v1,TFG,False,CartPole-v1,200,30,10000,300,450,5,8,1.0,0.0069040959193970505,0.001,0.039792309922634314,0.001,1.4524004614613912,,False,0.1,True,True,True,2
1fb48e0e,47.0,1711582903,,True,30,2024-03-28_00-41-43,13.027983903884888,286.00841426849365,42136,Nicolass-Air.technicolor.net,127.0.0.1,286.00841426849365,30,"100_trial_index=0,alpha=1.3795,autotune=False,buffer_size=10000,capture_video=False,cuda=True,env_id=CartPole-v1,eta=None,exp_name=QREPS,gamma=1.0000,kl_loss=True,num_envs=4,num_rollouts=5,num_updates=30,policy_lr_end=0.0010,policy_lr_start=0.0064,q_lr_end=0.0010,q_lr_start=0.0356,saddle_point_optimization=True,seed=1,target_entropy_scale=0.1000,torch_deterministic=True,total_timesteps=200,track=False,update_epochs=100,update_policy_epochs=500,use_linear_schedule=True,wandb_entity=TFG,wandb_project_name=QREPS_CartPole-v1",QREPS,1,True,True,False,QREPS_CartPole-v1,TFG,False,CartPole-v1,200,30,10000,100,500,5,4,1.0,0.006445040167234054,0.001,0.03561743047564315,0.001,1.379491206830377,,False,0.1,True,True,True,0
