trial_id,reward,timestamp,checkpoint_dir_name,done,training_iteration,date,time_this_iter_s,time_total_s,pid,hostname,node_ip,time_since_restore,iterations_since_restore,experiment_tag,config/exp_name,config/seed,config/torch_deterministic,config/cuda,config/track,config/wandb_project_name,config/wandb_entity,config/capture_video,config/env_id,config/total_timesteps,config/num_updates,config/buffer_size,config/update_epochs,config/update_policy_epochs,config/num_rollouts,config/num_envs,config/gamma,config/policy_lr_start,config/policy_lr_end,config/q_lr_start,config/q_lr_end,config/alpha,config/eta,config/autotune,config/target_entropy_scale,config/use_linear_schedule,config/saddle_point_optimization,config/use_kl_loss,config/__trial_index__
d97bc897,9.0,1711738492,,True,30,2024-03-29_19-54-52,2.4312219619750977,58.71653723716736,20543,Nicolass-Air.technicolor.net,127.0.0.1,58.71653723716736,30,"1_trial_index=0,alpha=3.0000,autotune=True,buffer_size=10000,capture_video=False,cuda=True,env_id=CartPole-v1,eta=None,exp_name=QREPS,gamma=1.0000,num_envs=4,num_rollouts=5,num_updates=30,policy_lr_end=0.0010,policy_lr_start=0.0200,q_lr_end=0.0010,q_lr_start=0.0200,saddle_point_optimization=True,seed=1,target_entropy_scale=0.1000,torch_deterministic=True,total_timesteps=500,track=False,update_epochs=50,update_policy_epochs=300,use_kl_loss=False,use_linear_schedule=False,wandb_entity=TFG,wandb_project_name=QREPS_CartPole-v1",QREPS,1,True,True,False,QREPS_CartPole-v1,TFG,False,CartPole-v1,500,30,10000,50,300,5,4,1.0,0.02,0.001,0.02,0.001,3.0,,True,0.1,False,True,False,0
69451c06,0.0,1711738482,,True,15,2024-03-29_19-54-42,0.8095228672027588,40.26738238334656,20551,Nicolass-Air.technicolor.net,127.0.0.1,40.26738238334656,15,"2_trial_index=0,alpha=3.0000,autotune=True,buffer_size=10000,capture_video=False,cuda=True,env_id=CartPole-v1,eta=None,exp_name=QREPS,gamma=0.9900,num_envs=2,num_rollouts=5,num_updates=30,policy_lr_end=0.0010,policy_lr_start=0.1000,q_lr_end=0.0010,q_lr_start=0.1000,saddle_point_optimization=True,seed=1,target_entropy_scale=0.1000,torch_deterministic=True,total_timesteps=500,track=False,update_epochs=100,update_policy_epochs=450,use_kl_loss=False,use_linear_schedule=False,wandb_entity=TFG,wandb_project_name=QREPS_CartPole-v1",QREPS,1,True,True,False,QREPS_CartPole-v1,TFG,False,CartPole-v1,500,30,10000,100,450,5,2,0.99,0.1,0.001,0.1,0.001,3.0,,True,0.1,False,True,False,0
d6acae7d,56.6,1711738591,,True,30,2024-03-29_19-56-31,4.895914077758789,140.66405487060547,20563,Nicolass-Air.technicolor.net,127.0.0.1,140.66405487060547,30,"3_trial_index=0,alpha=3.0000,autotune=True,buffer_size=10000,capture_video=False,cuda=True,env_id=CartPole-v1,eta=None,exp_name=QREPS,gamma=1.0000,num_envs=2,num_rollouts=5,num_updates=30,policy_lr_end=0.0010,policy_lr_start=0.0200,q_lr_end=0.0010,q_lr_start=0.0200,saddle_point_optimization=True,seed=1,target_entropy_scale=0.1000,torch_deterministic=True,total_timesteps=500,track=False,update_epochs=100,update_policy_epochs=300,use_kl_loss=False,use_linear_schedule=False,wandb_entity=TFG,wandb_project_name=QREPS_CartPole-v1",QREPS,1,True,True,False,QREPS_CartPole-v1,TFG,False,CartPole-v1,500,30,10000,100,300,5,2,1.0,0.02,0.001,0.02,0.001,3.0,,True,0.1,False,True,False,0
4acd9506,10.0,1711738554,,True,30,2024-03-29_19-55-54,3.0191969871520996,93.33057761192322,20570,Nicolass-Air.technicolor.net,127.0.0.1,93.33057761192322,30,"4_trial_index=0,alpha=3.0000,autotune=True,buffer_size=10000,capture_video=False,cuda=True,env_id=CartPole-v1,eta=None,exp_name=QREPS,gamma=0.9900,num_envs=1,num_rollouts=5,num_updates=30,policy_lr_end=0.0010,policy_lr_start=0.0040,q_lr_end=0.0010,q_lr_start=0.0040,saddle_point_optimization=True,seed=1,target_entropy_scale=0.1000,torch_deterministic=True,total_timesteps=500,track=False,update_epochs=50,update_policy_epochs=450,use_kl_loss=False,use_linear_schedule=False,wandb_entity=TFG,wandb_project_name=QREPS_CartPole-v1",QREPS,1,True,True,False,QREPS_CartPole-v1,TFG,False,CartPole-v1,500,30,10000,50,450,5,1,0.99,0.004,0.001,0.004,0.001,3.0,,True,0.1,False,True,False,0
c1a37b53,16.0,1711738569,,True,30,2024-03-29_19-56-09,2.506610870361328,97.5563337802887,20578,Nicolass-Air.technicolor.net,127.0.0.1,97.5563337802887,30,"5_trial_index=0,alpha=3.0000,autotune=True,buffer_size=10000,capture_video=False,cuda=True,env_id=CartPole-v1,eta=None,exp_name=QREPS,gamma=0.9900,num_envs=2,num_rollouts=5,num_updates=30,policy_lr_end=0.0010,policy_lr_start=0.0040,q_lr_end=0.0010,q_lr_start=0.0200,saddle_point_optimization=True,seed=1,target_entropy_scale=0.1000,torch_deterministic=True,total_timesteps=500,track=False,update_epochs=50,update_policy_epochs=300,use_kl_loss=False,use_linear_schedule=False,wandb_entity=TFG,wandb_project_name=QREPS_CartPole-v1",QREPS,1,True,True,False,QREPS_CartPole-v1,TFG,False,CartPole-v1,500,30,10000,50,300,5,2,0.99,0.004,0.001,0.02,0.001,3.0,,True,0.1,False,True,False,0
3bdf2883,52.6,1711738708,,True,30,2024-03-29_19-58-28,7.774838924407959,224.95595359802246,20551,Nicolass-Air.technicolor.net,127.0.0.1,224.95595359802246,30,"6_trial_index=0,alpha=3.0000,autotune=True,buffer_size=10000,capture_video=False,cuda=True,env_id=CartPole-v1,eta=None,exp_name=QREPS,gamma=1.0000,num_envs=4,num_rollouts=5,num_updates=30,policy_lr_end=0.0010,policy_lr_start=0.0200,q_lr_end=0.0010,q_lr_start=0.1000,saddle_point_optimization=True,seed=1,target_entropy_scale=0.1000,torch_deterministic=True,total_timesteps=500,track=False,update_epochs=100,update_policy_epochs=450,use_kl_loss=False,use_linear_schedule=False,wandb_entity=TFG,wandb_project_name=QREPS_CartPole-v1",QREPS,1,True,True,False,QREPS_CartPole-v1,TFG,False,CartPole-v1,500,30,10000,100,450,5,4,1.0,0.02,0.001,0.1,0.001,3.0,,True,0.1,False,True,False,0
250d067f,11.0,1711738563,,True,30,2024-03-29_19-56-03,1.8391003608703613,70.80719184875488,20543,Nicolass-Air.technicolor.net,127.0.0.1,70.80719184875488,30,"7_trial_index=0,alpha=3.0000,autotune=True,buffer_size=10000,capture_video=False,cuda=True,env_id=CartPole-v1,eta=None,exp_name=QREPS,gamma=0.9900,num_envs=1,num_rollouts=5,num_updates=30,policy_lr_end=0.0010,policy_lr_start=0.1000,q_lr_end=0.0010,q_lr_start=0.0200,saddle_point_optimization=True,seed=1,target_entropy_scale=0.1000,torch_deterministic=True,total_timesteps=500,track=False,update_epochs=100,update_policy_epochs=300,use_kl_loss=False,use_linear_schedule=False,wandb_entity=TFG,wandb_project_name=QREPS_CartPole-v1",QREPS,1,True,True,False,QREPS_CartPole-v1,TFG,False,CartPole-v1,500,30,10000,100,300,5,1,0.99,0.1,0.001,0.02,0.001,3.0,,True,0.1,False,True,False,0
983339e7,10.0,1711738594,,True,30,2024-03-29_19-56-34,1.4052741527557373,86.74301743507385,20621,Nicolass-Air.technicolor.net,127.0.0.1,86.74301743507385,30,"8_trial_index=0,alpha=3.0000,autotune=True,buffer_size=10000,capture_video=False,cuda=True,env_id=CartPole-v1,eta=None,exp_name=QREPS,gamma=1.0000,num_envs=2,num_rollouts=5,num_updates=30,policy_lr_end=0.0010,policy_lr_start=0.0200,q_lr_end=0.0010,q_lr_start=0.0040,saddle_point_optimization=True,seed=1,target_entropy_scale=0.1000,torch_deterministic=True,total_timesteps=500,track=False,update_epochs=50,update_policy_epochs=450,use_kl_loss=False,use_linear_schedule=False,wandb_entity=TFG,wandb_project_name=QREPS_CartPole-v1",QREPS,1,True,True,False,QREPS_CartPole-v1,TFG,False,CartPole-v1,500,30,10000,50,450,5,2,1.0,0.02,0.001,0.004,0.001,3.0,,True,0.1,False,True,False,0
4f4e8efb,8.0,1711738575,,True,30,2024-03-29_19-56-15,1.0465748310089111,52.13984036445618,20639,Nicolass-Air.technicolor.net,127.0.0.1,52.13984036445618,30,"9_trial_index=0,alpha=3.0000,autotune=True,buffer_size=10000,capture_video=False,cuda=True,env_id=CartPole-v1,eta=None,exp_name=QREPS,gamma=1.0000,num_envs=1,num_rollouts=5,num_updates=30,policy_lr_end=0.0010,policy_lr_start=0.1000,q_lr_end=0.0010,q_lr_start=0.0040,saddle_point_optimization=True,seed=1,target_entropy_scale=0.1000,torch_deterministic=True,total_timesteps=500,track=False,update_epochs=50,update_policy_epochs=300,use_kl_loss=False,use_linear_schedule=False,wandb_entity=TFG,wandb_project_name=QREPS_CartPole-v1",QREPS,1,True,True,False,QREPS_CartPole-v1,TFG,False,CartPole-v1,500,30,10000,50,300,5,1,1.0,0.1,0.001,0.004,0.001,3.0,,True,0.1,False,True,False,0
1dadb824,48.2,1711738655,,True,30,2024-03-29_19-57-35,5.12199592590332,111.80647921562195,20679,Nicolass-Air.technicolor.net,127.0.0.1,111.80647921562195,30,"10_trial_index=0,alpha=3.0000,autotune=True,buffer_size=10000,capture_video=False,cuda=True,env_id=CartPole-v1,eta=None,exp_name=QREPS,gamma=0.9900,num_envs=2,num_rollouts=5,num_updates=30,policy_lr_end=0.0010,policy_lr_start=0.0200,q_lr_end=0.0010,q_lr_start=0.0200,saddle_point_optimization=True,seed=1,target_entropy_scale=0.1000,torch_deterministic=True,total_timesteps=500,track=False,update_epochs=100,update_policy_epochs=450,use_kl_loss=False,use_linear_schedule=False,wandb_entity=TFG,wandb_project_name=QREPS_CartPole-v1",QREPS,1,True,True,False,QREPS_CartPole-v1,TFG,False,CartPole-v1,500,30,10000,100,450,5,2,0.99,0.02,0.001,0.02,0.001,3.0,,True,0.1,False,True,False,0
1ef340c6,0.0,1711738752,,True,21,2024-03-29_19-59-12,0.704998254776001,44.17869687080383,20570,Nicolass-Air.technicolor.net,127.0.0.1,44.17869687080383,21,"11_trial_index=0,alpha=3.0000,autotune=True,buffer_size=10000,capture_video=False,cuda=True,env_id=CartPole-v1,eta=None,exp_name=QREPS,gamma=1.0000,num_envs=2,num_rollouts=5,num_updates=30,policy_lr_end=0.0010,policy_lr_start=0.0040,q_lr_end=0.0010,q_lr_start=0.1000,saddle_point_optimization=True,seed=1,target_entropy_scale=0.1000,torch_deterministic=True,total_timesteps=500,track=False,update_epochs=100,update_policy_epochs=300,use_kl_loss=False,use_linear_schedule=False,wandb_entity=TFG,wandb_project_name=QREPS_CartPole-v1",QREPS,1,True,True,False,QREPS_CartPole-v1,TFG,False,CartPole-v1,500,30,10000,100,300,5,2,1.0,0.004,0.001,0.1,0.001,3.0,,True,0.1,False,True,False,0
25dfb8d8,10.0,1711738860,,True,30,2024-03-29_20-01-00,3.264618158340454,134.59337973594666,20865,Nicolass-Air.technicolor.net,127.0.0.1,134.59337973594666,30,"12_trial_index=0,alpha=3.0000,autotune=True,buffer_size=10000,capture_video=False,cuda=True,env_id=CartPole-v1,eta=None,exp_name=QREPS,gamma=0.9900,num_envs=4,num_rollouts=5,num_updates=30,policy_lr_end=0.0010,policy_lr_start=0.0200,q_lr_end=0.0010,q_lr_start=0.0200,saddle_point_optimization=True,seed=1,target_entropy_scale=0.1000,torch_deterministic=True,total_timesteps=500,track=False,update_epochs=50,update_policy_epochs=450,use_kl_loss=False,use_linear_schedule=False,wandb_entity=TFG,wandb_project_name=QREPS_CartPole-v1",QREPS,1,True,True,False,QREPS_CartPole-v1,TFG,False,CartPole-v1,500,30,10000,50,450,5,4,0.99,0.02,0.001,0.02,0.001,3.0,,True,0.1,False,True,False,0
6b72b0fa,11.4,1711738783,,True,30,2024-03-29_19-59-43,1.7847278118133545,48.286946296691895,20874,Nicolass-Air.technicolor.net,127.0.0.1,48.286946296691895,30,"13_trial_index=0,alpha=3.0000,autotune=True,buffer_size=10000,capture_video=False,cuda=True,env_id=CartPole-v1,eta=None,exp_name=QREPS,gamma=0.9900,num_envs=2,num_rollouts=5,num_updates=30,policy_lr_end=0.0010,policy_lr_start=0.0200,q_lr_end=0.0010,q_lr_start=0.0040,saddle_point_optimization=True,seed=1,target_entropy_scale=0.1000,torch_deterministic=True,total_timesteps=500,track=False,update_epochs=50,update_policy_epochs=300,use_kl_loss=False,use_linear_schedule=False,wandb_entity=TFG,wandb_project_name=QREPS_CartPole-v1",QREPS,1,True,True,False,QREPS_CartPole-v1,TFG,False,CartPole-v1,500,30,10000,50,300,5,2,0.99,0.02,0.001,0.004,0.001,3.0,,True,0.1,False,True,False,0
ff4b0be1,10.0,1711738817,,True,30,2024-03-29_20-00-17,2.554236888885498,74.38449430465698,20883,Nicolass-Air.technicolor.net,127.0.0.1,74.38449430465698,30,"14_trial_index=0,alpha=3.0000,autotune=True,buffer_size=10000,capture_video=False,cuda=True,env_id=CartPole-v1,eta=None,exp_name=QREPS,gamma=1.0000,num_envs=1,num_rollouts=5,num_updates=30,policy_lr_end=0.0010,policy_lr_start=0.0040,q_lr_end=0.0010,q_lr_start=0.0200,saddle_point_optimization=True,seed=1,target_entropy_scale=0.1000,torch_deterministic=True,total_timesteps=500,track=False,update_epochs=100,update_policy_epochs=450,use_kl_loss=False,use_linear_schedule=False,wandb_entity=TFG,wandb_project_name=QREPS_CartPole-v1",QREPS,1,True,True,False,QREPS_CartPole-v1,TFG,False,CartPole-v1,500,30,10000,100,450,5,1,1.0,0.004,0.001,0.02,0.001,3.0,,True,0.1,False,True,False,0
62160d2b,28.6,1711738949,,True,30,2024-03-29_20-02-29,3.8744587898254395,193.87847185134888,20889,Nicolass-Air.technicolor.net,127.0.0.1,193.87847185134888,30,"15_trial_index=0,alpha=3.0000,autotune=True,buffer_size=10000,capture_video=False,cuda=True,env_id=CartPole-v1,eta=None,exp_name=QREPS,gamma=0.9900,num_envs=4,num_rollouts=5,num_updates=30,policy_lr_end=0.0010,policy_lr_start=0.0200,q_lr_end=0.0010,q_lr_start=0.1000,saddle_point_optimization=True,seed=1,target_entropy_scale=0.1000,torch_deterministic=True,total_timesteps=500,track=False,update_epochs=100,update_policy_epochs=300,use_kl_loss=False,use_linear_schedule=False,wandb_entity=TFG,wandb_project_name=QREPS_CartPole-v1",QREPS,1,True,True,False,QREPS_CartPole-v1,TFG,False,CartPole-v1,500,30,10000,100,300,5,4,0.99,0.02,0.001,0.1,0.001,3.0,,True,0.1,False,True,False,0
13be0767,10.0,1711738940,,True,30,2024-03-29_20-02-20,1.279465913772583,179.66498613357544,20570,Nicolass-Air.technicolor.net,127.0.0.1,179.66498613357544,30,"16_trial_index=0,alpha=3.0000,autotune=True,buffer_size=10000,capture_video=False,cuda=True,env_id=CartPole-v1,eta=None,exp_name=QREPS,gamma=1.0000,num_envs=2,num_rollouts=5,num_updates=30,policy_lr_end=0.0010,policy_lr_start=0.1000,q_lr_end=0.0010,q_lr_start=0.0200,saddle_point_optimization=True,seed=1,target_entropy_scale=0.1000,torch_deterministic=True,total_timesteps=500,track=False,update_epochs=50,update_policy_epochs=450,use_kl_loss=False,use_linear_schedule=False,wandb_entity=TFG,wandb_project_name=QREPS_CartPole-v1",QREPS,1,True,True,False,QREPS_CartPole-v1,TFG,False,CartPole-v1,500,30,10000,50,450,5,2,1.0,0.1,0.001,0.02,0.001,3.0,,True,0.1,False,True,False,0
d16be0c7,11.0,1711738838,,True,30,2024-03-29_20-00-38,1.676354169845581,62.7487268447876,20924,Nicolass-Air.technicolor.net,127.0.0.1,62.7487268447876,30,"17_trial_index=0,alpha=3.0000,autotune=True,buffer_size=10000,capture_video=False,cuda=True,env_id=CartPole-v1,eta=None,exp_name=QREPS,gamma=0.9900,num_envs=1,num_rollouts=5,num_updates=30,policy_lr_end=0.0010,policy_lr_start=0.0200,q_lr_end=0.0010,q_lr_start=0.0200,saddle_point_optimization=True,seed=1,target_entropy_scale=0.1000,torch_deterministic=True,total_timesteps=500,track=False,update_epochs=100,update_policy_epochs=300,use_kl_loss=False,use_linear_schedule=False,wandb_entity=TFG,wandb_project_name=QREPS_CartPole-v1",QREPS,1,True,True,False,QREPS_CartPole-v1,TFG,False,CartPole-v1,500,30,10000,100,300,5,1,0.99,0.02,0.001,0.02,0.001,3.0,,True,0.1,False,True,False,0
3578d677,20.0,1711738889,,True,30,2024-03-29_20-01-29,2.245905876159668,105.6073751449585,20874,Nicolass-Air.technicolor.net,127.0.0.1,105.6073751449585,30,"18_trial_index=0,alpha=3.0000,autotune=True,buffer_size=10000,capture_video=False,cuda=True,env_id=CartPole-v1,eta=None,exp_name=QREPS,gamma=0.9900,num_envs=1,num_rollouts=5,num_updates=30,policy_lr_end=0.0010,policy_lr_start=0.0200,q_lr_end=0.0010,q_lr_start=0.0200,saddle_point_optimization=True,seed=1,target_entropy_scale=0.1000,torch_deterministic=True,total_timesteps=500,track=False,update_epochs=100,update_policy_epochs=450,use_kl_loss=False,use_linear_schedule=False,wandb_entity=TFG,wandb_project_name=QREPS_CartPole-v1",QREPS,1,True,True,False,QREPS_CartPole-v1,TFG,False,CartPole-v1,500,30,10000,100,450,5,1,0.99,0.02,0.001,0.02,0.001,3.0,,True,0.1,False,True,False,0
fdd8ccc5,10.0,1711738882,,True,30,2024-03-29_20-01-22,2.081252098083496,86.18426251411438,20942,Nicolass-Air.technicolor.net,127.0.0.1,86.18426251411438,30,"19_trial_index=0,alpha=3.0000,autotune=True,buffer_size=10000,capture_video=False,cuda=True,env_id=CartPole-v1,eta=None,exp_name=QREPS,gamma=1.0000,num_envs=2,num_rollouts=5,num_updates=30,policy_lr_end=0.0010,policy_lr_start=0.0200,q_lr_end=0.0010,q_lr_start=0.0200,saddle_point_optimization=True,seed=1,target_entropy_scale=0.1000,torch_deterministic=True,total_timesteps=500,track=False,update_epochs=100,update_policy_epochs=450,use_kl_loss=False,use_linear_schedule=False,wandb_entity=TFG,wandb_project_name=QREPS_CartPole-v1",QREPS,1,True,True,False,QREPS_CartPole-v1,TFG,False,CartPole-v1,500,30,10000,100,450,5,2,1.0,0.02,0.001,0.02,0.001,3.0,,True,0.1,False,True,False,0
0cdd6629,31.4,1711738899,,True,30,2024-03-29_20-01-39,2.275428295135498,88.40944719314575,20954,Nicolass-Air.technicolor.net,127.0.0.1,88.40944719314575,30,"20_trial_index=0,alpha=3.0000,autotune=True,buffer_size=10000,capture_video=False,cuda=True,env_id=CartPole-v1,eta=None,exp_name=QREPS,gamma=1.0000,num_envs=1,num_rollouts=5,num_updates=30,policy_lr_end=0.0010,policy_lr_start=0.0200,q_lr_end=0.0010,q_lr_start=0.0040,saddle_point_optimization=True,seed=1,target_entropy_scale=0.1000,torch_deterministic=True,total_timesteps=500,track=False,update_epochs=100,update_policy_epochs=450,use_kl_loss=False,use_linear_schedule=False,wandb_entity=TFG,wandb_project_name=QREPS_CartPole-v1",QREPS,1,True,True,False,QREPS_CartPole-v1,TFG,False,CartPole-v1,500,30,10000,100,450,5,1,1.0,0.02,0.001,0.004,0.001,3.0,,True,0.1,False,True,False,0
4a5d212e,0.0,1711738964,,True,12,2024-03-29_20-02-44,0.3293731212615967,14.460943937301636,20883,Nicolass-Air.technicolor.net,127.0.0.1,14.460943937301636,12,"21_trial_index=0,alpha=3.0000,autotune=True,buffer_size=10000,capture_video=False,cuda=True,env_id=CartPole-v1,eta=None,exp_name=QREPS,gamma=1.0000,num_envs=1,num_rollouts=5,num_updates=30,policy_lr_end=0.0010,policy_lr_start=0.0200,q_lr_end=0.0010,q_lr_start=0.1000,saddle_point_optimization=True,seed=1,target_entropy_scale=0.1000,torch_deterministic=True,total_timesteps=500,track=False,update_epochs=100,update_policy_epochs=300,use_kl_loss=False,use_linear_schedule=False,wandb_entity=TFG,wandb_project_name=QREPS_CartPole-v1",QREPS,1,True,True,False,QREPS_CartPole-v1,TFG,False,CartPole-v1,500,30,10000,100,300,5,1,1.0,0.02,0.001,0.1,0.001,3.0,,True,0.1,False,True,False,0
7cf98fbe,8.0,1711739037,,True,30,2024-03-29_20-03-57,3.308272123336792,69.48974061012268,21086,Nicolass-Air.technicolor.net,127.0.0.1,69.48974061012268,30,"22_trial_index=0,alpha=3.0000,autotune=True,buffer_size=10000,capture_video=False,cuda=True,env_id=CartPole-v1,eta=None,exp_name=QREPS,gamma=0.9900,num_envs=4,num_rollouts=5,num_updates=30,policy_lr_end=0.0010,policy_lr_start=0.1000,q_lr_end=0.0010,q_lr_start=0.0200,saddle_point_optimization=True,seed=1,target_entropy_scale=0.1000,torch_deterministic=True,total_timesteps=500,track=False,update_epochs=100,update_policy_epochs=300,use_kl_loss=False,use_linear_schedule=False,wandb_entity=TFG,wandb_project_name=QREPS_CartPole-v1",QREPS,1,True,True,False,QREPS_CartPole-v1,TFG,False,CartPole-v1,500,30,10000,100,300,5,4,0.99,0.1,0.001,0.02,0.001,3.0,,True,0.1,False,True,False,0
389fa7d6,31.4,1711739083,,True,30,2024-03-29_20-04-43,3.9706568717956543,112.28564357757568,20883,Nicolass-Air.technicolor.net,127.0.0.1,112.28564357757568,30,"23_trial_index=0,alpha=3.0000,autotune=True,buffer_size=10000,capture_video=False,cuda=True,env_id=CartPole-v1,eta=None,exp_name=QREPS,gamma=1.0000,num_envs=1,num_rollouts=5,num_updates=30,policy_lr_end=0.0010,policy_lr_start=0.0200,q_lr_end=0.0010,q_lr_start=0.0040,saddle_point_optimization=True,seed=1,target_entropy_scale=0.1000,torch_deterministic=True,total_timesteps=500,track=False,update_epochs=100,update_policy_epochs=450,use_kl_loss=False,use_linear_schedule=False,wandb_entity=TFG,wandb_project_name=QREPS_CartPole-v1",QREPS,1,True,True,False,QREPS_CartPole-v1,TFG,False,CartPole-v1,500,30,10000,100,450,5,1,1.0,0.02,0.001,0.004,0.001,3.0,,True,0.1,False,True,False,0
02634c56,104.8,1711739311,,True,30,2024-03-29_20-08-31,12.369009017944336,333.3357503414154,21101,Nicolass-Air.technicolor.net,127.0.0.1,333.3357503414154,30,"24_trial_index=0,alpha=3.0000,autotune=True,buffer_size=10000,capture_video=False,cuda=True,env_id=CartPole-v1,eta=None,exp_name=QREPS,gamma=1.0000,num_envs=4,num_rollouts=5,num_updates=30,policy_lr_end=0.0010,policy_lr_start=0.0200,q_lr_end=0.0010,q_lr_start=0.0200,saddle_point_optimization=True,seed=1,target_entropy_scale=0.1000,torch_deterministic=True,total_timesteps=500,track=False,update_epochs=100,update_policy_epochs=300,use_kl_loss=False,use_linear_schedule=False,wandb_entity=TFG,wandb_project_name=QREPS_CartPole-v1",QREPS,1,True,True,False,QREPS_CartPole-v1,TFG,False,CartPole-v1,500,30,10000,100,300,5,4,1.0,0.02,0.001,0.02,0.001,3.0,,True,0.1,False,True,False,0
08720d7b,8.0,1711739109,,True,30,2024-03-29_20-05-09,3.055274248123169,119.28762817382812,21113,Nicolass-Air.technicolor.net,127.0.0.1,119.28762817382812,30,"25_trial_index=0,alpha=3.0000,autotune=True,buffer_size=10000,capture_video=False,cuda=True,env_id=CartPole-v1,eta=None,exp_name=QREPS,gamma=0.9900,num_envs=4,num_rollouts=5,num_updates=30,policy_lr_end=0.0010,policy_lr_start=0.1000,q_lr_end=0.0010,q_lr_start=0.0200,saddle_point_optimization=True,seed=1,target_entropy_scale=0.1000,torch_deterministic=True,total_timesteps=500,track=False,update_epochs=100,update_policy_epochs=450,use_kl_loss=False,use_linear_schedule=False,wandb_entity=TFG,wandb_project_name=QREPS_CartPole-v1",QREPS,1,True,True,False,QREPS_CartPole-v1,TFG,False,CartPole-v1,500,30,10000,100,450,5,4,0.99,0.1,0.001,0.02,0.001,3.0,,True,0.1,False,True,False,0
34b003d2,12.6,1711739107,,True,30,2024-03-29_20-05-07,2.5097241401672363,104.20063376426697,21128,Nicolass-Air.technicolor.net,127.0.0.1,104.20063376426697,30,"26_trial_index=0,alpha=3.0000,autotune=True,buffer_size=10000,capture_video=False,cuda=True,env_id=CartPole-v1,eta=None,exp_name=QREPS,gamma=1.0000,num_envs=2,num_rollouts=5,num_updates=30,policy_lr_end=0.0010,policy_lr_start=0.0200,q_lr_end=0.0010,q_lr_start=0.0040,saddle_point_optimization=True,seed=1,target_entropy_scale=0.1000,torch_deterministic=True,total_timesteps=500,track=False,update_epochs=100,update_policy_epochs=300,use_kl_loss=False,use_linear_schedule=False,wandb_entity=TFG,wandb_project_name=QREPS_CartPole-v1",QREPS,1,True,True,False,QREPS_CartPole-v1,TFG,False,CartPole-v1,500,30,10000,100,300,5,2,1.0,0.02,0.001,0.004,0.001,3.0,,True,0.1,False,True,False,0
fa471a27,59.0,1711739228,,True,30,2024-03-29_20-07-08,5.039373159408569,211.21041321754456,21138,Nicolass-Air.technicolor.net,127.0.0.1,211.21041321754456,30,"27_trial_index=0,alpha=3.0000,autotune=True,buffer_size=10000,capture_video=False,cuda=True,env_id=CartPole-v1,eta=None,exp_name=QREPS,gamma=0.9900,num_envs=2,num_rollouts=5,num_updates=30,policy_lr_end=0.0010,policy_lr_start=0.1000,q_lr_end=0.0010,q_lr_start=0.0040,saddle_point_optimization=True,seed=1,target_entropy_scale=0.1000,torch_deterministic=True,total_timesteps=500,track=False,update_epochs=100,update_policy_epochs=450,use_kl_loss=False,use_linear_schedule=False,wandb_entity=TFG,wandb_project_name=QREPS_CartPole-v1",QREPS,1,True,True,False,QREPS_CartPole-v1,TFG,False,CartPole-v1,500,30,10000,100,450,5,2,0.99,0.1,0.001,0.004,0.001,3.0,,True,0.1,False,True,False,0
dd247a42,11.6,1711739154,,True,30,2024-03-29_20-05-54,1.8961777687072754,123.9347665309906,21159,Nicolass-Air.technicolor.net,127.0.0.1,123.9347665309906,30,"28_trial_index=0,alpha=3.0000,autotune=True,buffer_size=10000,capture_video=False,cuda=True,env_id=CartPole-v1,eta=None,exp_name=QREPS,gamma=1.0000,num_envs=4,num_rollouts=5,num_updates=30,policy_lr_end=0.0010,policy_lr_start=0.0200,q_lr_end=0.0010,q_lr_start=0.0040,saddle_point_optimization=True,seed=1,target_entropy_scale=0.1000,torch_deterministic=True,total_timesteps=500,track=False,update_epochs=100,update_policy_epochs=300,use_kl_loss=False,use_linear_schedule=False,wandb_entity=TFG,wandb_project_name=QREPS_CartPole-v1",QREPS,1,True,True,False,QREPS_CartPole-v1,TFG,False,CartPole-v1,500,30,10000,100,300,5,4,1.0,0.02,0.001,0.004,0.001,3.0,,True,0.1,False,True,False,0
fecb70d9,12.6,1711739141,,True,30,2024-03-29_20-05-41,1.9161648750305176,104.52742290496826,21086,Nicolass-Air.technicolor.net,127.0.0.1,104.52742290496826,30,"29_trial_index=0,alpha=3.0000,autotune=True,buffer_size=10000,capture_video=False,cuda=True,env_id=CartPole-v1,eta=None,exp_name=QREPS,gamma=0.9900,num_envs=2,num_rollouts=5,num_updates=30,policy_lr_end=0.0010,policy_lr_start=0.0200,q_lr_end=0.0010,q_lr_start=0.0040,saddle_point_optimization=True,seed=1,target_entropy_scale=0.1000,torch_deterministic=True,total_timesteps=500,track=False,update_epochs=100,update_policy_epochs=450,use_kl_loss=False,use_linear_schedule=False,wandb_entity=TFG,wandb_project_name=QREPS_CartPole-v1",QREPS,1,True,True,False,QREPS_CartPole-v1,TFG,False,CartPole-v1,500,30,10000,100,450,5,2,0.99,0.02,0.001,0.004,0.001,3.0,,True,0.1,False,True,False,0
9fa01135,25.0,1711739412,,True,30,2024-03-29_20-10-12,4.0334861278533936,92.63576245307922,20883,Nicolass-Air.technicolor.net,127.0.0.1,92.63576245307922,30,"30_trial_index=0,alpha=3.0000,autotune=True,buffer_size=10000,capture_video=False,cuda=True,env_id=CartPole-v1,eta=None,exp_name=QREPS,gamma=1.0000,num_envs=2,num_rollouts=5,num_updates=30,policy_lr_end=0.0010,policy_lr_start=0.0200,q_lr_end=0.0010,q_lr_start=0.1000,saddle_point_optimization=True,seed=1,target_entropy_scale=0.1000,torch_deterministic=True,total_timesteps=500,track=False,update_epochs=50,update_policy_epochs=450,use_kl_loss=False,use_linear_schedule=False,wandb_entity=TFG,wandb_project_name=QREPS_CartPole-v1",QREPS,1,True,True,False,QREPS_CartPole-v1,TFG,False,CartPole-v1,500,30,10000,50,450,5,2,1.0,0.02,0.001,0.1,0.001,3.0,,True,0.1,False,True,False,0
57ef1363,39.0,1711739407,,True,30,2024-03-29_20-10-07,3.2962398529052734,78.06824111938477,21437,Nicolass-Air.technicolor.net,127.0.0.1,78.06824111938477,30,"31_trial_index=0,alpha=3.0000,autotune=True,buffer_size=10000,capture_video=False,cuda=True,env_id=CartPole-v1,eta=None,exp_name=QREPS,gamma=1.0000,num_envs=1,num_rollouts=5,num_updates=30,policy_lr_end=0.0010,policy_lr_start=0.0200,q_lr_end=0.0010,q_lr_start=0.0200,saddle_point_optimization=True,seed=1,target_entropy_scale=0.1000,torch_deterministic=True,total_timesteps=500,track=False,update_epochs=50,update_policy_epochs=300,use_kl_loss=False,use_linear_schedule=False,wandb_entity=TFG,wandb_project_name=QREPS_CartPole-v1",QREPS,1,True,True,False,QREPS_CartPole-v1,TFG,False,CartPole-v1,500,30,10000,50,300,5,1,1.0,0.02,0.001,0.02,0.001,3.0,,True,0.1,False,True,False,0
a61f9b7b,9.0,1711739438,,True,30,2024-03-29_20-10-38,3.0525670051574707,103.02416729927063,21443,Nicolass-Air.technicolor.net,127.0.0.1,103.02416729927063,30,"32_trial_index=0,alpha=3.0000,autotune=True,buffer_size=10000,capture_video=False,cuda=True,env_id=CartPole-v1,eta=None,exp_name=QREPS,gamma=1.0000,num_envs=4,num_rollouts=5,num_updates=30,policy_lr_end=0.0010,policy_lr_start=0.1000,q_lr_end=0.0010,q_lr_start=0.1000,saddle_point_optimization=True,seed=1,target_entropy_scale=0.1000,torch_deterministic=True,total_timesteps=500,track=False,update_epochs=100,update_policy_epochs=450,use_kl_loss=False,use_linear_schedule=False,wandb_entity=TFG,wandb_project_name=QREPS_CartPole-v1",QREPS,1,True,True,False,QREPS_CartPole-v1,TFG,False,CartPole-v1,500,30,10000,100,450,5,4,1.0,0.1,0.001,0.1,0.001,3.0,,True,0.1,False,True,False,0
bdfdd131,25.2,1711739459,,True,30,2024-03-29_20-10-59,3.5885438919067383,112.42651772499084,21470,Nicolass-Air.technicolor.net,127.0.0.1,112.42651772499084,30,"33_trial_index=0,alpha=3.0000,autotune=True,buffer_size=10000,capture_video=False,cuda=True,env_id=CartPole-v1,eta=None,exp_name=QREPS,gamma=0.9900,num_envs=4,num_rollouts=5,num_updates=30,policy_lr_end=0.0010,policy_lr_start=0.0200,q_lr_end=0.0010,q_lr_start=0.0040,saddle_point_optimization=True,seed=1,target_entropy_scale=0.1000,torch_deterministic=True,total_timesteps=500,track=False,update_epochs=100,update_policy_epochs=300,use_kl_loss=False,use_linear_schedule=False,wandb_entity=TFG,wandb_project_name=QREPS_CartPole-v1",QREPS,1,True,True,False,QREPS_CartPole-v1,TFG,False,CartPole-v1,500,30,10000,100,300,5,4,0.99,0.02,0.001,0.004,0.001,3.0,,True,0.1,False,True,False,0
b2fe15d8,24.0,1711739446,,True,30,2024-03-29_20-10-46,1.6804249286651611,89.69130635261536,21481,Nicolass-Air.technicolor.net,127.0.0.1,89.69130635261536,30,"34_trial_index=0,alpha=3.0000,autotune=True,buffer_size=10000,capture_video=False,cuda=True,env_id=CartPole-v1,eta=None,exp_name=QREPS,gamma=0.9900,num_envs=1,num_rollouts=5,num_updates=30,policy_lr_end=0.0010,policy_lr_start=0.0040,q_lr_end=0.0010,q_lr_start=0.0040,saddle_point_optimization=True,seed=1,target_entropy_scale=0.1000,torch_deterministic=True,total_timesteps=500,track=False,update_epochs=100,update_policy_epochs=300,use_kl_loss=False,use_linear_schedule=False,wandb_entity=TFG,wandb_project_name=QREPS_CartPole-v1",QREPS,1,True,True,False,QREPS_CartPole-v1,TFG,False,CartPole-v1,500,30,10000,100,300,5,1,0.99,0.004,0.001,0.004,0.001,3.0,,True,0.1,False,True,False,0
efd98338,0.0,1711739442,,True,23,2024-03-29_20-10-42,0.07303810119628906,72.19039273262024,21489,Nicolass-Air.technicolor.net,127.0.0.1,72.19039273262024,23,"35_trial_index=0,alpha=3.0000,autotune=True,buffer_size=10000,capture_video=False,cuda=True,env_id=CartPole-v1,eta=None,exp_name=QREPS,gamma=1.0000,num_envs=1,num_rollouts=5,num_updates=30,policy_lr_end=0.0010,policy_lr_start=0.1000,q_lr_end=0.0010,q_lr_start=0.1000,saddle_point_optimization=True,seed=1,target_entropy_scale=0.1000,torch_deterministic=True,total_timesteps=500,track=False,update_epochs=100,update_policy_epochs=450,use_kl_loss=False,use_linear_schedule=False,wandb_entity=TFG,wandb_project_name=QREPS_CartPole-v1",QREPS,1,True,True,False,QREPS_CartPole-v1,TFG,False,CartPole-v1,500,30,10000,100,450,5,1,1.0,0.1,0.001,0.1,0.001,3.0,,True,0.1,False,True,False,0
e2ce0b51,9.8,1711739474,,True,30,2024-03-29_20-11-14,1.5279581546783447,89.22305679321289,21499,Nicolass-Air.technicolor.net,127.0.0.1,89.22305679321289,30,"36_trial_index=0,alpha=3.0000,autotune=True,buffer_size=10000,capture_video=False,cuda=True,env_id=CartPole-v1,eta=None,exp_name=QREPS,gamma=1.0000,num_envs=4,num_rollouts=5,num_updates=30,policy_lr_end=0.0010,policy_lr_start=0.0040,q_lr_end=0.0010,q_lr_start=0.0200,saddle_point_optimization=True,seed=1,target_entropy_scale=0.1000,torch_deterministic=True,total_timesteps=500,track=False,update_epochs=100,update_policy_epochs=300,use_kl_loss=False,use_linear_schedule=False,wandb_entity=TFG,wandb_project_name=QREPS_CartPole-v1",QREPS,1,True,True,False,QREPS_CartPole-v1,TFG,False,CartPole-v1,500,30,10000,100,300,5,4,1.0,0.004,0.001,0.02,0.001,3.0,,True,0.1,False,True,False,0
144bfee2,9.0,1711739464,,True,30,2024-03-29_20-11-04,1.3417251110076904,62.912001609802246,21516,Nicolass-Air.technicolor.net,127.0.0.1,62.912001609802246,30,"37_trial_index=0,alpha=3.0000,autotune=True,buffer_size=10000,capture_video=False,cuda=True,env_id=CartPole-v1,eta=None,exp_name=QREPS,gamma=1.0000,num_envs=4,num_rollouts=5,num_updates=30,policy_lr_end=0.0010,policy_lr_start=0.1000,q_lr_end=0.0010,q_lr_start=0.0200,saddle_point_optimization=True,seed=1,target_entropy_scale=0.1000,torch_deterministic=True,total_timesteps=500,track=False,update_epochs=100,update_policy_epochs=300,use_kl_loss=False,use_linear_schedule=False,wandb_entity=TFG,wandb_project_name=QREPS_CartPole-v1",QREPS,1,True,True,False,QREPS_CartPole-v1,TFG,False,CartPole-v1,500,30,10000,100,300,5,4,1.0,0.1,0.001,0.02,0.001,3.0,,True,0.1,False,True,False,0
7490ffd4,8.0,1711739522,,True,30,2024-03-29_20-12-02,1.945357084274292,40.06357741355896,21437,Nicolass-Air.technicolor.net,127.0.0.1,40.06357741355896,30,"38_trial_index=0,alpha=3.0000,autotune=True,buffer_size=10000,capture_video=False,cuda=True,env_id=CartPole-v1,eta=None,exp_name=QREPS,gamma=0.9900,num_envs=1,num_rollouts=5,num_updates=30,policy_lr_end=0.0010,policy_lr_start=0.1000,q_lr_end=0.0010,q_lr_start=0.0040,saddle_point_optimization=True,seed=1,target_entropy_scale=0.1000,torch_deterministic=True,total_timesteps=500,track=False,update_epochs=100,update_policy_epochs=450,use_kl_loss=False,use_linear_schedule=False,wandb_entity=TFG,wandb_project_name=QREPS_CartPole-v1",QREPS,1,True,True,False,QREPS_CartPole-v1,TFG,False,CartPole-v1,500,30,10000,100,450,5,1,0.99,0.1,0.001,0.004,0.001,3.0,,True,0.1,False,True,False,0
30ec16bd,8.0,1711739532,,True,30,2024-03-29_20-12-12,1.7606441974639893,40.64721202850342,21585,Nicolass-Air.technicolor.net,127.0.0.1,40.64721202850342,30,"39_trial_index=0,alpha=3.0000,autotune=True,buffer_size=10000,capture_video=False,cuda=True,env_id=CartPole-v1,eta=None,exp_name=QREPS,gamma=1.0000,num_envs=1,num_rollouts=5,num_updates=30,policy_lr_end=0.0010,policy_lr_start=0.0200,q_lr_end=0.0010,q_lr_start=0.0200,saddle_point_optimization=True,seed=1,target_entropy_scale=0.1000,torch_deterministic=True,total_timesteps=500,track=False,update_epochs=100,update_policy_epochs=300,use_kl_loss=False,use_linear_schedule=False,wandb_entity=TFG,wandb_project_name=QREPS_CartPole-v1",QREPS,1,True,True,False,QREPS_CartPole-v1,TFG,False,CartPole-v1,500,30,10000,100,300,5,1,1.0,0.02,0.001,0.02,0.001,3.0,,True,0.1,False,True,False,0
eea51616,0.0,1711739522,,True,21,2024-03-29_20-12-02,0.22666287422180176,24.093430995941162,21592,Nicolass-Air.technicolor.net,127.0.0.1,24.093430995941162,21,"40_trial_index=0,alpha=3.0000,autotune=True,buffer_size=10000,capture_video=False,cuda=True,env_id=CartPole-v1,eta=None,exp_name=QREPS,gamma=0.9900,num_envs=2,num_rollouts=5,num_updates=30,policy_lr_end=0.0010,policy_lr_start=0.1000,q_lr_end=0.0010,q_lr_start=0.1000,saddle_point_optimization=True,seed=1,target_entropy_scale=0.1000,torch_deterministic=True,total_timesteps=500,track=False,update_epochs=50,update_policy_epochs=300,use_kl_loss=False,use_linear_schedule=False,wandb_entity=TFG,wandb_project_name=QREPS_CartPole-v1",QREPS,1,True,True,False,QREPS_CartPole-v1,TFG,False,CartPole-v1,500,30,10000,50,300,5,2,0.99,0.1,0.001,0.1,0.001,3.0,,True,0.1,False,True,False,0
b6db88c6,11.0,1711739563,,True,30,2024-03-29_20-12-43,2.321899175643921,54.34048795700073,21610,Nicolass-Air.technicolor.net,127.0.0.1,54.34048795700073,30,"41_trial_index=0,alpha=3.0000,autotune=True,buffer_size=10000,capture_video=False,cuda=True,env_id=CartPole-v1,eta=None,exp_name=QREPS,gamma=0.9900,num_envs=1,num_rollouts=5,num_updates=30,policy_lr_end=0.0010,policy_lr_start=0.0200,q_lr_end=0.0010,q_lr_start=0.0040,saddle_point_optimization=True,seed=1,target_entropy_scale=0.1000,torch_deterministic=True,total_timesteps=500,track=False,update_epochs=100,update_policy_epochs=300,use_kl_loss=False,use_linear_schedule=False,wandb_entity=TFG,wandb_project_name=QREPS_CartPole-v1",QREPS,1,True,True,False,QREPS_CartPole-v1,TFG,False,CartPole-v1,500,30,10000,100,300,5,1,0.99,0.02,0.001,0.004,0.001,3.0,,True,0.1,False,True,False,0
da799e7d,8.0,1711739580,,True,30,2024-03-29_20-13-00,1.6729090213775635,60.72883939743042,21620,Nicolass-Air.technicolor.net,127.0.0.1,60.72883939743042,30,"42_trial_index=0,alpha=3.0000,autotune=True,buffer_size=10000,capture_video=False,cuda=True,env_id=CartPole-v1,eta=None,exp_name=QREPS,gamma=1.0000,num_envs=1,num_rollouts=5,num_updates=30,policy_lr_end=0.0010,policy_lr_start=0.0200,q_lr_end=0.0010,q_lr_start=0.0200,saddle_point_optimization=True,seed=1,target_entropy_scale=0.1000,torch_deterministic=True,total_timesteps=500,track=False,update_epochs=100,update_policy_epochs=300,use_kl_loss=False,use_linear_schedule=False,wandb_entity=TFG,wandb_project_name=QREPS_CartPole-v1",QREPS,1,True,True,False,QREPS_CartPole-v1,TFG,False,CartPole-v1,500,30,10000,100,300,5,1,1.0,0.02,0.001,0.02,0.001,3.0,,True,0.1,False,True,False,0
70e2f244,12.0,1711739599,,True,30,2024-03-29_20-13-19,1.7433950901031494,76.85318326950073,21592,Nicolass-Air.technicolor.net,127.0.0.1,76.85318326950073,30,"43_trial_index=0,alpha=3.0000,autotune=True,buffer_size=10000,capture_video=False,cuda=True,env_id=CartPole-v1,eta=None,exp_name=QREPS,gamma=0.9900,num_envs=1,num_rollouts=5,num_updates=30,policy_lr_end=0.0010,policy_lr_start=0.0040,q_lr_end=0.0010,q_lr_start=0.0040,saddle_point_optimization=True,seed=1,target_entropy_scale=0.1000,torch_deterministic=True,total_timesteps=500,track=False,update_epochs=100,update_policy_epochs=450,use_kl_loss=False,use_linear_schedule=False,wandb_entity=TFG,wandb_project_name=QREPS_CartPole-v1",QREPS,1,True,True,False,QREPS_CartPole-v1,TFG,False,CartPole-v1,500,30,10000,100,450,5,1,0.99,0.004,0.001,0.004,0.001,3.0,,True,0.1,False,True,False,0
7404ee62,13.6,1711739593,,True,30,2024-03-29_20-13-13,1.800171136856079,70.68476414680481,21437,Nicolass-Air.technicolor.net,127.0.0.1,70.68476414680481,30,"44_trial_index=0,alpha=3.0000,autotune=True,buffer_size=10000,capture_video=False,cuda=True,env_id=CartPole-v1,eta=None,exp_name=QREPS,gamma=0.9900,num_envs=2,num_rollouts=5,num_updates=30,policy_lr_end=0.0010,policy_lr_start=0.0200,q_lr_end=0.0010,q_lr_start=0.1000,saddle_point_optimization=True,seed=1,target_entropy_scale=0.1000,torch_deterministic=True,total_timesteps=500,track=False,update_epochs=50,update_policy_epochs=300,use_kl_loss=False,use_linear_schedule=False,wandb_entity=TFG,wandb_project_name=QREPS_CartPole-v1",QREPS,1,True,True,False,QREPS_CartPole-v1,TFG,False,CartPole-v1,500,30,10000,50,300,5,2,0.99,0.02,0.001,0.1,0.001,3.0,,True,0.1,False,True,False,0
eb619639,9.0,1711739646,,True,30,2024-03-29_20-14-06,2.5320398807525635,114.0842866897583,21585,Nicolass-Air.technicolor.net,127.0.0.1,114.0842866897583,30,"45_trial_index=0,alpha=3.0000,autotune=True,buffer_size=10000,capture_video=False,cuda=True,env_id=CartPole-v1,eta=None,exp_name=QREPS,gamma=1.0000,num_envs=4,num_rollouts=5,num_updates=30,policy_lr_end=0.0010,policy_lr_start=0.0040,q_lr_end=0.0010,q_lr_start=0.0200,saddle_point_optimization=True,seed=1,target_entropy_scale=0.1000,torch_deterministic=True,total_timesteps=500,track=False,update_epochs=100,update_policy_epochs=450,use_kl_loss=False,use_linear_schedule=False,wandb_entity=TFG,wandb_project_name=QREPS_CartPole-v1",QREPS,1,True,True,False,QREPS_CartPole-v1,TFG,False,CartPole-v1,500,30,10000,100,450,5,4,1.0,0.004,0.001,0.02,0.001,3.0,,True,0.1,False,True,False,0
6e940fb0,10.0,1711739654,,True,30,2024-03-29_20-14-14,2.497431993484497,108.14520502090454,21656,Nicolass-Air.technicolor.net,127.0.0.1,108.14520502090454,30,"46_trial_index=0,alpha=3.0000,autotune=True,buffer_size=10000,capture_video=False,cuda=True,env_id=CartPole-v1,eta=None,exp_name=QREPS,gamma=0.9900,num_envs=4,num_rollouts=5,num_updates=30,policy_lr_end=0.0010,policy_lr_start=0.0040,q_lr_end=0.0010,q_lr_start=0.0040,saddle_point_optimization=True,seed=1,target_entropy_scale=0.1000,torch_deterministic=True,total_timesteps=500,track=False,update_epochs=100,update_policy_epochs=450,use_kl_loss=False,use_linear_schedule=False,wandb_entity=TFG,wandb_project_name=QREPS_CartPole-v1",QREPS,1,True,True,False,QREPS_CartPole-v1,TFG,False,CartPole-v1,500,30,10000,100,450,5,4,0.99,0.004,0.001,0.004,0.001,3.0,,True,0.1,False,True,False,0
07b27f0d,13.0,1711739662,,True,30,2024-03-29_20-14-22,2.1692259311676025,102.815678358078,21669,Nicolass-Air.technicolor.net,127.0.0.1,102.815678358078,30,"47_trial_index=0,alpha=3.0000,autotune=True,buffer_size=10000,capture_video=False,cuda=True,env_id=CartPole-v1,eta=None,exp_name=QREPS,gamma=0.9900,num_envs=4,num_rollouts=5,num_updates=30,policy_lr_end=0.0010,policy_lr_start=0.0040,q_lr_end=0.0010,q_lr_start=0.1000,saddle_point_optimization=True,seed=1,target_entropy_scale=0.1000,torch_deterministic=True,total_timesteps=500,track=False,update_epochs=50,update_policy_epochs=450,use_kl_loss=False,use_linear_schedule=False,wandb_entity=TFG,wandb_project_name=QREPS_CartPole-v1",QREPS,1,True,True,False,QREPS_CartPole-v1,TFG,False,CartPole-v1,500,30,10000,50,450,5,4,0.99,0.004,0.001,0.1,0.001,3.0,,True,0.1,False,True,False,0
21f7c5b2,0.0,1711739634,,True,26,2024-03-29_20-13-54,0.5055840015411377,70.63005375862122,21610,Nicolass-Air.technicolor.net,127.0.0.1,70.63005375862122,26,"48_trial_index=0,alpha=3.0000,autotune=True,buffer_size=10000,capture_video=False,cuda=True,env_id=CartPole-v1,eta=None,exp_name=QREPS,gamma=1.0000,num_envs=1,num_rollouts=5,num_updates=30,policy_lr_end=0.0010,policy_lr_start=0.0200,q_lr_end=0.0010,q_lr_start=0.1000,saddle_point_optimization=True,seed=1,target_entropy_scale=0.1000,torch_deterministic=True,total_timesteps=500,track=False,update_epochs=100,update_policy_epochs=450,use_kl_loss=False,use_linear_schedule=False,wandb_entity=TFG,wandb_project_name=QREPS_CartPole-v1",QREPS,1,True,True,False,QREPS_CartPole-v1,TFG,False,CartPole-v1,500,30,10000,100,450,5,1,1.0,0.02,0.001,0.1,0.001,3.0,,True,0.1,False,True,False,0
5a9e6aeb,12.0,1711739781,,True,30,2024-03-29_20-16-21,4.047154903411865,109.81464266777039,21620,Nicolass-Air.technicolor.net,127.0.0.1,109.81464266777039,30,"49_trial_index=0,alpha=3.0000,autotune=True,buffer_size=10000,capture_video=False,cuda=True,env_id=CartPole-v1,eta=None,exp_name=QREPS,gamma=1.0000,num_envs=4,num_rollouts=5,num_updates=30,policy_lr_end=0.0010,policy_lr_start=0.0200,q_lr_end=0.0010,q_lr_start=0.0200,saddle_point_optimization=True,seed=1,target_entropy_scale=0.1000,torch_deterministic=True,total_timesteps=500,track=False,update_epochs=100,update_policy_epochs=450,use_kl_loss=False,use_linear_schedule=False,wandb_entity=TFG,wandb_project_name=QREPS_CartPole-v1",QREPS,1,True,True,False,QREPS_CartPole-v1,TFG,False,CartPole-v1,500,30,10000,100,450,5,4,1.0,0.02,0.001,0.02,0.001,3.0,,True,0.1,False,True,False,0
7f15a268,9.0,1711739781,,True,30,2024-03-29_20-16-21,3.2119557857513428,101.43249201774597,21783,Nicolass-Air.technicolor.net,127.0.0.1,101.43249201774597,30,"50_trial_index=0,alpha=3.0000,autotune=True,buffer_size=10000,capture_video=False,cuda=True,env_id=CartPole-v1,eta=None,exp_name=QREPS,gamma=1.0000,num_envs=4,num_rollouts=5,num_updates=30,policy_lr_end=0.0010,policy_lr_start=0.1000,q_lr_end=0.0010,q_lr_start=0.0040,saddle_point_optimization=True,seed=1,target_entropy_scale=0.1000,torch_deterministic=True,total_timesteps=500,track=False,update_epochs=100,update_policy_epochs=450,use_kl_loss=False,use_linear_schedule=False,wandb_entity=TFG,wandb_project_name=QREPS_CartPole-v1",QREPS,1,True,True,False,QREPS_CartPole-v1,TFG,False,CartPole-v1,500,30,10000,100,450,5,4,1.0,0.1,0.001,0.004,0.001,3.0,,True,0.1,False,True,False,0
3afeec2b,14.0,1711739767,,True,30,2024-03-29_20-16-07,2.926158905029297,78.92369413375854,21792,Nicolass-Air.technicolor.net,127.0.0.1,78.92369413375854,30,"51_trial_index=0,alpha=3.0000,autotune=True,buffer_size=10000,capture_video=False,cuda=True,env_id=CartPole-v1,eta=None,exp_name=QREPS,gamma=1.0000,num_envs=4,num_rollouts=5,num_updates=30,policy_lr_end=0.0010,policy_lr_start=0.1000,q_lr_end=0.0010,q_lr_start=0.1000,saddle_point_optimization=True,seed=1,target_entropy_scale=0.1000,torch_deterministic=True,total_timesteps=500,track=False,update_epochs=50,update_policy_epochs=300,use_kl_loss=False,use_linear_schedule=False,wandb_entity=TFG,wandb_project_name=QREPS_CartPole-v1",QREPS,1,True,True,False,QREPS_CartPole-v1,TFG,False,CartPole-v1,500,30,10000,50,300,5,4,1.0,0.1,0.001,0.1,0.001,3.0,,True,0.1,False,True,False,0
47744e97,11.0,1711739762,,True,30,2024-03-29_20-16-02,2.275386095046997,65.81685519218445,21801,Nicolass-Air.technicolor.net,127.0.0.1,65.81685519218445,30,"52_trial_index=0,alpha=3.0000,autotune=True,buffer_size=10000,capture_video=False,cuda=True,env_id=CartPole-v1,eta=None,exp_name=QREPS,gamma=0.9900,num_envs=1,num_rollouts=5,num_updates=30,policy_lr_end=0.0010,policy_lr_start=0.0200,q_lr_end=0.0010,q_lr_start=0.0200,saddle_point_optimization=True,seed=1,target_entropy_scale=0.1000,torch_deterministic=True,total_timesteps=500,track=False,update_epochs=50,update_policy_epochs=450,use_kl_loss=False,use_linear_schedule=False,wandb_entity=TFG,wandb_project_name=QREPS_CartPole-v1",QREPS,1,True,True,False,QREPS_CartPole-v1,TFG,False,CartPole-v1,500,30,10000,50,450,5,1,0.99,0.02,0.001,0.02,0.001,3.0,,True,0.1,False,True,False,0
952d042e,0.0,1711739793,,True,25,2024-03-29_20-16-33,0.3714287281036377,85.39050960540771,21806,Nicolass-Air.technicolor.net,127.0.0.1,85.39050960540771,25,"53_trial_index=0,alpha=3.0000,autotune=True,buffer_size=10000,capture_video=False,cuda=True,env_id=CartPole-v1,eta=None,exp_name=QREPS,gamma=1.0000,num_envs=2,num_rollouts=5,num_updates=30,policy_lr_end=0.0010,policy_lr_start=0.0040,q_lr_end=0.0010,q_lr_start=0.1000,saddle_point_optimization=True,seed=1,target_entropy_scale=0.1000,torch_deterministic=True,total_timesteps=500,track=False,update_epochs=50,update_policy_epochs=450,use_kl_loss=False,use_linear_schedule=False,wandb_entity=TFG,wandb_project_name=QREPS_CartPole-v1",QREPS,1,True,True,False,QREPS_CartPole-v1,TFG,False,CartPole-v1,500,30,10000,50,450,5,2,1.0,0.004,0.001,0.1,0.001,3.0,,True,0.1,False,True,False,0
5dd43c58,10.0,1711739787,,True,30,2024-03-29_20-16-27,1.1513617038726807,67.64290714263916,21827,Nicolass-Air.technicolor.net,127.0.0.1,67.64290714263916,30,"54_trial_index=0,alpha=3.0000,autotune=True,buffer_size=10000,capture_video=False,cuda=True,env_id=CartPole-v1,eta=None,exp_name=QREPS,gamma=0.9900,num_envs=2,num_rollouts=5,num_updates=30,policy_lr_end=0.0010,policy_lr_start=0.0200,q_lr_end=0.0010,q_lr_start=0.0200,saddle_point_optimization=True,seed=1,target_entropy_scale=0.1000,torch_deterministic=True,total_timesteps=500,track=False,update_epochs=50,update_policy_epochs=300,use_kl_loss=False,use_linear_schedule=False,wandb_entity=TFG,wandb_project_name=QREPS_CartPole-v1",QREPS,1,True,True,False,QREPS_CartPole-v1,TFG,False,CartPole-v1,500,30,10000,50,300,5,2,0.99,0.02,0.001,0.02,0.001,3.0,,True,0.1,False,True,False,0
c088924a,17.0,1711739817,,True,30,2024-03-29_20-16-57,1.6694331169128418,83.75348043441772,21832,Nicolass-Air.technicolor.net,127.0.0.1,83.75348043441772,30,"55_trial_index=0,alpha=3.0000,autotune=True,buffer_size=10000,capture_video=False,cuda=True,env_id=CartPole-v1,eta=None,exp_name=QREPS,gamma=1.0000,num_envs=2,num_rollouts=5,num_updates=30,policy_lr_end=0.0010,policy_lr_start=0.0040,q_lr_end=0.0010,q_lr_start=0.0040,saddle_point_optimization=True,seed=1,target_entropy_scale=0.1000,torch_deterministic=True,total_timesteps=500,track=False,update_epochs=100,update_policy_epochs=300,use_kl_loss=False,use_linear_schedule=False,wandb_entity=TFG,wandb_project_name=QREPS_CartPole-v1",QREPS,1,True,True,False,QREPS_CartPole-v1,TFG,False,CartPole-v1,500,30,10000,100,300,5,2,1.0,0.004,0.001,0.004,0.001,3.0,,True,0.1,False,True,False,0
12d758f2,9.0,1711739805,,True,30,2024-03-29_20-16-45,1.0305449962615967,56.39669418334961,21845,Nicolass-Air.technicolor.net,127.0.0.1,56.39669418334961,30,"56_trial_index=0,alpha=3.0000,autotune=True,buffer_size=10000,capture_video=False,cuda=True,env_id=CartPole-v1,eta=None,exp_name=QREPS,gamma=0.9900,num_envs=2,num_rollouts=5,num_updates=30,policy_lr_end=0.0010,policy_lr_start=0.0200,q_lr_end=0.0010,q_lr_start=0.0200,saddle_point_optimization=True,seed=1,target_entropy_scale=0.1000,torch_deterministic=True,total_timesteps=500,track=False,update_epochs=100,update_policy_epochs=300,use_kl_loss=False,use_linear_schedule=False,wandb_entity=TFG,wandb_project_name=QREPS_CartPole-v1",QREPS,1,True,True,False,QREPS_CartPole-v1,TFG,False,CartPole-v1,500,30,10000,100,300,5,2,0.99,0.02,0.001,0.02,0.001,3.0,,True,0.1,False,True,False,0
51963233,15.0,1711739885,,True,30,2024-03-29_20-18-05,2.298624038696289,58.134190797805786,21801,Nicolass-Air.technicolor.net,127.0.0.1,58.134190797805786,30,"57_trial_index=0,alpha=3.0000,autotune=True,buffer_size=10000,capture_video=False,cuda=True,env_id=CartPole-v1,eta=None,exp_name=QREPS,gamma=0.9900,num_envs=1,num_rollouts=5,num_updates=30,policy_lr_end=0.0010,policy_lr_start=0.0200,q_lr_end=0.0010,q_lr_start=0.1000,saddle_point_optimization=True,seed=1,target_entropy_scale=0.1000,torch_deterministic=True,total_timesteps=500,track=False,update_epochs=50,update_policy_epochs=450,use_kl_loss=False,use_linear_schedule=False,wandb_entity=TFG,wandb_project_name=QREPS_CartPole-v1",QREPS,1,True,True,False,QREPS_CartPole-v1,TFG,False,CartPole-v1,500,30,10000,50,450,5,1,0.99,0.02,0.001,0.1,0.001,3.0,,True,0.1,False,True,False,0
8b904db7,8.0,1711739886,,True,30,2024-03-29_20-18-06,2.185953140258789,51.0061194896698,21947,Nicolass-Air.technicolor.net,127.0.0.1,51.0061194896698,30,"58_trial_index=0,alpha=3.0000,autotune=True,buffer_size=10000,capture_video=False,cuda=True,env_id=CartPole-v1,eta=None,exp_name=QREPS,gamma=1.0000,num_envs=2,num_rollouts=5,num_updates=30,policy_lr_end=0.0010,policy_lr_start=0.1000,q_lr_end=0.0010,q_lr_start=0.0200,saddle_point_optimization=True,seed=1,target_entropy_scale=0.1000,torch_deterministic=True,total_timesteps=500,track=False,update_epochs=100,update_policy_epochs=300,use_kl_loss=False,use_linear_schedule=False,wandb_entity=TFG,wandb_project_name=QREPS_CartPole-v1",QREPS,1,True,True,False,QREPS_CartPole-v1,TFG,False,CartPole-v1,500,30,10000,100,300,5,2,1.0,0.1,0.001,0.02,0.001,3.0,,True,0.1,False,True,False,0
a5f37809,24.0,1711740049,,True,30,2024-03-29_20-20-49,3.856471061706543,200.12876296043396,21957,Nicolass-Air.technicolor.net,127.0.0.1,200.12876296043396,30,"59_trial_index=0,alpha=3.0000,autotune=True,buffer_size=10000,capture_video=False,cuda=True,env_id=CartPole-v1,eta=None,exp_name=QREPS,gamma=0.9900,num_envs=4,num_rollouts=5,num_updates=30,policy_lr_end=0.0010,policy_lr_start=0.0200,q_lr_end=0.0010,q_lr_start=0.1000,saddle_point_optimization=True,seed=1,target_entropy_scale=0.1000,torch_deterministic=True,total_timesteps=500,track=False,update_epochs=100,update_policy_epochs=450,use_kl_loss=False,use_linear_schedule=False,wandb_entity=TFG,wandb_project_name=QREPS_CartPole-v1",QREPS,1,True,True,False,QREPS_CartPole-v1,TFG,False,CartPole-v1,500,30,10000,100,450,5,4,0.99,0.02,0.001,0.1,0.001,3.0,,True,0.1,False,True,False,0
8f4fb224,0.0,1711739993,,True,30,2024-03-29_20-19-53,0.7295401096343994,127.76253509521484,21985,Nicolass-Air.technicolor.net,127.0.0.1,127.76253509521484,30,"60_trial_index=0,alpha=3.0000,autotune=True,buffer_size=10000,capture_video=False,cuda=True,env_id=CartPole-v1,eta=None,exp_name=QREPS,gamma=1.0000,num_envs=4,num_rollouts=5,num_updates=30,policy_lr_end=0.0010,policy_lr_start=0.0200,q_lr_end=0.0010,q_lr_start=0.1000,saddle_point_optimization=True,seed=1,target_entropy_scale=0.1000,torch_deterministic=True,total_timesteps=500,track=False,update_epochs=100,update_policy_epochs=300,use_kl_loss=False,use_linear_schedule=False,wandb_entity=TFG,wandb_project_name=QREPS_CartPole-v1",QREPS,1,True,True,False,QREPS_CartPole-v1,TFG,False,CartPole-v1,500,30,10000,100,300,5,4,1.0,0.02,0.001,0.1,0.001,3.0,,True,0.1,False,True,False,0
ebd4c57e,8.0,1711739963,,True,30,2024-03-29_20-19-23,2.4291112422943115,84.78928208351135,21994,Nicolass-Air.technicolor.net,127.0.0.1,84.78928208351135,30,"61_trial_index=0,alpha=3.0000,autotune=True,buffer_size=10000,capture_video=False,cuda=True,env_id=CartPole-v1,eta=None,exp_name=QREPS,gamma=1.0000,num_envs=1,num_rollouts=5,num_updates=30,policy_lr_end=0.0010,policy_lr_start=0.0200,q_lr_end=0.0010,q_lr_start=0.0200,saddle_point_optimization=True,seed=1,target_entropy_scale=0.1000,torch_deterministic=True,total_timesteps=500,track=False,update_epochs=100,update_policy_epochs=450,use_kl_loss=False,use_linear_schedule=False,wandb_entity=TFG,wandb_project_name=QREPS_CartPole-v1",QREPS,1,True,True,False,QREPS_CartPole-v1,TFG,False,CartPole-v1,500,30,10000,100,450,5,1,1.0,0.02,0.001,0.02,0.001,3.0,,True,0.1,False,True,False,0
3a9e4f73,15.2,1711739988,,True,30,2024-03-29_20-19-48,2.867810010910034,97.31844401359558,22001,Nicolass-Air.technicolor.net,127.0.0.1,97.31844401359558,30,"62_trial_index=0,alpha=3.0000,autotune=True,buffer_size=10000,capture_video=False,cuda=True,env_id=CartPole-v1,eta=None,exp_name=QREPS,gamma=1.0000,num_envs=2,num_rollouts=5,num_updates=30,policy_lr_end=0.0010,policy_lr_start=0.0200,q_lr_end=0.0010,q_lr_start=0.0200,saddle_point_optimization=True,seed=1,target_entropy_scale=0.1000,torch_deterministic=True,total_timesteps=500,track=False,update_epochs=50,update_policy_epochs=450,use_kl_loss=False,use_linear_schedule=False,wandb_entity=TFG,wandb_project_name=QREPS_CartPole-v1",QREPS,1,True,True,False,QREPS_CartPole-v1,TFG,False,CartPole-v1,500,30,10000,50,450,5,2,1.0,0.02,0.001,0.02,0.001,3.0,,True,0.1,False,True,False,0
33fdfbba,18.0,1711740038,,True,30,2024-03-29_20-20-38,2.924592971801758,142.64771795272827,21801,Nicolass-Air.technicolor.net,127.0.0.1,142.64771795272827,30,"63_trial_index=0,alpha=3.0000,autotune=True,buffer_size=10000,capture_video=False,cuda=True,env_id=CartPole-v1,eta=None,exp_name=QREPS,gamma=0.9900,num_envs=4,num_rollouts=5,num_updates=30,policy_lr_end=0.0010,policy_lr_start=0.0040,q_lr_end=0.0010,q_lr_start=0.0040,saddle_point_optimization=True,seed=1,target_entropy_scale=0.1000,torch_deterministic=True,total_timesteps=500,track=False,update_epochs=100,update_policy_epochs=300,use_kl_loss=False,use_linear_schedule=False,wandb_entity=TFG,wandb_project_name=QREPS_CartPole-v1",QREPS,1,True,True,False,QREPS_CartPole-v1,TFG,False,CartPole-v1,500,30,10000,100,300,5,4,0.99,0.004,0.001,0.004,0.001,3.0,,True,0.1,False,True,False,0
e5f62328,10.0,1711739994,,True,30,2024-03-29_20-19-54,2.6062769889831543,98.11825346946716,21947,Nicolass-Air.technicolor.net,127.0.0.1,98.11825346946716,30,"64_trial_index=0,alpha=3.0000,autotune=True,buffer_size=10000,capture_video=False,cuda=True,env_id=CartPole-v1,eta=None,exp_name=QREPS,gamma=1.0000,num_envs=4,num_rollouts=5,num_updates=30,policy_lr_end=0.0010,policy_lr_start=0.0040,q_lr_end=0.0010,q_lr_start=0.0200,saddle_point_optimization=True,seed=1,target_entropy_scale=0.1000,torch_deterministic=True,total_timesteps=500,track=False,update_epochs=50,update_policy_epochs=300,use_kl_loss=False,use_linear_schedule=False,wandb_entity=TFG,wandb_project_name=QREPS_CartPole-v1",QREPS,1,True,True,False,QREPS_CartPole-v1,TFG,False,CartPole-v1,500,30,10000,50,300,5,4,1.0,0.004,0.001,0.02,0.001,3.0,,True,0.1,False,True,False,0
c0237616,15.0,1711740026,,True,30,2024-03-29_20-20-26,2.306151866912842,112.60626530647278,22039,Nicolass-Air.technicolor.net,127.0.0.1,112.60626530647278,30,"65_trial_index=0,alpha=3.0000,autotune=True,buffer_size=10000,capture_video=False,cuda=True,env_id=CartPole-v1,eta=None,exp_name=QREPS,gamma=0.9900,num_envs=2,num_rollouts=5,num_updates=30,policy_lr_end=0.0010,policy_lr_start=0.0040,q_lr_end=0.0010,q_lr_start=0.0200,saddle_point_optimization=True,seed=1,target_entropy_scale=0.1000,torch_deterministic=True,total_timesteps=500,track=False,update_epochs=100,update_policy_epochs=450,use_kl_loss=False,use_linear_schedule=False,wandb_entity=TFG,wandb_project_name=QREPS_CartPole-v1",QREPS,1,True,True,False,QREPS_CartPole-v1,TFG,False,CartPole-v1,500,30,10000,100,450,5,2,0.99,0.004,0.001,0.02,0.001,3.0,,True,0.1,False,True,False,0
f17e552d,9.0,1711740015,,True,30,2024-03-29_20-20-15,1.8832521438598633,87.13222670555115,22048,Nicolass-Air.technicolor.net,127.0.0.1,87.13222670555115,30,"66_trial_index=0,alpha=3.0000,autotune=True,buffer_size=10000,capture_video=False,cuda=True,env_id=CartPole-v1,eta=None,exp_name=QREPS,gamma=0.9900,num_envs=4,num_rollouts=5,num_updates=30,policy_lr_end=0.0010,policy_lr_start=0.1000,q_lr_end=0.0010,q_lr_start=0.0200,saddle_point_optimization=True,seed=1,target_entropy_scale=0.1000,torch_deterministic=True,total_timesteps=500,track=False,update_epochs=50,update_policy_epochs=450,use_kl_loss=False,use_linear_schedule=False,wandb_entity=TFG,wandb_project_name=QREPS_CartPole-v1",QREPS,1,True,True,False,QREPS_CartPole-v1,TFG,False,CartPole-v1,500,30,10000,50,450,5,4,0.99,0.1,0.001,0.02,0.001,3.0,,True,0.1,False,True,False,0
c1c55d61,10.0,1711740079,,True,30,2024-03-29_20-21-19,1.066235065460205,29.203860759735107,21994,Nicolass-Air.technicolor.net,127.0.0.1,29.203860759735107,30,"67_trial_index=0,alpha=3.0000,autotune=True,buffer_size=10000,capture_video=False,cuda=True,env_id=CartPole-v1,eta=None,exp_name=QREPS,gamma=1.0000,num_envs=1,num_rollouts=5,num_updates=30,policy_lr_end=0.0010,policy_lr_start=0.0040,q_lr_end=0.0010,q_lr_start=0.0200,saddle_point_optimization=True,seed=1,target_entropy_scale=0.1000,torch_deterministic=True,total_timesteps=500,track=False,update_epochs=50,update_policy_epochs=300,use_kl_loss=False,use_linear_schedule=False,wandb_entity=TFG,wandb_project_name=QREPS_CartPole-v1",QREPS,1,True,True,False,QREPS_CartPole-v1,TFG,False,CartPole-v1,500,30,10000,50,300,5,1,1.0,0.004,0.001,0.02,0.001,3.0,,True,0.1,False,True,False,0
144f1a86,61.0,1711740247,,True,30,2024-03-29_20-24-07,4.140432834625244,184.6265845298767,22141,Nicolass-Air.technicolor.net,127.0.0.1,184.6265845298767,30,"68_trial_index=0,alpha=3.0000,autotune=True,buffer_size=10000,capture_video=False,cuda=True,env_id=CartPole-v1,eta=None,exp_name=QREPS,gamma=1.0000,num_envs=2,num_rollouts=5,num_updates=30,policy_lr_end=0.0010,policy_lr_start=0.0200,q_lr_end=0.0010,q_lr_start=0.1000,saddle_point_optimization=True,seed=1,target_entropy_scale=0.1000,torch_deterministic=True,total_timesteps=500,track=False,update_epochs=100,update_policy_epochs=300,use_kl_loss=False,use_linear_schedule=False,wandb_entity=TFG,wandb_project_name=QREPS_CartPole-v1",QREPS,1,True,True,False,QREPS_CartPole-v1,TFG,False,CartPole-v1,500,30,10000,100,300,5,2,1.0,0.02,0.001,0.1,0.001,3.0,,True,0.1,False,True,False,0
d805a827,16.8,1711740202,,True,30,2024-03-29_20-23-22,4.83693790435791,128.20559740066528,22148,Nicolass-Air.technicolor.net,127.0.0.1,128.20559740066528,30,"69_trial_index=0,alpha=3.0000,autotune=True,buffer_size=10000,capture_video=False,cuda=True,env_id=CartPole-v1,eta=None,exp_name=QREPS,gamma=0.9900,num_envs=4,num_rollouts=5,num_updates=30,policy_lr_end=0.0010,policy_lr_start=0.0200,q_lr_end=0.0010,q_lr_start=0.0040,saddle_point_optimization=True,seed=1,target_entropy_scale=0.1000,torch_deterministic=True,total_timesteps=500,track=False,update_epochs=50,update_policy_epochs=450,use_kl_loss=False,use_linear_schedule=False,wandb_entity=TFG,wandb_project_name=QREPS_CartPole-v1",QREPS,1,True,True,False,QREPS_CartPole-v1,TFG,False,CartPole-v1,500,30,10000,50,450,5,4,0.99,0.02,0.001,0.004,0.001,3.0,,True,0.1,False,True,False,0
ccbe55ab,0.0,1711740210,,True,30,2024-03-29_20-23-30,0.6736502647399902,125.62299394607544,22161,Nicolass-Air.technicolor.net,127.0.0.1,125.62299394607544,30,"70_trial_index=0,alpha=3.0000,autotune=True,buffer_size=10000,capture_video=False,cuda=True,env_id=CartPole-v1,eta=None,exp_name=QREPS,gamma=1.0000,num_envs=4,num_rollouts=5,num_updates=30,policy_lr_end=0.0010,policy_lr_start=0.0200,q_lr_end=0.0010,q_lr_start=0.1000,saddle_point_optimization=True,seed=1,target_entropy_scale=0.1000,torch_deterministic=True,total_timesteps=500,track=False,update_epochs=100,update_policy_epochs=300,use_kl_loss=False,use_linear_schedule=False,wandb_entity=TFG,wandb_project_name=QREPS_CartPole-v1",QREPS,1,True,True,False,QREPS_CartPole-v1,TFG,False,CartPole-v1,500,30,10000,100,300,5,4,1.0,0.02,0.001,0.1,0.001,3.0,,True,0.1,False,True,False,0
99fe0970,19.0,1711740164,,True,30,2024-03-29_20-22-44,2.029019355773926,75.69989490509033,21994,Nicolass-Air.technicolor.net,127.0.0.1,75.69989490509033,30,"71_trial_index=0,alpha=3.0000,autotune=True,buffer_size=10000,capture_video=False,cuda=True,env_id=CartPole-v1,eta=None,exp_name=QREPS,gamma=1.0000,num_envs=1,num_rollouts=5,num_updates=30,policy_lr_end=0.0010,policy_lr_start=0.0200,q_lr_end=0.0010,q_lr_start=0.1000,saddle_point_optimization=True,seed=1,target_entropy_scale=0.1000,torch_deterministic=True,total_timesteps=500,track=False,update_epochs=50,update_policy_epochs=300,use_kl_loss=False,use_linear_schedule=False,wandb_entity=TFG,wandb_project_name=QREPS_CartPole-v1",QREPS,1,True,True,False,QREPS_CartPole-v1,TFG,False,CartPole-v1,500,30,10000,50,300,5,1,1.0,0.02,0.001,0.1,0.001,3.0,,True,0.1,False,True,False,0
e8742f10,0.0,1711740215,,True,30,2024-03-29_20-23-35,0.10796213150024414,118.31642580032349,22177,Nicolass-Air.technicolor.net,127.0.0.1,118.31642580032349,30,"72_trial_index=0,alpha=3.0000,autotune=True,buffer_size=10000,capture_video=False,cuda=True,env_id=CartPole-v1,eta=None,exp_name=QREPS,gamma=0.9900,num_envs=2,num_rollouts=5,num_updates=30,policy_lr_end=0.0010,policy_lr_start=0.0200,q_lr_end=0.0010,q_lr_start=0.1000,saddle_point_optimization=True,seed=1,target_entropy_scale=0.1000,torch_deterministic=True,total_timesteps=500,track=False,update_epochs=100,update_policy_epochs=450,use_kl_loss=False,use_linear_schedule=False,wandb_entity=TFG,wandb_project_name=QREPS_CartPole-v1",QREPS,1,True,True,False,QREPS_CartPole-v1,TFG,False,CartPole-v1,500,30,10000,100,450,5,2,0.99,0.02,0.001,0.1,0.001,3.0,,True,0.1,False,True,False,0
db33cdee,25.0,1711740226,,True,30,2024-03-29_20-23-46,2.5383028984069824,114.1336281299591,22193,Nicolass-Air.technicolor.net,127.0.0.1,114.1336281299591,30,"73_trial_index=0,alpha=3.0000,autotune=True,buffer_size=10000,capture_video=False,cuda=True,env_id=CartPole-v1,eta=None,exp_name=QREPS,gamma=0.9900,num_envs=2,num_rollouts=5,num_updates=30,policy_lr_end=0.0010,policy_lr_start=0.1000,q_lr_end=0.0010,q_lr_start=0.0040,saddle_point_optimization=True,seed=1,target_entropy_scale=0.1000,torch_deterministic=True,total_timesteps=500,track=False,update_epochs=100,update_policy_epochs=300,use_kl_loss=False,use_linear_schedule=False,wandb_entity=TFG,wandb_project_name=QREPS_CartPole-v1",QREPS,1,True,True,False,QREPS_CartPole-v1,TFG,False,CartPole-v1,500,30,10000,100,300,5,2,0.99,0.1,0.001,0.004,0.001,3.0,,True,0.1,False,True,False,0
1b346566,9.0,1711740221,,True,30,2024-03-29_20-23-41,1.9313201904296875,96.17833828926086,22204,Nicolass-Air.technicolor.net,127.0.0.1,96.17833828926086,30,"74_trial_index=0,alpha=3.0000,autotune=True,buffer_size=10000,capture_video=False,cuda=True,env_id=CartPole-v1,eta=None,exp_name=QREPS,gamma=0.9900,num_envs=4,num_rollouts=5,num_updates=30,policy_lr_end=0.0010,policy_lr_start=0.1000,q_lr_end=0.0010,q_lr_start=0.0040,saddle_point_optimization=True,seed=1,target_entropy_scale=0.1000,torch_deterministic=True,total_timesteps=500,track=False,update_epochs=50,update_policy_epochs=450,use_kl_loss=False,use_linear_schedule=False,wandb_entity=TFG,wandb_project_name=QREPS_CartPole-v1",QREPS,1,True,True,False,QREPS_CartPole-v1,TFG,False,CartPole-v1,500,30,10000,50,450,5,4,0.99,0.1,0.001,0.004,0.001,3.0,,True,0.1,False,True,False,0
378b64db,12.8,1711740244,,True,30,2024-03-29_20-24-04,1.454284906387329,104.55799150466919,22219,Nicolass-Air.technicolor.net,127.0.0.1,104.55799150466919,30,"75_trial_index=0,alpha=3.0000,autotune=True,buffer_size=10000,capture_video=False,cuda=True,env_id=CartPole-v1,eta=None,exp_name=QREPS,gamma=1.0000,num_envs=4,num_rollouts=5,num_updates=30,policy_lr_end=0.0010,policy_lr_start=0.0200,q_lr_end=0.0010,q_lr_start=0.0040,saddle_point_optimization=True,seed=1,target_entropy_scale=0.1000,torch_deterministic=True,total_timesteps=500,track=False,update_epochs=50,update_policy_epochs=300,use_kl_loss=False,use_linear_schedule=False,wandb_entity=TFG,wandb_project_name=QREPS_CartPole-v1",QREPS,1,True,True,False,QREPS_CartPole-v1,TFG,False,CartPole-v1,500,30,10000,50,300,5,4,1.0,0.02,0.001,0.004,0.001,3.0,,True,0.1,False,True,False,0
73c75f5a,27.4,1711740447,,True,30,2024-03-29_20-27-27,7.1990461349487305,190.96601700782776,21994,Nicolass-Air.technicolor.net,127.0.0.1,190.96601700782776,30,"76_trial_index=0,alpha=3.0000,autotune=True,buffer_size=10000,capture_video=False,cuda=True,env_id=CartPole-v1,eta=None,exp_name=QREPS,gamma=0.9900,num_envs=4,num_rollouts=5,num_updates=30,policy_lr_end=0.0010,policy_lr_start=0.1000,q_lr_end=0.0010,q_lr_start=0.0040,saddle_point_optimization=True,seed=1,target_entropy_scale=0.1000,torch_deterministic=True,total_timesteps=500,track=False,update_epochs=100,update_policy_epochs=300,use_kl_loss=False,use_linear_schedule=False,wandb_entity=TFG,wandb_project_name=QREPS_CartPole-v1",QREPS,1,True,True,False,QREPS_CartPole-v1,TFG,False,CartPole-v1,500,30,10000,100,300,5,4,0.99,0.1,0.001,0.004,0.001,3.0,,True,0.1,False,True,False,0
824479c4,34.0,1711740417,,True,30,2024-03-29_20-26-57,11.352998971939087,151.72392177581787,22317,Nicolass-Air.technicolor.net,127.0.0.1,151.72392177581787,30,"77_trial_index=0,alpha=3.0000,autotune=True,buffer_size=10000,capture_video=False,cuda=True,env_id=CartPole-v1,eta=None,exp_name=QREPS,gamma=0.9900,num_envs=4,num_rollouts=5,num_updates=30,policy_lr_end=0.0010,policy_lr_start=0.0200,q_lr_end=0.0010,q_lr_start=0.0200,saddle_point_optimization=True,seed=1,target_entropy_scale=0.1000,torch_deterministic=True,total_timesteps=500,track=False,update_epochs=100,update_policy_epochs=300,use_kl_loss=False,use_linear_schedule=False,wandb_entity=TFG,wandb_project_name=QREPS_CartPole-v1",QREPS,1,True,True,False,QREPS_CartPole-v1,TFG,False,CartPole-v1,500,30,10000,100,300,5,4,0.99,0.02,0.001,0.02,0.001,3.0,,True,0.1,False,True,False,0
6d29dd92,61.0,1711740492,,True,30,2024-03-29_20-28-12,5.0414509773254395,219.35693192481995,22324,Nicolass-Air.technicolor.net,127.0.0.1,219.35693192481995,30,"78_trial_index=0,alpha=3.0000,autotune=True,buffer_size=10000,capture_video=False,cuda=True,env_id=CartPole-v1,eta=None,exp_name=QREPS,gamma=1.0000,num_envs=2,num_rollouts=5,num_updates=30,policy_lr_end=0.0010,policy_lr_start=0.0200,q_lr_end=0.0010,q_lr_start=0.1000,saddle_point_optimization=True,seed=1,target_entropy_scale=0.1000,torch_deterministic=True,total_timesteps=500,track=False,update_epochs=100,update_policy_epochs=300,use_kl_loss=False,use_linear_schedule=False,wandb_entity=TFG,wandb_project_name=QREPS_CartPole-v1",QREPS,1,True,True,False,QREPS_CartPole-v1,TFG,False,CartPole-v1,500,30,10000,100,300,5,2,1.0,0.02,0.001,0.1,0.001,3.0,,True,0.1,False,True,False,0
9dea6e63,14.0,1711740397,,True,30,2024-03-29_20-26-37,4.3814918994903564,115.12578320503235,22329,Nicolass-Air.technicolor.net,127.0.0.1,115.12578320503235,30,"79_trial_index=0,alpha=3.0000,autotune=True,buffer_size=10000,capture_video=False,cuda=True,env_id=CartPole-v1,eta=None,exp_name=QREPS,gamma=1.0000,num_envs=2,num_rollouts=5,num_updates=30,policy_lr_end=0.0010,policy_lr_start=0.0040,q_lr_end=0.0010,q_lr_start=0.0040,saddle_point_optimization=True,seed=1,target_entropy_scale=0.1000,torch_deterministic=True,total_timesteps=500,track=False,update_epochs=50,update_policy_epochs=450,use_kl_loss=False,use_linear_schedule=False,wandb_entity=TFG,wandb_project_name=QREPS_CartPole-v1",QREPS,1,True,True,False,QREPS_CartPole-v1,TFG,False,CartPole-v1,500,30,10000,50,450,5,2,1.0,0.004,0.001,0.004,0.001,3.0,,True,0.1,False,True,False,0
24f1f7c5,38.0,1711740548,,True,30,2024-03-29_20-29-08,5.460672855377197,257.5751037597656,22341,Nicolass-Air.technicolor.net,127.0.0.1,257.5751037597656,30,"80_trial_index=0,alpha=3.0000,autotune=True,buffer_size=10000,capture_video=False,cuda=True,env_id=CartPole-v1,eta=None,exp_name=QREPS,gamma=0.9900,num_envs=4,num_rollouts=5,num_updates=30,policy_lr_end=0.0010,policy_lr_start=0.1000,q_lr_end=0.0010,q_lr_start=0.0040,saddle_point_optimization=True,seed=1,target_entropy_scale=0.1000,torch_deterministic=True,total_timesteps=500,track=False,update_epochs=100,update_policy_epochs=450,use_kl_loss=False,use_linear_schedule=False,wandb_entity=TFG,wandb_project_name=QREPS_CartPole-v1",QREPS,1,True,True,False,QREPS_CartPole-v1,TFG,False,CartPole-v1,500,30,10000,100,450,5,4,0.99,0.1,0.001,0.004,0.001,3.0,,True,0.1,False,True,False,0
46eb7d7b,56.0,1711740522,,True,30,2024-03-29_20-28-42,8.354979038238525,215.79780101776123,22359,Nicolass-Air.technicolor.net,127.0.0.1,215.79780101776123,30,"81_trial_index=0,alpha=3.0000,autotune=True,buffer_size=10000,capture_video=False,cuda=True,env_id=CartPole-v1,eta=None,exp_name=QREPS,gamma=1.0000,num_envs=4,num_rollouts=5,num_updates=30,policy_lr_end=0.0010,policy_lr_start=0.0200,q_lr_end=0.0010,q_lr_start=0.0200,saddle_point_optimization=True,seed=1,target_entropy_scale=0.1000,torch_deterministic=True,total_timesteps=500,track=False,update_epochs=50,update_policy_epochs=450,use_kl_loss=False,use_linear_schedule=False,wandb_entity=TFG,wandb_project_name=QREPS_CartPole-v1",QREPS,1,True,True,False,QREPS_CartPole-v1,TFG,False,CartPole-v1,500,30,10000,50,450,5,4,1.0,0.02,0.001,0.02,0.001,3.0,,True,0.1,False,True,False,0
b3585a6a,8.0,1711740476,,True,30,2024-03-29_20-27-56,1.0069949626922607,155.79118418693542,22378,Nicolass-Air.technicolor.net,127.0.0.1,155.79118418693542,30,"82_trial_index=0,alpha=3.0000,autotune=True,buffer_size=10000,capture_video=False,cuda=True,env_id=CartPole-v1,eta=None,exp_name=QREPS,gamma=0.9900,num_envs=2,num_rollouts=5,num_updates=30,policy_lr_end=0.0010,policy_lr_start=0.1000,q_lr_end=0.0010,q_lr_start=0.0040,saddle_point_optimization=True,seed=1,target_entropy_scale=0.1000,torch_deterministic=True,total_timesteps=500,track=False,update_epochs=50,update_policy_epochs=300,use_kl_loss=False,use_linear_schedule=False,wandb_entity=TFG,wandb_project_name=QREPS_CartPole-v1",QREPS,1,True,True,False,QREPS_CartPole-v1,TFG,False,CartPole-v1,500,30,10000,50,300,5,2,0.99,0.1,0.001,0.004,0.001,3.0,,True,0.1,False,True,False,0
f8d4ba55,33.8,1711740471,,True,30,2024-03-29_20-27-51,2.8015990257263184,135.73328828811646,22395,Nicolass-Air.technicolor.net,127.0.0.1,135.73328828811646,30,"83_trial_index=0,alpha=3.0000,autotune=True,buffer_size=10000,capture_video=False,cuda=True,env_id=CartPole-v1,eta=None,exp_name=QREPS,gamma=1.0000,num_envs=2,num_rollouts=5,num_updates=30,policy_lr_end=0.0010,policy_lr_start=0.0200,q_lr_end=0.0010,q_lr_start=0.0040,saddle_point_optimization=True,seed=1,target_entropy_scale=0.1000,torch_deterministic=True,total_timesteps=500,track=False,update_epochs=50,update_policy_epochs=300,use_kl_loss=False,use_linear_schedule=False,wandb_entity=TFG,wandb_project_name=QREPS_CartPole-v1",QREPS,1,True,True,False,QREPS_CartPole-v1,TFG,False,CartPole-v1,500,30,10000,50,300,5,2,1.0,0.02,0.001,0.004,0.001,3.0,,True,0.1,False,True,False,0
87e125a0,8.0,1711740579,,True,30,2024-03-29_20-29-39,1.4098098278045654,30.745769262313843,22329,Nicolass-Air.technicolor.net,127.0.0.1,30.745769262313843,30,"84_trial_index=0,alpha=3.0000,autotune=True,buffer_size=10000,capture_video=False,cuda=True,env_id=CartPole-v1,eta=None,exp_name=QREPS,gamma=0.9900,num_envs=1,num_rollouts=5,num_updates=30,policy_lr_end=0.0010,policy_lr_start=0.1000,q_lr_end=0.0010,q_lr_start=0.0200,saddle_point_optimization=True,seed=1,target_entropy_scale=0.1000,torch_deterministic=True,total_timesteps=500,track=False,update_epochs=50,update_policy_epochs=450,use_kl_loss=False,use_linear_schedule=False,wandb_entity=TFG,wandb_project_name=QREPS_CartPole-v1",QREPS,1,True,True,False,QREPS_CartPole-v1,TFG,False,CartPole-v1,500,30,10000,50,450,5,1,0.99,0.1,0.001,0.02,0.001,3.0,,True,0.1,False,True,False,0
1a18394b,11.0,1711740596,,True,30,2024-03-29_20-29-56,0.9149291515350342,27.347553491592407,22681,Nicolass-Air.technicolor.net,127.0.0.1,27.347553491592407,30,"85_trial_index=0,alpha=3.0000,autotune=True,buffer_size=10000,capture_video=False,cuda=True,env_id=CartPole-v1,eta=None,exp_name=QREPS,gamma=0.9900,num_envs=1,num_rollouts=5,num_updates=30,policy_lr_end=0.0010,policy_lr_start=0.1000,q_lr_end=0.0010,q_lr_start=0.0040,saddle_point_optimization=True,seed=1,target_entropy_scale=0.1000,torch_deterministic=True,total_timesteps=500,track=False,update_epochs=50,update_policy_epochs=300,use_kl_loss=False,use_linear_schedule=False,wandb_entity=TFG,wandb_project_name=QREPS_CartPole-v1",QREPS,1,True,True,False,QREPS_CartPole-v1,TFG,False,CartPole-v1,500,30,10000,50,300,5,1,0.99,0.1,0.001,0.004,0.001,3.0,,True,0.1,False,True,False,0
187234b1,17.0,1711740682,,True,30,2024-03-29_20-31-22,3.9032700061798096,104.09668707847595,22690,Nicolass-Air.technicolor.net,127.0.0.1,104.09668707847595,30,"86_trial_index=0,alpha=3.0000,autotune=True,buffer_size=10000,capture_video=False,cuda=True,env_id=CartPole-v1,eta=None,exp_name=QREPS,gamma=0.9900,num_envs=2,num_rollouts=5,num_updates=30,policy_lr_end=0.0010,policy_lr_start=0.0040,q_lr_end=0.0010,q_lr_start=0.1000,saddle_point_optimization=True,seed=1,target_entropy_scale=0.1000,torch_deterministic=True,total_timesteps=500,track=False,update_epochs=100,update_policy_epochs=300,use_kl_loss=False,use_linear_schedule=False,wandb_entity=TFG,wandb_project_name=QREPS_CartPole-v1",QREPS,1,True,True,False,QREPS_CartPole-v1,TFG,False,CartPole-v1,500,30,10000,100,300,5,2,0.99,0.004,0.001,0.1,0.001,3.0,,True,0.1,False,True,False,0
feb1b4ff,39.0,1711740700,,True,30,2024-03-29_20-31-40,3.6324639320373535,113.14290285110474,22699,Nicolass-Air.technicolor.net,127.0.0.1,113.14290285110474,30,"87_trial_index=0,alpha=3.0000,autotune=True,buffer_size=10000,capture_video=False,cuda=True,env_id=CartPole-v1,eta=None,exp_name=QREPS,gamma=0.9900,num_envs=1,num_rollouts=5,num_updates=30,policy_lr_end=0.0010,policy_lr_start=0.0040,q_lr_end=0.0010,q_lr_start=0.1000,saddle_point_optimization=True,seed=1,target_entropy_scale=0.1000,torch_deterministic=True,total_timesteps=500,track=False,update_epochs=100,update_policy_epochs=300,use_kl_loss=False,use_linear_schedule=False,wandb_entity=TFG,wandb_project_name=QREPS_CartPole-v1",QREPS,1,True,True,False,QREPS_CartPole-v1,TFG,False,CartPole-v1,500,30,10000,100,300,5,1,0.99,0.004,0.001,0.1,0.001,3.0,,True,0.1,False,True,False,0
c59c4739,15.0,1711740717,,True,30,2024-03-29_20-31-57,3.3783788681030273,129.56245923042297,22329,Nicolass-Air.technicolor.net,127.0.0.1,129.56245923042297,30,"88_trial_index=0,alpha=3.0000,autotune=True,buffer_size=10000,capture_video=False,cuda=True,env_id=CartPole-v1,eta=None,exp_name=QREPS,gamma=0.9900,num_envs=2,num_rollouts=5,num_updates=30,policy_lr_end=0.0010,policy_lr_start=0.0040,q_lr_end=0.0010,q_lr_start=0.0040,saddle_point_optimization=True,seed=1,target_entropy_scale=0.1000,torch_deterministic=True,total_timesteps=500,track=False,update_epochs=100,update_policy_epochs=450,use_kl_loss=False,use_linear_schedule=False,wandb_entity=TFG,wandb_project_name=QREPS_CartPole-v1",QREPS,1,True,True,False,QREPS_CartPole-v1,TFG,False,CartPole-v1,500,30,10000,100,450,5,2,0.99,0.004,0.001,0.004,0.001,3.0,,True,0.1,False,True,False,0
840a1459,11.0,1711740675,,True,30,2024-03-29_20-31-15,2.752013921737671,79.06044054031372,22681,Nicolass-Air.technicolor.net,127.0.0.1,79.06044054031372,30,"89_trial_index=0,alpha=3.0000,autotune=True,buffer_size=10000,capture_video=False,cuda=True,env_id=CartPole-v1,eta=None,exp_name=QREPS,gamma=0.9900,num_envs=1,num_rollouts=5,num_updates=30,policy_lr_end=0.0010,policy_lr_start=0.0040,q_lr_end=0.0010,q_lr_start=0.0200,saddle_point_optimization=True,seed=1,target_entropy_scale=0.1000,torch_deterministic=True,total_timesteps=500,track=False,update_epochs=100,update_policy_epochs=450,use_kl_loss=False,use_linear_schedule=False,wandb_entity=TFG,wandb_project_name=QREPS_CartPole-v1",QREPS,1,True,True,False,QREPS_CartPole-v1,TFG,False,CartPole-v1,500,30,10000,100,450,5,1,0.99,0.004,0.001,0.02,0.001,3.0,,True,0.1,False,True,False,0
1e80a96f,48.0,1711740732,,True,30,2024-03-29_20-32-12,2.140194892883301,124.46267652511597,22728,Nicolass-Air.technicolor.net,127.0.0.1,124.46267652511597,30,"90_trial_index=0,alpha=3.0000,autotune=True,buffer_size=10000,capture_video=False,cuda=True,env_id=CartPole-v1,eta=None,exp_name=QREPS,gamma=1.0000,num_envs=1,num_rollouts=5,num_updates=30,policy_lr_end=0.0010,policy_lr_start=0.0040,q_lr_end=0.0010,q_lr_start=0.0040,saddle_point_optimization=True,seed=1,target_entropy_scale=0.1000,torch_deterministic=True,total_timesteps=500,track=False,update_epochs=50,update_policy_epochs=450,use_kl_loss=False,use_linear_schedule=False,wandb_entity=TFG,wandb_project_name=QREPS_CartPole-v1",QREPS,1,True,True,False,QREPS_CartPole-v1,TFG,False,CartPole-v1,500,30,10000,50,450,5,1,1.0,0.004,0.001,0.004,0.001,3.0,,True,0.1,False,True,False,0
5e8565c8,9.0,1711740719,,True,30,2024-03-29_20-31-59,2.387462854385376,99.80737471580505,22742,Nicolass-Air.technicolor.net,127.0.0.1,99.80737471580505,30,"91_trial_index=0,alpha=3.0000,autotune=True,buffer_size=10000,capture_video=False,cuda=True,env_id=CartPole-v1,eta=None,exp_name=QREPS,gamma=1.0000,num_envs=4,num_rollouts=5,num_updates=30,policy_lr_end=0.0010,policy_lr_start=0.1000,q_lr_end=0.0010,q_lr_start=0.0200,saddle_point_optimization=True,seed=1,target_entropy_scale=0.1000,torch_deterministic=True,total_timesteps=500,track=False,update_epochs=50,update_policy_epochs=450,use_kl_loss=False,use_linear_schedule=False,wandb_entity=TFG,wandb_project_name=QREPS_CartPole-v1",QREPS,1,True,True,False,QREPS_CartPole-v1,TFG,False,CartPole-v1,500,30,10000,50,450,5,4,1.0,0.1,0.001,0.02,0.001,3.0,,True,0.1,False,True,False,0
a0a386d9,0.0,1711740724,,True,21,2024-03-29_20-32-04,0.21321821212768555,91.40540623664856,22751,Nicolass-Air.technicolor.net,127.0.0.1,91.40540623664856,21,"92_trial_index=0,alpha=3.0000,autotune=True,buffer_size=10000,capture_video=False,cuda=True,env_id=CartPole-v1,eta=None,exp_name=QREPS,gamma=1.0000,num_envs=2,num_rollouts=5,num_updates=30,policy_lr_end=0.0010,policy_lr_start=0.0200,q_lr_end=0.0010,q_lr_start=0.1000,saddle_point_optimization=True,seed=1,target_entropy_scale=0.1000,torch_deterministic=True,total_timesteps=500,track=False,update_epochs=100,update_policy_epochs=450,use_kl_loss=False,use_linear_schedule=False,wandb_entity=TFG,wandb_project_name=QREPS_CartPole-v1",QREPS,1,True,True,False,QREPS_CartPole-v1,TFG,False,CartPole-v1,500,30,10000,100,450,5,2,1.0,0.02,0.001,0.1,0.001,3.0,,True,0.1,False,True,False,0
4298ded2,24.4,1711740752,,True,30,2024-03-29_20-32-32,2.3362510204315186,103.09529113769531,22763,Nicolass-Air.technicolor.net,127.0.0.1,103.09529113769531,30,"93_trial_index=0,alpha=3.0000,autotune=True,buffer_size=10000,capture_video=False,cuda=True,env_id=CartPole-v1,eta=None,exp_name=QREPS,gamma=0.9900,num_envs=4,num_rollouts=5,num_updates=30,policy_lr_end=0.0010,policy_lr_start=0.0200,q_lr_end=0.0010,q_lr_start=0.0200,saddle_point_optimization=True,seed=1,target_entropy_scale=0.1000,torch_deterministic=True,total_timesteps=500,track=False,update_epochs=50,update_policy_epochs=300,use_kl_loss=False,use_linear_schedule=False,wandb_entity=TFG,wandb_project_name=QREPS_CartPole-v1",QREPS,1,True,True,False,QREPS_CartPole-v1,TFG,False,CartPole-v1,500,30,10000,50,300,5,4,0.99,0.02,0.001,0.02,0.001,3.0,,True,0.1,False,True,False,0
7bcb9e9f,10.2,1711740807,,True,30,2024-03-29_20-33-27,1.7073049545288086,48.512073278427124,22681,Nicolass-Air.technicolor.net,127.0.0.1,48.512073278427124,30,"94_trial_index=0,alpha=3.0000,autotune=True,buffer_size=10000,capture_video=False,cuda=True,env_id=CartPole-v1,eta=None,exp_name=QREPS,gamma=0.9900,num_envs=2,num_rollouts=5,num_updates=30,policy_lr_end=0.0010,policy_lr_start=0.1000,q_lr_end=0.0010,q_lr_start=0.0200,saddle_point_optimization=True,seed=1,target_entropy_scale=0.1000,torch_deterministic=True,total_timesteps=500,track=False,update_epochs=50,update_policy_epochs=450,use_kl_loss=False,use_linear_schedule=False,wandb_entity=TFG,wandb_project_name=QREPS_CartPole-v1",QREPS,1,True,True,False,QREPS_CartPole-v1,TFG,False,CartPole-v1,500,30,10000,50,450,5,2,0.99,0.1,0.001,0.02,0.001,3.0,,True,0.1,False,True,False,0
a0986bad,0.0,1711740796,,True,14,2024-03-29_20-33-16,0.6000380516052246,26.682072401046753,22918,Nicolass-Air.technicolor.net,127.0.0.1,26.682072401046753,14,"95_trial_index=0,alpha=3.0000,autotune=True,buffer_size=10000,capture_video=False,cuda=True,env_id=CartPole-v1,eta=None,exp_name=QREPS,gamma=1.0000,num_envs=2,num_rollouts=5,num_updates=30,policy_lr_end=0.0010,policy_lr_start=0.1000,q_lr_end=0.0010,q_lr_start=0.1000,saddle_point_optimization=True,seed=1,target_entropy_scale=0.1000,torch_deterministic=True,total_timesteps=500,track=False,update_epochs=100,update_policy_epochs=450,use_kl_loss=False,use_linear_schedule=False,wandb_entity=TFG,wandb_project_name=QREPS_CartPole-v1",QREPS,1,True,True,False,QREPS_CartPole-v1,TFG,False,CartPole-v1,500,30,10000,100,450,5,2,1.0,0.1,0.001,0.1,0.001,3.0,,True,0.1,False,True,False,0
028379b2,0.0,1711740792,,True,11,2024-03-29_20-33-12,0.4755270481109619,15.189716100692749,22927,Nicolass-Air.technicolor.net,127.0.0.1,15.189716100692749,11,"96_trial_index=0,alpha=3.0000,autotune=True,buffer_size=10000,capture_video=False,cuda=True,env_id=CartPole-v1,eta=None,exp_name=QREPS,gamma=1.0000,num_envs=2,num_rollouts=5,num_updates=30,policy_lr_end=0.0010,policy_lr_start=0.1000,q_lr_end=0.0010,q_lr_start=0.1000,saddle_point_optimization=True,seed=1,target_entropy_scale=0.1000,torch_deterministic=True,total_timesteps=500,track=False,update_epochs=100,update_policy_epochs=300,use_kl_loss=False,use_linear_schedule=False,wandb_entity=TFG,wandb_project_name=QREPS_CartPole-v1",QREPS,1,True,True,False,QREPS_CartPole-v1,TFG,False,CartPole-v1,500,30,10000,100,300,5,2,1.0,0.1,0.001,0.1,0.001,3.0,,True,0.1,False,True,False,0
59f0cf61,12.0,1711740847,,True,30,2024-03-29_20-34-07,1.3889858722686768,58.26439046859741,22938,Nicolass-Air.technicolor.net,127.0.0.1,58.26439046859741,30,"97_trial_index=0,alpha=3.0000,autotune=True,buffer_size=10000,capture_video=False,cuda=True,env_id=CartPole-v1,eta=None,exp_name=QREPS,gamma=0.9900,num_envs=2,num_rollouts=5,num_updates=30,policy_lr_end=0.0010,policy_lr_start=0.0200,q_lr_end=0.0010,q_lr_start=0.0040,saddle_point_optimization=True,seed=1,target_entropy_scale=0.1000,torch_deterministic=True,total_timesteps=500,track=False,update_epochs=50,update_policy_epochs=450,use_kl_loss=False,use_linear_schedule=False,wandb_entity=TFG,wandb_project_name=QREPS_CartPole-v1",QREPS,1,True,True,False,QREPS_CartPole-v1,TFG,False,CartPole-v1,500,30,10000,50,450,5,2,0.99,0.02,0.001,0.004,0.001,3.0,,True,0.1,False,True,False,0
2884b50c,11.0,1711740830,,True,30,2024-03-29_20-33-50,1.0601370334625244,38.3692843914032,22927,Nicolass-Air.technicolor.net,127.0.0.1,38.3692843914032,30,"98_trial_index=0,alpha=3.0000,autotune=True,buffer_size=10000,capture_video=False,cuda=True,env_id=CartPole-v1,eta=None,exp_name=QREPS,gamma=1.0000,num_envs=1,num_rollouts=5,num_updates=30,policy_lr_end=0.0010,policy_lr_start=0.1000,q_lr_end=0.0010,q_lr_start=0.0200,saddle_point_optimization=True,seed=1,target_entropy_scale=0.1000,torch_deterministic=True,total_timesteps=500,track=False,update_epochs=100,update_policy_epochs=300,use_kl_loss=False,use_linear_schedule=False,wandb_entity=TFG,wandb_project_name=QREPS_CartPole-v1",QREPS,1,True,True,False,QREPS_CartPole-v1,TFG,False,CartPole-v1,500,30,10000,100,300,5,1,1.0,0.1,0.001,0.02,0.001,3.0,,True,0.1,False,True,False,0
0d2fe49e,10.0,1711740856,,True,30,2024-03-29_20-34-16,1.400829792022705,59.5611846446991,22918,Nicolass-Air.technicolor.net,127.0.0.1,59.5611846446991,30,"99_trial_index=0,alpha=3.0000,autotune=True,buffer_size=10000,capture_video=False,cuda=True,env_id=CartPole-v1,eta=None,exp_name=QREPS,gamma=0.9900,num_envs=2,num_rollouts=5,num_updates=30,policy_lr_end=0.0010,policy_lr_start=0.1000,q_lr_end=0.0010,q_lr_start=0.0200,saddle_point_optimization=True,seed=1,target_entropy_scale=0.1000,torch_deterministic=True,total_timesteps=500,track=False,update_epochs=100,update_policy_epochs=450,use_kl_loss=False,use_linear_schedule=False,wandb_entity=TFG,wandb_project_name=QREPS_CartPole-v1",QREPS,1,True,True,False,QREPS_CartPole-v1,TFG,False,CartPole-v1,500,30,10000,100,450,5,2,0.99,0.1,0.001,0.02,0.001,3.0,,True,0.1,False,True,False,0
30cd5e59,18.0,1711740858,,True,30,2024-03-29_20-34-18,1.3178110122680664,50.64592790603638,22681,Nicolass-Air.technicolor.net,127.0.0.1,50.64592790603638,30,"100_trial_index=0,alpha=3.0000,autotune=True,buffer_size=10000,capture_video=False,cuda=True,env_id=CartPole-v1,eta=None,exp_name=QREPS,gamma=1.0000,num_envs=2,num_rollouts=5,num_updates=30,policy_lr_end=0.0010,policy_lr_start=0.0040,q_lr_end=0.0010,q_lr_start=0.0200,saddle_point_optimization=True,seed=1,target_entropy_scale=0.1000,torch_deterministic=True,total_timesteps=500,track=False,update_epochs=50,update_policy_epochs=300,use_kl_loss=False,use_linear_schedule=False,wandb_entity=TFG,wandb_project_name=QREPS_CartPole-v1",QREPS,1,True,True,False,QREPS_CartPole-v1,TFG,False,CartPole-v1,500,30,10000,50,300,5,2,1.0,0.004,0.001,0.02,0.001,3.0,,True,0.1,False,True,False,0
