trial_id,reward,timestamp,checkpoint_dir_name,done,training_iteration,date,time_this_iter_s,time_total_s,pid,hostname,node_ip,time_since_restore,iterations_since_restore,experiment_tag,config/exp_name,config/seed,config/torch_deterministic,config/cuda,config/track,config/wandb_project_name,config/wandb_entity,config/capture_video,config/env_id,config/total_timesteps,config/num_updates,config/buffer_size,config/update_epochs,config/update_policy_epochs,config/num_rollouts,config/num_envs,config/gamma,config/policy_lr_start,config/policy_lr_end,config/q_lr_start,config/q_lr_end,config/alpha,config/eta,config/autotune,config/target_entropy_scale,config/linear_schedule,config/saddle_point_optimization,config/kl_loss,config/__trial_index__
e37579b8,28.8,1711571024,,True,30,2024-03-27_21-23-44,19.556576013565063,522.7525191307068,36219,Nicolass-Air.technicolor.net,127.0.0.1,522.7525191307068,30,"1_trial_index=0,alpha=0.3733,autotune=False,buffer_size=10000,capture_video=False,cuda=True,env_id=CartPole-v1,eta=None,exp_name=QREPS,gamma=1.0000,kl_loss=True,linear_schedule=False,num_envs=4,num_rollouts=5,num_updates=30,policy_lr_end=0.0010,policy_lr_start=0.0069,q_lr_end=0.0010,q_lr_start=0.0045,saddle_point_optimization=True,seed=1,target_entropy_scale=0.1000,torch_deterministic=True,total_timesteps=200,track=False,update_epochs=300,update_policy_epochs=450,wandb_entity=TFG,wandb_project_name=QREPS_CartPole-v1",QREPS,1,True,True,False,QREPS_CartPole-v1,TFG,False,CartPole-v1,200,30,10000,300,450,5,4,1.0,0.006912264293247296,0.001,0.004532080243523276,0.001,0.3733345842282964,,False,0.1,False,True,True,0
6ece8fa8,22.6,1711570895,,True,30,2024-03-27_21-21-35,17.245359897613525,385.2788984775543,36225,Nicolass-Air.technicolor.net,127.0.0.1,385.2788984775543,30,"2_trial_index=1,alpha=0.3733,autotune=False,buffer_size=10000,capture_video=False,cuda=True,env_id=CartPole-v1,eta=None,exp_name=QREPS,gamma=1.0000,kl_loss=True,linear_schedule=False,num_envs=4,num_rollouts=5,num_updates=30,policy_lr_end=0.0010,policy_lr_start=0.0069,q_lr_end=0.0010,q_lr_start=0.0045,saddle_point_optimization=True,seed=1,target_entropy_scale=0.1000,torch_deterministic=True,total_timesteps=200,track=False,update_epochs=300,update_policy_epochs=450,wandb_entity=TFG,wandb_project_name=QREPS_CartPole-v1",QREPS,1,True,True,False,QREPS_CartPole-v1,TFG,False,CartPole-v1,200,30,10000,300,450,5,4,1.0,0.006912264293247296,0.001,0.004532080243523276,0.001,0.3733345842282964,,False,0.1,False,True,True,1
6bdd0c21,25.6,1711570954,,True,30,2024-03-27_21-22-34,18.838544130325317,435.8598783016205,36234,Nicolass-Air.technicolor.net,127.0.0.1,435.8598783016205,30,"3_trial_index=2,alpha=0.3733,autotune=False,buffer_size=10000,capture_video=False,cuda=True,env_id=CartPole-v1,eta=None,exp_name=QREPS,gamma=1.0000,kl_loss=True,linear_schedule=False,num_envs=4,num_rollouts=5,num_updates=30,policy_lr_end=0.0010,policy_lr_start=0.0069,q_lr_end=0.0010,q_lr_start=0.0045,saddle_point_optimization=True,seed=1,target_entropy_scale=0.1000,torch_deterministic=True,total_timesteps=200,track=False,update_epochs=300,update_policy_epochs=450,wandb_entity=TFG,wandb_project_name=QREPS_CartPole-v1",QREPS,1,True,True,False,QREPS_CartPole-v1,TFG,False,CartPole-v1,200,30,10000,300,450,5,4,1.0,0.006912264293247296,0.001,0.004532080243523276,0.001,0.3733345842282964,,False,0.1,False,True,True,2
054b22bb,0.0,1711570691,,True,17,2024-03-27_21-18-11,3.218575954437256,163.51421546936035,36239,Nicolass-Air.technicolor.net,127.0.0.1,163.51421546936035,17,"4_trial_index=0,alpha=3.4378,autotune=False,buffer_size=10000,capture_video=False,cuda=True,env_id=CartPole-v1,eta=None,exp_name=QREPS,gamma=0.9900,kl_loss=True,linear_schedule=False,num_envs=8,num_rollouts=5,num_updates=30,policy_lr_end=0.0010,policy_lr_start=0.2486,q_lr_end=0.0010,q_lr_start=0.1464,saddle_point_optimization=True,seed=1,target_entropy_scale=0.1000,torch_deterministic=True,total_timesteps=200,track=False,update_epochs=100,update_policy_epochs=500,wandb_entity=TFG,wandb_project_name=QREPS_CartPole-v1",QREPS,1,True,True,False,QREPS_CartPole-v1,TFG,False,CartPole-v1,200,30,10000,100,500,5,8,0.99,0.24856241188713998,0.001,0.14644853040303574,0.001,3.437796166377922,,False,0.1,False,True,True,0
b474917b,0.0,1711570716,,True,22,2024-03-27_21-18-36,0.8220999240875244,176.2275426387787,36244,Nicolass-Air.technicolor.net,127.0.0.1,176.2275426387787,22,"5_trial_index=1,alpha=3.4378,autotune=False,buffer_size=10000,capture_video=False,cuda=True,env_id=CartPole-v1,eta=None,exp_name=QREPS,gamma=0.9900,kl_loss=True,linear_schedule=False,num_envs=8,num_rollouts=5,num_updates=30,policy_lr_end=0.0010,policy_lr_start=0.2486,q_lr_end=0.0010,q_lr_start=0.1464,saddle_point_optimization=True,seed=1,target_entropy_scale=0.1000,torch_deterministic=True,total_timesteps=200,track=False,update_epochs=100,update_policy_epochs=500,wandb_entity=TFG,wandb_project_name=QREPS_CartPole-v1",QREPS,1,True,True,False,QREPS_CartPole-v1,TFG,False,CartPole-v1,200,30,10000,100,500,5,8,0.99,0.24856241188713998,0.001,0.14644853040303574,0.001,3.437796166377922,,False,0.1,False,True,True,1
89553c10,36.0,1711571279,,True,30,2024-03-27_21-27-59,18.418566942214966,726.0629856586456,36265,Nicolass-Air.technicolor.net,127.0.0.1,726.0629856586456,30,"6_trial_index=2,alpha=3.4378,autotune=False,buffer_size=10000,capture_video=False,cuda=True,env_id=CartPole-v1,eta=None,exp_name=QREPS,gamma=0.9900,kl_loss=True,linear_schedule=False,num_envs=8,num_rollouts=5,num_updates=30,policy_lr_end=0.0010,policy_lr_start=0.2486,q_lr_end=0.0010,q_lr_start=0.1464,saddle_point_optimization=True,seed=1,target_entropy_scale=0.1000,torch_deterministic=True,total_timesteps=200,track=False,update_epochs=100,update_policy_epochs=500,wandb_entity=TFG,wandb_project_name=QREPS_CartPole-v1",QREPS,1,True,True,False,QREPS_CartPole-v1,TFG,False,CartPole-v1,200,30,10000,100,500,5,8,0.99,0.24856241188713998,0.001,0.14644853040303574,0.001,3.437796166377922,,False,0.1,False,True,True,2
d84d5e4c,0.0,1711570859,,True,24,2024-03-27_21-20-59,6.38908314704895,290.5800006389618,36276,Nicolass-Air.technicolor.net,127.0.0.1,290.5800006389618,24,"7_trial_index=0,alpha=0.6596,autotune=False,buffer_size=10000,capture_video=False,cuda=True,env_id=CartPole-v1,eta=None,exp_name=QREPS,gamma=1.0000,kl_loss=True,linear_schedule=False,num_envs=8,num_rollouts=5,num_updates=30,policy_lr_end=0.0010,policy_lr_start=0.0515,q_lr_end=0.0010,q_lr_start=0.0148,saddle_point_optimization=True,seed=1,target_entropy_scale=0.1000,torch_deterministic=True,total_timesteps=200,track=False,update_epochs=300,update_policy_epochs=500,wandb_entity=TFG,wandb_project_name=QREPS_CartPole-v1",QREPS,1,True,True,False,QREPS_CartPole-v1,TFG,False,CartPole-v1,200,30,10000,300,500,5,8,1.0,0.051510167610250526,0.001,0.014818614135218873,0.001,0.6596419469143194,,False,0.1,False,True,True,0
40901147,9.0,1711570987,,True,30,2024-03-27_21-23-07,12.876796007156372,401.23254346847534,36290,Nicolass-Air.technicolor.net,127.0.0.1,401.23254346847534,30,"8_trial_index=1,alpha=0.6596,autotune=False,buffer_size=10000,capture_video=False,cuda=True,env_id=CartPole-v1,eta=None,exp_name=QREPS,gamma=1.0000,kl_loss=True,linear_schedule=False,num_envs=8,num_rollouts=5,num_updates=30,policy_lr_end=0.0010,policy_lr_start=0.0515,q_lr_end=0.0010,q_lr_start=0.0148,saddle_point_optimization=True,seed=1,target_entropy_scale=0.1000,torch_deterministic=True,total_timesteps=200,track=False,update_epochs=300,update_policy_epochs=500,wandb_entity=TFG,wandb_project_name=QREPS_CartPole-v1",QREPS,1,True,True,False,QREPS_CartPole-v1,TFG,False,CartPole-v1,200,30,10000,300,500,5,8,1.0,0.051510167610250526,0.001,0.014818614135218873,0.001,0.6596419469143194,,False,0.1,False,True,True,1
a3b88248,0.0,1711571043,,True,28,2024-03-27_21-24-03,5.270715951919556,352.3820204734802,36239,Nicolass-Air.technicolor.net,127.0.0.1,352.3820204734802,28,"9_trial_index=2,alpha=0.6596,autotune=False,buffer_size=10000,capture_video=False,cuda=True,env_id=CartPole-v1,eta=None,exp_name=QREPS,gamma=1.0000,kl_loss=True,linear_schedule=False,num_envs=8,num_rollouts=5,num_updates=30,policy_lr_end=0.0010,policy_lr_start=0.0515,q_lr_end=0.0010,q_lr_start=0.0148,saddle_point_optimization=True,seed=1,target_entropy_scale=0.1000,torch_deterministic=True,total_timesteps=200,track=False,update_epochs=300,update_policy_epochs=500,wandb_entity=TFG,wandb_project_name=QREPS_CartPole-v1",QREPS,1,True,True,False,QREPS_CartPole-v1,TFG,False,CartPole-v1,200,30,10000,300,500,5,8,1.0,0.051510167610250526,0.001,0.014818614135218873,0.001,0.6596419469143194,,False,0.1,False,True,True,2
b009c53d,43.0,1711571180,,True,30,2024-03-27_21-26-20,18.393051147460938,463.5444378852844,36244,Nicolass-Air.technicolor.net,127.0.0.1,463.5444378852844,30,"10_trial_index=0,alpha=5.8465,autotune=False,buffer_size=10000,capture_video=False,cuda=True,env_id=CartPole-v1,eta=None,exp_name=QREPS,gamma=0.9900,kl_loss=True,linear_schedule=False,num_envs=4,num_rollouts=5,num_updates=30,policy_lr_end=0.0010,policy_lr_start=0.0334,q_lr_end=0.0010,q_lr_start=0.0472,saddle_point_optimization=True,seed=1,target_entropy_scale=0.1000,torch_deterministic=True,total_timesteps=200,track=False,update_epochs=100,update_policy_epochs=450,wandb_entity=TFG,wandb_project_name=QREPS_CartPole-v1",QREPS,1,True,True,False,QREPS_CartPole-v1,TFG,False,CartPole-v1,200,30,10000,100,450,5,4,0.99,0.03337645308520251,0.001,0.04715068975692808,0.001,5.846536778784072,,False,0.1,False,True,True,0
e2549f5c,9.0,1711571005,,True,30,2024-03-27_21-23-25,4.786271810531616,145.31612277030945,36276,Nicolass-Air.technicolor.net,127.0.0.1,145.31612277030945,30,"11_trial_index=1,alpha=5.8465,autotune=False,buffer_size=10000,capture_video=False,cuda=True,env_id=CartPole-v1,eta=None,exp_name=QREPS,gamma=0.9900,kl_loss=True,linear_schedule=False,num_envs=4,num_rollouts=5,num_updates=30,policy_lr_end=0.0010,policy_lr_start=0.0334,q_lr_end=0.0010,q_lr_start=0.0472,saddle_point_optimization=True,seed=1,target_entropy_scale=0.1000,torch_deterministic=True,total_timesteps=200,track=False,update_epochs=100,update_policy_epochs=450,wandb_entity=TFG,wandb_project_name=QREPS_CartPole-v1",QREPS,1,True,True,False,QREPS_CartPole-v1,TFG,False,CartPole-v1,200,30,10000,100,450,5,4,0.99,0.03337645308520251,0.001,0.04715068975692808,0.001,5.846536778784072,,False,0.1,False,True,True,1
99e0132e,8.0,1711571030,,True,30,2024-03-27_21-23-50,4.430312156677246,134.43422389030457,36225,Nicolass-Air.technicolor.net,127.0.0.1,134.43422389030457,30,"12_trial_index=2,alpha=5.8465,autotune=False,buffer_size=10000,capture_video=False,cuda=True,env_id=CartPole-v1,eta=None,exp_name=QREPS,gamma=0.9900,kl_loss=True,linear_schedule=False,num_envs=4,num_rollouts=5,num_updates=30,policy_lr_end=0.0010,policy_lr_start=0.0334,q_lr_end=0.0010,q_lr_start=0.0472,saddle_point_optimization=True,seed=1,target_entropy_scale=0.1000,torch_deterministic=True,total_timesteps=200,track=False,update_epochs=100,update_policy_epochs=450,wandb_entity=TFG,wandb_project_name=QREPS_CartPole-v1",QREPS,1,True,True,False,QREPS_CartPole-v1,TFG,False,CartPole-v1,200,30,10000,100,450,5,4,0.99,0.03337645308520251,0.001,0.04715068975692808,0.001,5.846536778784072,,False,0.1,False,True,True,2
6c7da59b,8.0,1711571108,,True,30,2024-03-27_21-25-08,4.62462306022644,153.9642653465271,36234,Nicolass-Air.technicolor.net,127.0.0.1,153.9642653465271,30,"13_trial_index=0,alpha=2.0258,autotune=False,buffer_size=10000,capture_video=False,cuda=True,env_id=CartPole-v1,eta=None,exp_name=QREPS,gamma=1.0000,kl_loss=True,linear_schedule=False,num_envs=4,num_rollouts=5,num_updates=30,policy_lr_end=0.0010,policy_lr_start=0.0111,q_lr_end=0.0010,q_lr_start=0.0271,saddle_point_optimization=True,seed=1,target_entropy_scale=0.1000,torch_deterministic=True,total_timesteps=200,track=False,update_epochs=100,update_policy_epochs=450,wandb_entity=TFG,wandb_project_name=QREPS_CartPole-v1",QREPS,1,True,True,False,QREPS_CartPole-v1,TFG,False,CartPole-v1,200,30,10000,100,450,5,4,1.0,0.011138422578723417,0.001,0.027079392992590365,0.001,2.0258027721054885,,False,0.1,False,True,True,0
51abee33,9.0,1711571144,,True,30,2024-03-27_21-25-44,4.810196876525879,157.0198793411255,36290,Nicolass-Air.technicolor.net,127.0.0.1,157.0198793411255,30,"14_trial_index=1,alpha=2.0258,autotune=False,buffer_size=10000,capture_video=False,cuda=True,env_id=CartPole-v1,eta=None,exp_name=QREPS,gamma=1.0000,kl_loss=True,linear_schedule=False,num_envs=4,num_rollouts=5,num_updates=30,policy_lr_end=0.0010,policy_lr_start=0.0111,q_lr_end=0.0010,q_lr_start=0.0271,saddle_point_optimization=True,seed=1,target_entropy_scale=0.1000,torch_deterministic=True,total_timesteps=200,track=False,update_epochs=100,update_policy_epochs=450,wandb_entity=TFG,wandb_project_name=QREPS_CartPole-v1",QREPS,1,True,True,False,QREPS_CartPole-v1,TFG,False,CartPole-v1,200,30,10000,100,450,5,4,1.0,0.011138422578723417,0.001,0.027079392992590365,0.001,2.0258027721054885,,False,0.1,False,True,True,1
4207726c,29.8,1711571341,,True,30,2024-03-27_21-29-01,10.141137838363647,335.9517743587494,36276,Nicolass-Air.technicolor.net,127.0.0.1,335.9517743587494,30,"15_trial_index=2,alpha=2.0258,autotune=False,buffer_size=10000,capture_video=False,cuda=True,env_id=CartPole-v1,eta=None,exp_name=QREPS,gamma=1.0000,kl_loss=True,linear_schedule=False,num_envs=4,num_rollouts=5,num_updates=30,policy_lr_end=0.0010,policy_lr_start=0.0111,q_lr_end=0.0010,q_lr_start=0.0271,saddle_point_optimization=True,seed=1,target_entropy_scale=0.1000,torch_deterministic=True,total_timesteps=200,track=False,update_epochs=100,update_policy_epochs=450,wandb_entity=TFG,wandb_project_name=QREPS_CartPole-v1",QREPS,1,True,True,False,QREPS_CartPole-v1,TFG,False,CartPole-v1,200,30,10000,100,450,5,4,1.0,0.011138422578723417,0.001,0.027079392992590365,0.001,2.0258027721054885,,False,0.1,False,True,True,2
774454de,0.0,1711571045,,True,2,2024-03-27_21-24-05,3.2234740257263184,20.884811878204346,36219,Nicolass-Air.technicolor.net,127.0.0.1,20.884811878204346,2,"16_trial_index=0,alpha=0.2175,autotune=False,buffer_size=10000,capture_video=False,cuda=True,env_id=CartPole-v1,eta=None,exp_name=QREPS,gamma=0.9900,kl_loss=True,linear_schedule=False,num_envs=8,num_rollouts=5,num_updates=30,policy_lr_end=0.0010,policy_lr_start=0.0795,q_lr_end=0.0010,q_lr_start=0.0861,saddle_point_optimization=True,seed=1,target_entropy_scale=0.1000,torch_deterministic=True,total_timesteps=200,track=False,update_epochs=300,update_policy_epochs=500,wandb_entity=TFG,wandb_project_name=QREPS_CartPole-v1",QREPS,1,True,True,False,QREPS_CartPole-v1,TFG,False,CartPole-v1,200,30,10000,300,500,5,8,0.99,0.07951771655140634,0.001,0.08614863680352708,0.001,0.21749576443110388,,False,0.1,False,True,True,0
ce4336e0,0.0,1711571153,,True,9,2024-03-27_21-25-53,0.2412400245666504,122.73589539527893,36225,Nicolass-Air.technicolor.net,127.0.0.1,122.73589539527893,9,"17_trial_index=1,alpha=0.2175,autotune=False,buffer_size=10000,capture_video=False,cuda=True,env_id=CartPole-v1,eta=None,exp_name=QREPS,gamma=0.9900,kl_loss=True,linear_schedule=False,num_envs=8,num_rollouts=5,num_updates=30,policy_lr_end=0.0010,policy_lr_start=0.0795,q_lr_end=0.0010,q_lr_start=0.0861,saddle_point_optimization=True,seed=1,target_entropy_scale=0.1000,torch_deterministic=True,total_timesteps=200,track=False,update_epochs=300,update_policy_epochs=500,wandb_entity=TFG,wandb_project_name=QREPS_CartPole-v1",QREPS,1,True,True,False,QREPS_CartPole-v1,TFG,False,CartPole-v1,200,30,10000,300,500,5,8,0.99,0.07951771655140634,0.001,0.08614863680352708,0.001,0.21749576443110388,,False,0.1,False,True,True,1
271cbcf8,0.0,1711571061,,True,2,2024-03-27_21-24-21,0.9937648773193359,17.012277841567993,36239,Nicolass-Air.technicolor.net,127.0.0.1,17.012277841567993,2,"18_trial_index=2,alpha=0.2175,autotune=False,buffer_size=10000,capture_video=False,cuda=True,env_id=CartPole-v1,eta=None,exp_name=QREPS,gamma=0.9900,kl_loss=True,linear_schedule=False,num_envs=8,num_rollouts=5,num_updates=30,policy_lr_end=0.0010,policy_lr_start=0.0795,q_lr_end=0.0010,q_lr_start=0.0861,saddle_point_optimization=True,seed=1,target_entropy_scale=0.1000,torch_deterministic=True,total_timesteps=200,track=False,update_epochs=300,update_policy_epochs=500,wandb_entity=TFG,wandb_project_name=QREPS_CartPole-v1",QREPS,1,True,True,False,QREPS_CartPole-v1,TFG,False,CartPole-v1,200,30,10000,300,500,5,8,0.99,0.07951771655140634,0.001,0.08614863680352708,0.001,0.21749576443110388,,False,0.1,False,True,True,2
e0700287,8.0,1711571263,,True,30,2024-03-27_21-27-43,5.60574197769165,217.231538772583,36219,Nicolass-Air.technicolor.net,127.0.0.1,217.231538772583,30,"19_trial_index=0,alpha=7.9841,autotune=False,buffer_size=10000,capture_video=False,cuda=True,env_id=CartPole-v1,eta=None,exp_name=QREPS,gamma=1.0000,kl_loss=True,linear_schedule=False,num_envs=8,num_rollouts=5,num_updates=30,policy_lr_end=0.0010,policy_lr_start=0.3254,q_lr_end=0.0010,q_lr_start=0.0084,saddle_point_optimization=True,seed=1,target_entropy_scale=0.1000,torch_deterministic=True,total_timesteps=200,track=False,update_epochs=100,update_policy_epochs=500,wandb_entity=TFG,wandb_project_name=QREPS_CartPole-v1",QREPS,1,True,True,False,QREPS_CartPole-v1,TFG,False,CartPole-v1,200,30,10000,100,500,5,8,1.0,0.3253667985472231,0.001,0.008367687118970013,0.001,7.984148547090921,,False,0.1,False,True,True,0
5fe24eb3,8.0,1711571279,,True,30,2024-03-27_21-27-59,6.3819591999053955,217.6784155368805,36239,Nicolass-Air.technicolor.net,127.0.0.1,217.6784155368805,30,"20_trial_index=1,alpha=7.9841,autotune=False,buffer_size=10000,capture_video=False,cuda=True,env_id=CartPole-v1,eta=None,exp_name=QREPS,gamma=1.0000,kl_loss=True,linear_schedule=False,num_envs=8,num_rollouts=5,num_updates=30,policy_lr_end=0.0010,policy_lr_start=0.3254,q_lr_end=0.0010,q_lr_start=0.0084,saddle_point_optimization=True,seed=1,target_entropy_scale=0.1000,torch_deterministic=True,total_timesteps=200,track=False,update_epochs=100,update_policy_epochs=500,wandb_entity=TFG,wandb_project_name=QREPS_CartPole-v1",QREPS,1,True,True,False,QREPS_CartPole-v1,TFG,False,CartPole-v1,200,30,10000,100,500,5,8,1.0,0.3253667985472231,0.001,0.008367687118970013,0.001,7.984148547090921,,False,0.1,False,True,True,1
7fa96306,9.0,1711571333,,True,30,2024-03-27_21-28-53,6.478593111038208,224.06891560554504,36234,Nicolass-Air.technicolor.net,127.0.0.1,224.06891560554504,30,"21_trial_index=2,alpha=7.9841,autotune=False,buffer_size=10000,capture_video=False,cuda=True,env_id=CartPole-v1,eta=None,exp_name=QREPS,gamma=1.0000,kl_loss=True,linear_schedule=False,num_envs=8,num_rollouts=5,num_updates=30,policy_lr_end=0.0010,policy_lr_start=0.3254,q_lr_end=0.0010,q_lr_start=0.0084,saddle_point_optimization=True,seed=1,target_entropy_scale=0.1000,torch_deterministic=True,total_timesteps=200,track=False,update_epochs=100,update_policy_epochs=500,wandb_entity=TFG,wandb_project_name=QREPS_CartPole-v1",QREPS,1,True,True,False,QREPS_CartPole-v1,TFG,False,CartPole-v1,200,30,10000,100,500,5,8,1.0,0.3253667985472231,0.001,0.008367687118970013,0.001,7.984148547090921,,False,0.1,False,True,True,2
2b0a2231,45.8,1711571721,,True,30,2024-03-27_21-35-21,36.16020393371582,576.1589245796204,36290,Nicolass-Air.technicolor.net,127.0.0.1,576.1589245796204,30,"22_trial_index=0,alpha=0.9182,autotune=False,buffer_size=10000,capture_video=False,cuda=True,env_id=CartPole-v1,eta=None,exp_name=QREPS,gamma=0.9900,kl_loss=True,linear_schedule=False,num_envs=4,num_rollouts=5,num_updates=30,policy_lr_end=0.0010,policy_lr_start=0.0027,q_lr_end=0.0010,q_lr_start=0.2703,saddle_point_optimization=True,seed=1,target_entropy_scale=0.1000,torch_deterministic=True,total_timesteps=200,track=False,update_epochs=300,update_policy_epochs=450,wandb_entity=TFG,wandb_project_name=QREPS_CartPole-v1",QREPS,1,True,True,False,QREPS_CartPole-v1,TFG,False,CartPole-v1,200,30,10000,300,450,5,4,0.99,0.002723889595998148,0.001,0.2703474610783472,0.001,0.9182205383564175,,False,0.1,False,True,True,0
a580f9b7,0.0,1711571257,,True,10,2024-03-27_21-27-37,4.687577247619629,104.08458137512207,36225,Nicolass-Air.technicolor.net,127.0.0.1,104.08458137512207,10,"23_trial_index=1,alpha=0.9182,autotune=False,buffer_size=10000,capture_video=False,cuda=True,env_id=CartPole-v1,eta=None,exp_name=QREPS,gamma=0.9900,kl_loss=True,linear_schedule=False,num_envs=4,num_rollouts=5,num_updates=30,policy_lr_end=0.0010,policy_lr_start=0.0027,q_lr_end=0.0010,q_lr_start=0.2703,saddle_point_optimization=True,seed=1,target_entropy_scale=0.1000,torch_deterministic=True,total_timesteps=200,track=False,update_epochs=300,update_policy_epochs=450,wandb_entity=TFG,wandb_project_name=QREPS_CartPole-v1",QREPS,1,True,True,False,QREPS_CartPole-v1,TFG,False,CartPole-v1,200,30,10000,300,450,5,4,0.99,0.002723889595998148,0.001,0.2703474610783472,0.001,0.9182205383564175,,False,0.1,False,True,True,1
aebf04aa,0.0,1711571255,,True,8,2024-03-27_21-27-35,2.0990970134735107,74.51849293708801,36244,Nicolass-Air.technicolor.net,127.0.0.1,74.51849293708801,8,"24_trial_index=2,alpha=0.9182,autotune=False,buffer_size=10000,capture_video=False,cuda=True,env_id=CartPole-v1,eta=None,exp_name=QREPS,gamma=0.9900,kl_loss=True,linear_schedule=False,num_envs=4,num_rollouts=5,num_updates=30,policy_lr_end=0.0010,policy_lr_start=0.0027,q_lr_end=0.0010,q_lr_start=0.2703,saddle_point_optimization=True,seed=1,target_entropy_scale=0.1000,torch_deterministic=True,total_timesteps=200,track=False,update_epochs=300,update_policy_epochs=450,wandb_entity=TFG,wandb_project_name=QREPS_CartPole-v1",QREPS,1,True,True,False,QREPS_CartPole-v1,TFG,False,CartPole-v1,200,30,10000,300,450,5,4,0.99,0.002723889595998148,0.001,0.2703474610783472,0.001,0.9182205383564175,,False,0.1,False,True,True,2
838669f4,9.0,1711571466,,True,30,2024-03-27_21-31-07,7.093600034713745,211.70564818382263,36244,Nicolass-Air.technicolor.net,127.0.0.1,211.70564818382263,30,"25_trial_index=0,alpha=6.1809,autotune=False,buffer_size=10000,capture_video=False,cuda=True,env_id=CartPole-v1,eta=None,exp_name=QREPS,gamma=1.0000,kl_loss=True,linear_schedule=False,num_envs=4,num_rollouts=5,num_updates=30,policy_lr_end=0.0010,policy_lr_start=0.0048,q_lr_end=0.0010,q_lr_start=0.0107,saddle_point_optimization=True,seed=1,target_entropy_scale=0.1000,torch_deterministic=True,total_timesteps=200,track=False,update_epochs=300,update_policy_epochs=500,wandb_entity=TFG,wandb_project_name=QREPS_CartPole-v1",QREPS,1,True,True,False,QREPS_CartPole-v1,TFG,False,CartPole-v1,200,30,10000,300,500,5,4,1.0,0.004785866450567097,0.001,0.010727736054653837,0.001,6.180886193423914,,False,0.1,False,True,True,0
47ee69f6,8.0,1711571474,,True,30,2024-03-27_21-31-14,7.121030807495117,216.35747003555298,36225,Nicolass-Air.technicolor.net,127.0.0.1,216.35747003555298,30,"26_trial_index=1,alpha=6.1809,autotune=False,buffer_size=10000,capture_video=False,cuda=True,env_id=CartPole-v1,eta=None,exp_name=QREPS,gamma=1.0000,kl_loss=True,linear_schedule=False,num_envs=4,num_rollouts=5,num_updates=30,policy_lr_end=0.0010,policy_lr_start=0.0048,q_lr_end=0.0010,q_lr_start=0.0107,saddle_point_optimization=True,seed=1,target_entropy_scale=0.1000,torch_deterministic=True,total_timesteps=200,track=False,update_epochs=300,update_policy_epochs=500,wandb_entity=TFG,wandb_project_name=QREPS_CartPole-v1",QREPS,1,True,True,False,QREPS_CartPole-v1,TFG,False,CartPole-v1,200,30,10000,300,500,5,4,1.0,0.004785866450567097,0.001,0.010727736054653837,0.001,6.180886193423914,,False,0.1,False,True,True,1
728e240c,13.6,1711571524,,True,30,2024-03-27_21-32-04,8.660778045654297,260.5389828681946,36219,Nicolass-Air.technicolor.net,127.0.0.1,260.5389828681946,30,"27_trial_index=2,alpha=6.1809,autotune=False,buffer_size=10000,capture_video=False,cuda=True,env_id=CartPole-v1,eta=None,exp_name=QREPS,gamma=1.0000,kl_loss=True,linear_schedule=False,num_envs=4,num_rollouts=5,num_updates=30,policy_lr_end=0.0010,policy_lr_start=0.0048,q_lr_end=0.0010,q_lr_start=0.0107,saddle_point_optimization=True,seed=1,target_entropy_scale=0.1000,torch_deterministic=True,total_timesteps=200,track=False,update_epochs=300,update_policy_epochs=500,wandb_entity=TFG,wandb_project_name=QREPS_CartPole-v1",QREPS,1,True,True,False,QREPS_CartPole-v1,TFG,False,CartPole-v1,200,30,10000,300,500,5,4,1.0,0.004785866450567097,0.001,0.010727736054653837,0.001,6.180886193423914,,False,0.1,False,True,True,2
d1bd6c0d,0.0,1711571384,,True,20,2024-03-27_21-29-44,1.5093021392822266,105.56680107116699,36239,Nicolass-Air.technicolor.net,127.0.0.1,105.56680107116699,20,"28_trial_index=0,alpha=1.1503,autotune=False,buffer_size=10000,capture_video=False,cuda=True,env_id=CartPole-v1,eta=None,exp_name=QREPS,gamma=0.9900,kl_loss=True,linear_schedule=False,num_envs=8,num_rollouts=5,num_updates=30,policy_lr_end=0.0010,policy_lr_start=0.3626,q_lr_end=0.0010,q_lr_start=0.0664,saddle_point_optimization=True,seed=1,target_entropy_scale=0.1000,torch_deterministic=True,total_timesteps=200,track=False,update_epochs=100,update_policy_epochs=450,wandb_entity=TFG,wandb_project_name=QREPS_CartPole-v1",QREPS,1,True,True,False,QREPS_CartPole-v1,TFG,False,CartPole-v1,200,30,10000,100,450,5,8,0.99,0.3625855551204497,0.001,0.06640972328631894,0.001,1.1503376428198144,,False,0.1,False,True,True,0
7db2e397,9.0,1711571467,,True,30,2024-03-27_21-31-07,6.392714023590088,187.1170539855957,36265,Nicolass-Air.technicolor.net,127.0.0.1,187.1170539855957,30,"29_trial_index=1,alpha=1.1503,autotune=False,buffer_size=10000,capture_video=False,cuda=True,env_id=CartPole-v1,eta=None,exp_name=QREPS,gamma=0.9900,kl_loss=True,linear_schedule=False,num_envs=8,num_rollouts=5,num_updates=30,policy_lr_end=0.0010,policy_lr_start=0.3626,q_lr_end=0.0010,q_lr_start=0.0664,saddle_point_optimization=True,seed=1,target_entropy_scale=0.1000,torch_deterministic=True,total_timesteps=200,track=False,update_epochs=100,update_policy_epochs=450,wandb_entity=TFG,wandb_project_name=QREPS_CartPole-v1",QREPS,1,True,True,False,QREPS_CartPole-v1,TFG,False,CartPole-v1,200,30,10000,100,450,5,8,0.99,0.3625855551204497,0.001,0.06640972328631894,0.001,1.1503376428198144,,False,0.1,False,True,True,1
51dfbd34,0.0,1711571524,,True,27,2024-03-27_21-32-04,0.9061079025268555,191.41151571273804,36234,Nicolass-Air.technicolor.net,127.0.0.1,191.41151571273804,27,"30_trial_index=2,alpha=1.1503,autotune=False,buffer_size=10000,capture_video=False,cuda=True,env_id=CartPole-v1,eta=None,exp_name=QREPS,gamma=0.9900,kl_loss=True,linear_schedule=False,num_envs=8,num_rollouts=5,num_updates=30,policy_lr_end=0.0010,policy_lr_start=0.3626,q_lr_end=0.0010,q_lr_start=0.0664,saddle_point_optimization=True,seed=1,target_entropy_scale=0.1000,torch_deterministic=True,total_timesteps=200,track=False,update_epochs=100,update_policy_epochs=450,wandb_entity=TFG,wandb_project_name=QREPS_CartPole-v1",QREPS,1,True,True,False,QREPS_CartPole-v1,TFG,False,CartPole-v1,200,30,10000,100,450,5,8,0.99,0.3625855551204497,0.001,0.06640972328631894,0.001,1.1503376428198144,,False,0.1,False,True,True,2
5cb7f41e,8.0,1711571619,,True,30,2024-03-27_21-33-39,8.865615844726562,277.34473729133606,36276,Nicolass-Air.technicolor.net,127.0.0.1,277.34473729133606,30,"31_trial_index=0,alpha=1.5563,autotune=False,buffer_size=10000,capture_video=False,cuda=True,env_id=CartPole-v1,eta=None,exp_name=QREPS,gamma=1.0000,kl_loss=True,linear_schedule=False,num_envs=8,num_rollouts=5,num_updates=30,policy_lr_end=0.0010,policy_lr_start=0.1235,q_lr_end=0.0010,q_lr_start=0.0034,saddle_point_optimization=True,seed=1,target_entropy_scale=0.1000,torch_deterministic=True,total_timesteps=200,track=False,update_epochs=300,update_policy_epochs=450,wandb_entity=TFG,wandb_project_name=QREPS_CartPole-v1",QREPS,1,True,True,False,QREPS_CartPole-v1,TFG,False,CartPole-v1,200,30,10000,300,450,5,8,1.0,0.12347893096258834,0.001,0.003419543894978341,0.001,1.5563289785095182,,False,0.1,False,True,True,0
fa29941a,8.0,1711571676,,True,30,2024-03-27_21-34-36,10.665179014205933,290.9745132923126,36239,Nicolass-Air.technicolor.net,127.0.0.1,290.9745132923126,30,"32_trial_index=1,alpha=1.5563,autotune=False,buffer_size=10000,capture_video=False,cuda=True,env_id=CartPole-v1,eta=None,exp_name=QREPS,gamma=1.0000,kl_loss=True,linear_schedule=False,num_envs=8,num_rollouts=5,num_updates=30,policy_lr_end=0.0010,policy_lr_start=0.1235,q_lr_end=0.0010,q_lr_start=0.0034,saddle_point_optimization=True,seed=1,target_entropy_scale=0.1000,torch_deterministic=True,total_timesteps=200,track=False,update_epochs=300,update_policy_epochs=450,wandb_entity=TFG,wandb_project_name=QREPS_CartPole-v1",QREPS,1,True,True,False,QREPS_CartPole-v1,TFG,False,CartPole-v1,200,30,10000,300,450,5,8,1.0,0.12347893096258834,0.001,0.003419543894978341,0.001,1.5563289785095182,,False,0.1,False,True,True,1
96f3ed7a,8.0,1711571765,,True,30,2024-03-27_21-36-05,10.29195785522461,297.8548619747162,36244,Nicolass-Air.technicolor.net,127.0.0.1,297.8548619747162,30,"33_trial_index=2,alpha=1.5563,autotune=False,buffer_size=10000,capture_video=False,cuda=True,env_id=CartPole-v1,eta=None,exp_name=QREPS,gamma=1.0000,kl_loss=True,linear_schedule=False,num_envs=8,num_rollouts=5,num_updates=30,policy_lr_end=0.0010,policy_lr_start=0.1235,q_lr_end=0.0010,q_lr_start=0.0034,saddle_point_optimization=True,seed=1,target_entropy_scale=0.1000,torch_deterministic=True,total_timesteps=200,track=False,update_epochs=300,update_policy_epochs=450,wandb_entity=TFG,wandb_project_name=QREPS_CartPole-v1",QREPS,1,True,True,False,QREPS_CartPole-v1,TFG,False,CartPole-v1,200,30,10000,300,450,5,8,1.0,0.12347893096258834,0.001,0.003419543894978341,0.001,1.5563289785095182,,False,0.1,False,True,True,2
bc261278,24.2,1711571745,,True,30,2024-03-27_21-35-45,9.476399183273315,278.42300248146057,36265,Nicolass-Air.technicolor.net,127.0.0.1,278.42300248146057,30,"34_trial_index=0,alpha=0.2746,autotune=False,buffer_size=10000,capture_video=False,cuda=True,env_id=CartPole-v1,eta=None,exp_name=QREPS,gamma=0.9900,kl_loss=True,linear_schedule=False,num_envs=4,num_rollouts=5,num_updates=30,policy_lr_end=0.0010,policy_lr_start=0.0141,q_lr_end=0.0010,q_lr_start=0.2150,saddle_point_optimization=True,seed=1,target_entropy_scale=0.1000,torch_deterministic=True,total_timesteps=200,track=False,update_epochs=100,update_policy_epochs=500,wandb_entity=TFG,wandb_project_name=QREPS_CartPole-v1",QREPS,1,True,True,False,QREPS_CartPole-v1,TFG,False,CartPole-v1,200,30,10000,100,500,5,4,0.99,0.014062487588463344,0.001,0.21496959815182026,0.001,0.2745666959407679,,False,0.1,False,True,True,0
6c2cc886,0.0,1711571678,,True,22,2024-03-27_21-34-38,3.5838589668273926,204.04569101333618,36225,Nicolass-Air.technicolor.net,127.0.0.1,204.04569101333618,22,"35_trial_index=1,alpha=0.2746,autotune=False,buffer_size=10000,capture_video=False,cuda=True,env_id=CartPole-v1,eta=None,exp_name=QREPS,gamma=0.9900,kl_loss=True,linear_schedule=False,num_envs=4,num_rollouts=5,num_updates=30,policy_lr_end=0.0010,policy_lr_start=0.0141,q_lr_end=0.0010,q_lr_start=0.2150,saddle_point_optimization=True,seed=1,target_entropy_scale=0.1000,torch_deterministic=True,total_timesteps=200,track=False,update_epochs=100,update_policy_epochs=500,wandb_entity=TFG,wandb_project_name=QREPS_CartPole-v1",QREPS,1,True,True,False,QREPS_CartPole-v1,TFG,False,CartPole-v1,200,30,10000,100,500,5,4,0.99,0.014062487588463344,0.001,0.21496959815182026,0.001,0.2745666959407679,,False,0.1,False,True,True,1
784356e6,0.0,1711571535,,True,3,2024-03-27_21-32-15,0.8497772216796875,11.381743431091309,36219,Nicolass-Air.technicolor.net,127.0.0.1,11.381743431091309,3,"36_trial_index=2,alpha=0.2746,autotune=False,buffer_size=10000,capture_video=False,cuda=True,env_id=CartPole-v1,eta=None,exp_name=QREPS,gamma=0.9900,kl_loss=True,linear_schedule=False,num_envs=4,num_rollouts=5,num_updates=30,policy_lr_end=0.0010,policy_lr_start=0.0141,q_lr_end=0.0010,q_lr_start=0.2150,saddle_point_optimization=True,seed=1,target_entropy_scale=0.1000,torch_deterministic=True,total_timesteps=200,track=False,update_epochs=100,update_policy_epochs=500,wandb_entity=TFG,wandb_project_name=QREPS_CartPole-v1",QREPS,1,True,True,False,QREPS_CartPole-v1,TFG,False,CartPole-v1,200,30,10000,100,500,5,4,0.99,0.014062487588463344,0.001,0.21496959815182026,0.001,0.2745666959407679,,False,0.1,False,True,True,2
ba21977c,38.0,1711571892,,True,30,2024-03-27_21-38-12,13.587955951690674,365.8942458629608,36234,Nicolass-Air.technicolor.net,127.0.0.1,365.8942458629608,30,"37_trial_index=0,alpha=0.8652,autotune=False,buffer_size=10000,capture_video=False,cuda=True,env_id=CartPole-v1,eta=None,exp_name=QREPS,gamma=1.0000,kl_loss=True,linear_schedule=False,num_envs=4,num_rollouts=5,num_updates=30,policy_lr_end=0.0010,policy_lr_start=0.0208,q_lr_end=0.0010,q_lr_start=0.0059,saddle_point_optimization=True,seed=1,target_entropy_scale=0.1000,torch_deterministic=True,total_timesteps=200,track=False,update_epochs=100,update_policy_epochs=500,wandb_entity=TFG,wandb_project_name=QREPS_CartPole-v1",QREPS,1,True,True,False,QREPS_CartPole-v1,TFG,False,CartPole-v1,200,30,10000,100,500,5,4,1.0,0.020835260305592483,0.001,0.005933732752656644,0.001,0.8652115785936537,,False,0.1,False,True,True,0
299ad9a4,8.0,1711571653,,True,30,2024-03-27_21-34-13,4.244983911514282,117.95440220832825,36219,Nicolass-Air.technicolor.net,127.0.0.1,117.95440220832825,30,"38_trial_index=1,alpha=0.8652,autotune=False,buffer_size=10000,capture_video=False,cuda=True,env_id=CartPole-v1,eta=None,exp_name=QREPS,gamma=1.0000,kl_loss=True,linear_schedule=False,num_envs=4,num_rollouts=5,num_updates=30,policy_lr_end=0.0010,policy_lr_start=0.0208,q_lr_end=0.0010,q_lr_start=0.0059,saddle_point_optimization=True,seed=1,target_entropy_scale=0.1000,torch_deterministic=True,total_timesteps=200,track=False,update_epochs=100,update_policy_epochs=500,wandb_entity=TFG,wandb_project_name=QREPS_CartPole-v1",QREPS,1,True,True,False,QREPS_CartPole-v1,TFG,False,CartPole-v1,200,30,10000,100,500,5,4,1.0,0.020835260305592483,0.001,0.005933732752656644,0.001,0.8652115785936537,,False,0.1,False,True,True,1
61d3a263,9.0,1711571771,,True,30,2024-03-27_21-36-11,4.22802996635437,151.8100926876068,36276,Nicolass-Air.technicolor.net,127.0.0.1,151.8100926876068,30,"39_trial_index=2,alpha=0.8652,autotune=False,buffer_size=10000,capture_video=False,cuda=True,env_id=CartPole-v1,eta=None,exp_name=QREPS,gamma=1.0000,kl_loss=True,linear_schedule=False,num_envs=4,num_rollouts=5,num_updates=30,policy_lr_end=0.0010,policy_lr_start=0.0208,q_lr_end=0.0010,q_lr_start=0.0059,saddle_point_optimization=True,seed=1,target_entropy_scale=0.1000,torch_deterministic=True,total_timesteps=200,track=False,update_epochs=100,update_policy_epochs=500,wandb_entity=TFG,wandb_project_name=QREPS_CartPole-v1",QREPS,1,True,True,False,QREPS_CartPole-v1,TFG,False,CartPole-v1,200,30,10000,100,500,5,4,1.0,0.020835260305592483,0.001,0.005933732752656644,0.001,0.8652115785936537,,False,0.1,False,True,True,2
d8b004d6,0.0,1711571668,,True,2,2024-03-27_21-34-28,0.47804903984069824,14.218276262283325,36219,Nicolass-Air.technicolor.net,127.0.0.1,14.218276262283325,2,"40_trial_index=0,alpha=4.5960,autotune=False,buffer_size=10000,capture_video=False,cuda=True,env_id=CartPole-v1,eta=None,exp_name=QREPS,gamma=0.9900,kl_loss=True,linear_schedule=False,num_envs=8,num_rollouts=5,num_updates=30,policy_lr_end=0.0010,policy_lr_start=0.0430,q_lr_end=0.0010,q_lr_start=0.3730,saddle_point_optimization=True,seed=1,target_entropy_scale=0.1000,torch_deterministic=True,total_timesteps=200,track=False,update_epochs=300,update_policy_epochs=450,wandb_entity=TFG,wandb_project_name=QREPS_CartPole-v1",QREPS,1,True,True,False,QREPS_CartPole-v1,TFG,False,CartPole-v1,200,30,10000,300,450,5,8,0.99,0.042961830227120176,0.001,0.37296415433068797,0.001,4.596035245369205,,False,0.1,False,True,True,0
509a5f45,0.0,1711571726,,True,5,2024-03-27_21-35-26,1.3117730617523193,58.30580496788025,36219,Nicolass-Air.technicolor.net,127.0.0.1,58.30580496788025,5,"41_trial_index=1,alpha=4.5960,autotune=False,buffer_size=10000,capture_video=False,cuda=True,env_id=CartPole-v1,eta=None,exp_name=QREPS,gamma=0.9900,kl_loss=True,linear_schedule=False,num_envs=8,num_rollouts=5,num_updates=30,policy_lr_end=0.0010,policy_lr_start=0.0430,q_lr_end=0.0010,q_lr_start=0.3730,saddle_point_optimization=True,seed=1,target_entropy_scale=0.1000,torch_deterministic=True,total_timesteps=200,track=False,update_epochs=300,update_policy_epochs=450,wandb_entity=TFG,wandb_project_name=QREPS_CartPole-v1",QREPS,1,True,True,False,QREPS_CartPole-v1,TFG,False,CartPole-v1,200,30,10000,300,450,5,8,0.99,0.042961830227120176,0.001,0.37296415433068797,0.001,4.596035245369205,,False,0.1,False,True,True,1
47c1e68e,0.0,1711571767,,True,4,2024-03-27_21-36-07,14.770283937454224,90.8973126411438,36239,Nicolass-Air.technicolor.net,127.0.0.1,90.8973126411438,4,"42_trial_index=2,alpha=4.5960,autotune=False,buffer_size=10000,capture_video=False,cuda=True,env_id=CartPole-v1,eta=None,exp_name=QREPS,gamma=0.9900,kl_loss=True,linear_schedule=False,num_envs=8,num_rollouts=5,num_updates=30,policy_lr_end=0.0010,policy_lr_start=0.0430,q_lr_end=0.0010,q_lr_start=0.3730,saddle_point_optimization=True,seed=1,target_entropy_scale=0.1000,torch_deterministic=True,total_timesteps=200,track=False,update_epochs=300,update_policy_epochs=450,wandb_entity=TFG,wandb_project_name=QREPS_CartPole-v1",QREPS,1,True,True,False,QREPS_CartPole-v1,TFG,False,CartPole-v1,200,30,10000,300,450,5,8,0.99,0.042961830227120176,0.001,0.37296415433068797,0.001,4.596035245369205,,False,0.1,False,True,True,2
961d97be,8.0,1711571868,,True,30,2024-03-27_21-37-48,6.072071075439453,189.0028097629547,36225,Nicolass-Air.technicolor.net,127.0.0.1,189.0028097629547,30,"43_trial_index=0,alpha=0.4786,autotune=False,buffer_size=10000,capture_video=False,cuda=True,env_id=CartPole-v1,eta=None,exp_name=QREPS,gamma=1.0000,kl_loss=True,linear_schedule=False,num_envs=8,num_rollouts=5,num_updates=30,policy_lr_end=0.0010,policy_lr_start=0.1490,q_lr_end=0.0010,q_lr_start=0.0184,saddle_point_optimization=True,seed=1,target_entropy_scale=0.1000,torch_deterministic=True,total_timesteps=200,track=False,update_epochs=100,update_policy_epochs=450,wandb_entity=TFG,wandb_project_name=QREPS_CartPole-v1",QREPS,1,True,True,False,QREPS_CartPole-v1,TFG,False,CartPole-v1,200,30,10000,100,450,5,8,1.0,0.14896711503434837,0.001,0.0184228144765506,0.001,0.4785835964403767,,False,0.1,False,True,True,0
44ae049b,9.0,1711571929,,True,30,2024-03-27_21-38-49,6.843536853790283,206.60385942459106,36290,Nicolass-Air.technicolor.net,127.0.0.1,206.60385942459106,30,"44_trial_index=1,alpha=0.4786,autotune=False,buffer_size=10000,capture_video=False,cuda=True,env_id=CartPole-v1,eta=None,exp_name=QREPS,gamma=1.0000,kl_loss=True,linear_schedule=False,num_envs=8,num_rollouts=5,num_updates=30,policy_lr_end=0.0010,policy_lr_start=0.1490,q_lr_end=0.0010,q_lr_start=0.0184,saddle_point_optimization=True,seed=1,target_entropy_scale=0.1000,torch_deterministic=True,total_timesteps=200,track=False,update_epochs=100,update_policy_epochs=450,wandb_entity=TFG,wandb_project_name=QREPS_CartPole-v1",QREPS,1,True,True,False,QREPS_CartPole-v1,TFG,False,CartPole-v1,200,30,10000,100,450,5,8,1.0,0.14896711503434837,0.001,0.0184228144765506,0.001,0.4785835964403767,,False,0.1,False,True,True,1
9c1f0619,9.0,1711571939,,True,30,2024-03-27_21-38-59,7.291743040084839,211.159893989563,36219,Nicolass-Air.technicolor.net,127.0.0.1,211.159893989563,30,"45_trial_index=2,alpha=0.4786,autotune=False,buffer_size=10000,capture_video=False,cuda=True,env_id=CartPole-v1,eta=None,exp_name=QREPS,gamma=1.0000,kl_loss=True,linear_schedule=False,num_envs=8,num_rollouts=5,num_updates=30,policy_lr_end=0.0010,policy_lr_start=0.1490,q_lr_end=0.0010,q_lr_start=0.0184,saddle_point_optimization=True,seed=1,target_entropy_scale=0.1000,torch_deterministic=True,total_timesteps=200,track=False,update_epochs=100,update_policy_epochs=450,wandb_entity=TFG,wandb_project_name=QREPS_CartPole-v1",QREPS,1,True,True,False,QREPS_CartPole-v1,TFG,False,CartPole-v1,200,30,10000,100,450,5,8,1.0,0.14896711503434837,0.001,0.0184228144765506,0.001,0.4785835964403767,,False,0.1,False,True,True,2
9b02811c,47.8,1711572324,,True,30,2024-03-27_21-45-24,36.8478147983551,578.638130903244,36265,Nicolass-Air.technicolor.net,127.0.0.1,578.638130903244,30,"46_trial_index=0,alpha=2.7652,autotune=False,buffer_size=10000,capture_video=False,cuda=True,env_id=CartPole-v1,eta=None,exp_name=QREPS,gamma=0.9900,kl_loss=True,linear_schedule=False,num_envs=4,num_rollouts=5,num_updates=30,policy_lr_end=0.0010,policy_lr_start=0.0060,q_lr_end=0.0010,q_lr_start=0.1140,saddle_point_optimization=True,seed=1,target_entropy_scale=0.1000,torch_deterministic=True,total_timesteps=200,track=False,update_epochs=300,update_policy_epochs=500,wandb_entity=TFG,wandb_project_name=QREPS_CartPole-v1",QREPS,1,True,True,False,QREPS_CartPole-v1,TFG,False,CartPole-v1,200,30,10000,300,500,5,4,0.99,0.006012809321208934,0.001,0.11402763113383059,0.001,2.7651589108963046,,False,0.1,False,True,True,0
a28f6905,35.6,1711572354,,True,30,2024-03-27_21-45-54,27.282675981521606,588.6543469429016,36244,Nicolass-Air.technicolor.net,127.0.0.1,588.6543469429016,30,"47_trial_index=1,alpha=2.7652,autotune=False,buffer_size=10000,capture_video=False,cuda=True,env_id=CartPole-v1,eta=None,exp_name=QREPS,gamma=0.9900,kl_loss=True,linear_schedule=False,num_envs=4,num_rollouts=5,num_updates=30,policy_lr_end=0.0010,policy_lr_start=0.0060,q_lr_end=0.0010,q_lr_start=0.1140,saddle_point_optimization=True,seed=1,target_entropy_scale=0.1000,torch_deterministic=True,total_timesteps=200,track=False,update_epochs=300,update_policy_epochs=500,wandb_entity=TFG,wandb_project_name=QREPS_CartPole-v1",QREPS,1,True,True,False,QREPS_CartPole-v1,TFG,False,CartPole-v1,200,30,10000,300,500,5,4,0.99,0.006012809321208934,0.001,0.11402763113383059,0.001,2.7651589108963046,,False,0.1,False,True,True,1
c66f5e5e,0.0,1711571884,,True,16,2024-03-27_21-38-04,0.721034049987793,116.65344715118408,36239,Nicolass-Air.technicolor.net,127.0.0.1,116.65344715118408,16,"48_trial_index=2,alpha=2.7652,autotune=False,buffer_size=10000,capture_video=False,cuda=True,env_id=CartPole-v1,eta=None,exp_name=QREPS,gamma=0.9900,kl_loss=True,linear_schedule=False,num_envs=4,num_rollouts=5,num_updates=30,policy_lr_end=0.0010,policy_lr_start=0.0060,q_lr_end=0.0010,q_lr_start=0.1140,saddle_point_optimization=True,seed=1,target_entropy_scale=0.1000,torch_deterministic=True,total_timesteps=200,track=False,update_epochs=300,update_policy_epochs=500,wandb_entity=TFG,wandb_project_name=QREPS_CartPole-v1",QREPS,1,True,True,False,QREPS_CartPole-v1,TFG,False,CartPole-v1,200,30,10000,300,500,5,4,0.99,0.006012809321208934,0.001,0.11402763113383059,0.001,2.7651589108963046,,False,0.1,False,True,True,2
b29a6236,0.0,1711571827,,True,9,2024-03-27_21-37-07,2.281243085861206,54.939807176589966,36276,Nicolass-Air.technicolor.net,127.0.0.1,54.939807176589966,9,"49_trial_index=0,alpha=0.6676,autotune=False,buffer_size=10000,capture_video=False,cuda=True,env_id=CartPole-v1,eta=None,exp_name=QREPS,gamma=1.0000,kl_loss=True,linear_schedule=False,num_envs=4,num_rollouts=5,num_updates=30,policy_lr_end=0.0010,policy_lr_start=0.1044,q_lr_end=0.0010,q_lr_start=0.0243,saddle_point_optimization=True,seed=1,target_entropy_scale=0.1000,torch_deterministic=True,total_timesteps=200,track=False,update_epochs=300,update_policy_epochs=450,wandb_entity=TFG,wandb_project_name=QREPS_CartPole-v1",QREPS,1,True,True,False,QREPS_CartPole-v1,TFG,False,CartPole-v1,200,30,10000,300,450,5,4,1.0,0.10436903510857679,0.001,0.02432874668595803,0.001,0.6675696170569537,,False,0.1,False,True,True,0
d465a7ea,0.0,1711571982,,True,22,2024-03-27_21-39-42,3.4572649002075195,155.14787793159485,36276,Nicolass-Air.technicolor.net,127.0.0.1,155.14787793159485,22,"50_trial_index=1,alpha=0.6676,autotune=False,buffer_size=10000,capture_video=False,cuda=True,env_id=CartPole-v1,eta=None,exp_name=QREPS,gamma=1.0000,kl_loss=True,linear_schedule=False,num_envs=4,num_rollouts=5,num_updates=30,policy_lr_end=0.0010,policy_lr_start=0.1044,q_lr_end=0.0010,q_lr_start=0.0243,saddle_point_optimization=True,seed=1,target_entropy_scale=0.1000,torch_deterministic=True,total_timesteps=200,track=False,update_epochs=300,update_policy_epochs=450,wandb_entity=TFG,wandb_project_name=QREPS_CartPole-v1",QREPS,1,True,True,False,QREPS_CartPole-v1,TFG,False,CartPole-v1,200,30,10000,300,450,5,4,1.0,0.10436903510857679,0.001,0.02432874668595803,0.001,0.6675696170569537,,False,0.1,False,True,True,1
d9a4a8b4,0.0,1711571990,,True,18,2024-03-27_21-39-50,3.6228890419006348,122.10618329048157,36225,Nicolass-Air.technicolor.net,127.0.0.1,122.10618329048157,18,"51_trial_index=2,alpha=0.6676,autotune=False,buffer_size=10000,capture_video=False,cuda=True,env_id=CartPole-v1,eta=None,exp_name=QREPS,gamma=1.0000,kl_loss=True,linear_schedule=False,num_envs=4,num_rollouts=5,num_updates=30,policy_lr_end=0.0010,policy_lr_start=0.1044,q_lr_end=0.0010,q_lr_start=0.0243,saddle_point_optimization=True,seed=1,target_entropy_scale=0.1000,torch_deterministic=True,total_timesteps=200,track=False,update_epochs=300,update_policy_epochs=450,wandb_entity=TFG,wandb_project_name=QREPS_CartPole-v1",QREPS,1,True,True,False,QREPS_CartPole-v1,TFG,False,CartPole-v1,200,30,10000,300,450,5,4,1.0,0.10436903510857679,0.001,0.02432874668595803,0.001,0.6675696170569537,,False,0.1,False,True,True,2
80b4f765,46.0,1711572372,,True,30,2024-03-27_21-46-12,25.135215997695923,484.5287594795227,36239,Nicolass-Air.technicolor.net,127.0.0.1,484.5287594795227,30,"52_trial_index=0,alpha=0.3563,autotune=False,buffer_size=10000,capture_video=False,cuda=True,env_id=CartPole-v1,eta=None,exp_name=QREPS,gamma=1.0000,kl_loss=True,linear_schedule=False,num_envs=4,num_rollouts=5,num_updates=30,policy_lr_end=0.0010,policy_lr_start=0.0081,q_lr_end=0.0010,q_lr_start=0.0044,saddle_point_optimization=True,seed=1,target_entropy_scale=0.1000,torch_deterministic=True,total_timesteps=200,track=False,update_epochs=300,update_policy_epochs=450,wandb_entity=TFG,wandb_project_name=QREPS_CartPole-v1",QREPS,1,True,True,False,QREPS_CartPole-v1,TFG,False,CartPole-v1,200,30,10000,300,450,5,4,1.0,0.008137782114359388,0.001,0.004449245630447909,0.001,0.3562750294180044,,False,0.1,False,True,True,0
b489f593,9.0,1711572131,,True,30,2024-03-27_21-42-11,7.652935981750488,238.86515522003174,36234,Nicolass-Air.technicolor.net,127.0.0.1,238.86515522003174,30,"53_trial_index=1,alpha=0.3563,autotune=False,buffer_size=10000,capture_video=False,cuda=True,env_id=CartPole-v1,eta=None,exp_name=QREPS,gamma=1.0000,kl_loss=True,linear_schedule=False,num_envs=4,num_rollouts=5,num_updates=30,policy_lr_end=0.0010,policy_lr_start=0.0081,q_lr_end=0.0010,q_lr_start=0.0044,saddle_point_optimization=True,seed=1,target_entropy_scale=0.1000,torch_deterministic=True,total_timesteps=200,track=False,update_epochs=300,update_policy_epochs=450,wandb_entity=TFG,wandb_project_name=QREPS_CartPole-v1",QREPS,1,True,True,False,QREPS_CartPole-v1,TFG,False,CartPole-v1,200,30,10000,300,450,5,4,1.0,0.008137782114359388,0.001,0.004449245630447909,0.001,0.3562750294180044,,False,0.1,False,True,True,1
d443d25a,36.2,1711572389,,True,30,2024-03-27_21-46-29,21.580934286117554,460.14049792289734,36290,Nicolass-Air.technicolor.net,127.0.0.1,460.14049792289734,30,"54_trial_index=2,alpha=0.3563,autotune=False,buffer_size=10000,capture_video=False,cuda=True,env_id=CartPole-v1,eta=None,exp_name=QREPS,gamma=1.0000,kl_loss=True,linear_schedule=False,num_envs=4,num_rollouts=5,num_updates=30,policy_lr_end=0.0010,policy_lr_start=0.0081,q_lr_end=0.0010,q_lr_start=0.0044,saddle_point_optimization=True,seed=1,target_entropy_scale=0.1000,torch_deterministic=True,total_timesteps=200,track=False,update_epochs=300,update_policy_epochs=450,wandb_entity=TFG,wandb_project_name=QREPS_CartPole-v1",QREPS,1,True,True,False,QREPS_CartPole-v1,TFG,False,CartPole-v1,200,30,10000,300,450,5,4,1.0,0.008137782114359388,0.001,0.004449245630447909,0.001,0.3562750294180044,,False,0.1,False,True,True,2
d3aed500,9.0,1711572181,,True,30,2024-03-27_21-43-01,7.951426029205322,240.9776749610901,36219,Nicolass-Air.technicolor.net,127.0.0.1,240.9776749610901,30,"55_trial_index=0,alpha=0.6757,autotune=False,buffer_size=10000,capture_video=False,cuda=True,env_id=CartPole-v1,eta=None,exp_name=QREPS,gamma=0.9900,kl_loss=True,linear_schedule=False,num_envs=4,num_rollouts=5,num_updates=30,policy_lr_end=0.0010,policy_lr_start=0.0183,q_lr_end=0.0010,q_lr_start=0.0048,saddle_point_optimization=True,seed=1,target_entropy_scale=0.1000,torch_deterministic=True,total_timesteps=200,track=False,update_epochs=300,update_policy_epochs=450,wandb_entity=TFG,wandb_project_name=QREPS_CartPole-v1",QREPS,1,True,True,False,QREPS_CartPole-v1,TFG,False,CartPole-v1,200,30,10000,300,450,5,4,0.99,0.018335773153142776,0.001,0.004822159261342651,0.001,0.6757396142351321,,False,0.1,False,True,True,0
3cca65e0,30.2,1711572362,,True,30,2024-03-27_21-46-02,19.137507915496826,379.5762929916382,36276,Nicolass-Air.technicolor.net,127.0.0.1,379.5762929916382,30,"56_trial_index=1,alpha=0.6757,autotune=False,buffer_size=10000,capture_video=False,cuda=True,env_id=CartPole-v1,eta=None,exp_name=QREPS,gamma=0.9900,kl_loss=True,linear_schedule=False,num_envs=4,num_rollouts=5,num_updates=30,policy_lr_end=0.0010,policy_lr_start=0.0183,q_lr_end=0.0010,q_lr_start=0.0048,saddle_point_optimization=True,seed=1,target_entropy_scale=0.1000,torch_deterministic=True,total_timesteps=200,track=False,update_epochs=300,update_policy_epochs=450,wandb_entity=TFG,wandb_project_name=QREPS_CartPole-v1",QREPS,1,True,True,False,QREPS_CartPole-v1,TFG,False,CartPole-v1,200,30,10000,300,450,5,4,0.99,0.018335773153142776,0.001,0.004822159261342651,0.001,0.6757396142351321,,False,0.1,False,True,True,1
4d3617c7,9.0,1711572240,,True,30,2024-03-27_21-44-00,8.067057847976685,249.54109454154968,36225,Nicolass-Air.technicolor.net,127.0.0.1,249.54109454154968,30,"57_trial_index=2,alpha=0.6757,autotune=False,buffer_size=10000,capture_video=False,cuda=True,env_id=CartPole-v1,eta=None,exp_name=QREPS,gamma=0.9900,kl_loss=True,linear_schedule=False,num_envs=4,num_rollouts=5,num_updates=30,policy_lr_end=0.0010,policy_lr_start=0.0183,q_lr_end=0.0010,q_lr_start=0.0048,saddle_point_optimization=True,seed=1,target_entropy_scale=0.1000,torch_deterministic=True,total_timesteps=200,track=False,update_epochs=300,update_policy_epochs=450,wandb_entity=TFG,wandb_project_name=QREPS_CartPole-v1",QREPS,1,True,True,False,QREPS_CartPole-v1,TFG,False,CartPole-v1,200,30,10000,300,450,5,4,0.99,0.018335773153142776,0.001,0.004822159261342651,0.001,0.6757396142351321,,False,0.1,False,True,True,2
234ac38d,121.8,1711573767,,True,30,2024-03-27_22-09-27,93.49631309509277,1635.0872502326965,36234,Nicolass-Air.technicolor.net,127.0.0.1,1635.0872502326965,30,"58_trial_index=0,alpha=0.3214,autotune=False,buffer_size=10000,capture_video=False,cuda=True,env_id=CartPole-v1,eta=None,exp_name=QREPS,gamma=1.0000,kl_loss=True,linear_schedule=False,num_envs=4,num_rollouts=5,num_updates=30,policy_lr_end=0.0010,policy_lr_start=0.0050,q_lr_end=0.0010,q_lr_start=0.0066,saddle_point_optimization=True,seed=1,target_entropy_scale=0.1000,torch_deterministic=True,total_timesteps=200,track=False,update_epochs=300,update_policy_epochs=450,wandb_entity=TFG,wandb_project_name=QREPS_CartPole-v1",QREPS,1,True,True,False,QREPS_CartPole-v1,TFG,False,CartPole-v1,200,30,10000,300,450,5,4,1.0,0.004959982479648752,0.001,0.006609658638932623,0.001,0.32136740926326185,,False,0.1,False,True,True,0
f72c585b,32.8,1711572660,,True,30,2024-03-27_21-51-00,20.741175889968872,478.74687933921814,36219,Nicolass-Air.technicolor.net,127.0.0.1,478.74687933921814,30,"59_trial_index=1,alpha=0.3214,autotune=False,buffer_size=10000,capture_video=False,cuda=True,env_id=CartPole-v1,eta=None,exp_name=QREPS,gamma=1.0000,kl_loss=True,linear_schedule=False,num_envs=4,num_rollouts=5,num_updates=30,policy_lr_end=0.0010,policy_lr_start=0.0050,q_lr_end=0.0010,q_lr_start=0.0066,saddle_point_optimization=True,seed=1,target_entropy_scale=0.1000,torch_deterministic=True,total_timesteps=200,track=False,update_epochs=300,update_policy_epochs=450,wandb_entity=TFG,wandb_project_name=QREPS_CartPole-v1",QREPS,1,True,True,False,QREPS_CartPole-v1,TFG,False,CartPole-v1,200,30,10000,300,450,5,4,1.0,0.004959982479648752,0.001,0.006609658638932623,0.001,0.32136740926326185,,False,0.1,False,True,True,1
26043b62,42.0,1711572734,,True,30,2024-03-27_21-52-14,26.027497053146362,493.73042726516724,36225,Nicolass-Air.technicolor.net,127.0.0.1,493.73042726516724,30,"60_trial_index=2,alpha=0.3214,autotune=False,buffer_size=10000,capture_video=False,cuda=True,env_id=CartPole-v1,eta=None,exp_name=QREPS,gamma=1.0000,kl_loss=True,linear_schedule=False,num_envs=4,num_rollouts=5,num_updates=30,policy_lr_end=0.0010,policy_lr_start=0.0050,q_lr_end=0.0010,q_lr_start=0.0066,saddle_point_optimization=True,seed=1,target_entropy_scale=0.1000,torch_deterministic=True,total_timesteps=200,track=False,update_epochs=300,update_policy_epochs=450,wandb_entity=TFG,wandb_project_name=QREPS_CartPole-v1",QREPS,1,True,True,False,QREPS_CartPole-v1,TFG,False,CartPole-v1,200,30,10000,300,450,5,4,1.0,0.004959982479648752,0.001,0.006609658638932623,0.001,0.32136740926326185,,False,0.1,False,True,True,2
9a956690,42.6,1711572939,,True,30,2024-03-27_21-55-39,30.8191077709198,614.8000044822693,36265,Nicolass-Air.technicolor.net,127.0.0.1,614.8000044822693,30,"61_trial_index=0,alpha=0.2933,autotune=False,buffer_size=10000,capture_video=False,cuda=True,env_id=CartPole-v1,eta=None,exp_name=QREPS,gamma=1.0000,kl_loss=True,linear_schedule=False,num_envs=4,num_rollouts=5,num_updates=30,policy_lr_end=0.0010,policy_lr_start=0.0061,q_lr_end=0.0010,q_lr_start=0.0044,saddle_point_optimization=True,seed=1,target_entropy_scale=0.1000,torch_deterministic=True,total_timesteps=200,track=False,update_epochs=300,update_policy_epochs=450,wandb_entity=TFG,wandb_project_name=QREPS_CartPole-v1",QREPS,1,True,True,False,QREPS_CartPole-v1,TFG,False,CartPole-v1,200,30,10000,300,450,5,4,1.0,0.006100795363840687,0.001,0.004449245630447909,0.001,0.29325546599093727,,False,0.1,False,True,True,0
f229cde6,32.2,1711572747,,True,30,2024-03-27_21-52-27,17.937797784805298,393.33756017684937,36244,Nicolass-Air.technicolor.net,127.0.0.1,393.33756017684937,30,"62_trial_index=1,alpha=0.2933,autotune=False,buffer_size=10000,capture_video=False,cuda=True,env_id=CartPole-v1,eta=None,exp_name=QREPS,gamma=1.0000,kl_loss=True,linear_schedule=False,num_envs=4,num_rollouts=5,num_updates=30,policy_lr_end=0.0010,policy_lr_start=0.0061,q_lr_end=0.0010,q_lr_start=0.0044,saddle_point_optimization=True,seed=1,target_entropy_scale=0.1000,torch_deterministic=True,total_timesteps=200,track=False,update_epochs=300,update_policy_epochs=450,wandb_entity=TFG,wandb_project_name=QREPS_CartPole-v1",QREPS,1,True,True,False,QREPS_CartPole-v1,TFG,False,CartPole-v1,200,30,10000,300,450,5,4,1.0,0.006100795363840687,0.001,0.004449245630447909,0.001,0.29325546599093727,,False,0.1,False,True,True,1
fd90cc2e,9.0,1711572592,,True,30,2024-03-27_21-49-52,6.833785057067871,229.42358589172363,36276,Nicolass-Air.technicolor.net,127.0.0.1,229.42358589172363,30,"63_trial_index=2,alpha=0.2933,autotune=False,buffer_size=10000,capture_video=False,cuda=True,env_id=CartPole-v1,eta=None,exp_name=QREPS,gamma=1.0000,kl_loss=True,linear_schedule=False,num_envs=4,num_rollouts=5,num_updates=30,policy_lr_end=0.0010,policy_lr_start=0.0061,q_lr_end=0.0010,q_lr_start=0.0044,saddle_point_optimization=True,seed=1,target_entropy_scale=0.1000,torch_deterministic=True,total_timesteps=200,track=False,update_epochs=300,update_policy_epochs=450,wandb_entity=TFG,wandb_project_name=QREPS_CartPole-v1",QREPS,1,True,True,False,QREPS_CartPole-v1,TFG,False,CartPole-v1,200,30,10000,300,450,5,4,1.0,0.006100795363840687,0.001,0.004449245630447909,0.001,0.29325546599093727,,False,0.1,False,True,True,2
cb6b8f6d,16.0,1711572666,,True,30,2024-03-27_21-51-06,9.958999156951904,293.57805132865906,36239,Nicolass-Air.technicolor.net,127.0.0.1,293.57805132865906,30,"64_trial_index=0,alpha=3.1422,autotune=False,buffer_size=10000,capture_video=False,cuda=True,env_id=CartPole-v1,eta=None,exp_name=QREPS,gamma=1.0000,kl_loss=True,linear_schedule=False,num_envs=4,num_rollouts=5,num_updates=30,policy_lr_end=0.0010,policy_lr_start=0.0825,q_lr_end=0.0010,q_lr_start=0.0077,saddle_point_optimization=True,seed=1,target_entropy_scale=0.1000,torch_deterministic=True,total_timesteps=200,track=False,update_epochs=300,update_policy_epochs=450,wandb_entity=TFG,wandb_project_name=QREPS_CartPole-v1",QREPS,1,True,True,False,QREPS_CartPole-v1,TFG,False,CartPole-v1,200,30,10000,300,450,5,4,1.0,0.08246921237630066,0.001,0.007667655976973218,0.001,3.1421666682742324,,False,0.1,False,True,True,0
d4d0c7d4,8.0,1711572605,,True,30,2024-03-27_21-50-05,6.475740909576416,215.4783525466919,36290,Nicolass-Air.technicolor.net,127.0.0.1,215.4783525466919,30,"65_trial_index=1,alpha=3.1422,autotune=False,buffer_size=10000,capture_video=False,cuda=True,env_id=CartPole-v1,eta=None,exp_name=QREPS,gamma=1.0000,kl_loss=True,linear_schedule=False,num_envs=4,num_rollouts=5,num_updates=30,policy_lr_end=0.0010,policy_lr_start=0.0825,q_lr_end=0.0010,q_lr_start=0.0077,saddle_point_optimization=True,seed=1,target_entropy_scale=0.1000,torch_deterministic=True,total_timesteps=200,track=False,update_epochs=300,update_policy_epochs=450,wandb_entity=TFG,wandb_project_name=QREPS_CartPole-v1",QREPS,1,True,True,False,QREPS_CartPole-v1,TFG,False,CartPole-v1,200,30,10000,300,450,5,4,1.0,0.08246921237630066,0.001,0.007667655976973218,0.001,3.1421666682742324,,False,0.1,False,True,True,1
1d8b2710,8.0,1711572794,,True,30,2024-03-27_21-53-14,6.648823022842407,201.7398829460144,36276,Nicolass-Air.technicolor.net,127.0.0.1,201.7398829460144,30,"66_trial_index=2,alpha=3.1422,autotune=False,buffer_size=10000,capture_video=False,cuda=True,env_id=CartPole-v1,eta=None,exp_name=QREPS,gamma=1.0000,kl_loss=True,linear_schedule=False,num_envs=4,num_rollouts=5,num_updates=30,policy_lr_end=0.0010,policy_lr_start=0.0825,q_lr_end=0.0010,q_lr_start=0.0077,saddle_point_optimization=True,seed=1,target_entropy_scale=0.1000,torch_deterministic=True,total_timesteps=200,track=False,update_epochs=300,update_policy_epochs=450,wandb_entity=TFG,wandb_project_name=QREPS_CartPole-v1",QREPS,1,True,True,False,QREPS_CartPole-v1,TFG,False,CartPole-v1,200,30,10000,300,450,5,4,1.0,0.08246921237630066,0.001,0.007667655976973218,0.001,3.1421666682742324,,False,0.1,False,True,True,2
1c78593a,8.0,1711572811,,True,30,2024-03-27_21-53-31,6.497633934020996,201.76667857170105,36290,Nicolass-Air.technicolor.net,127.0.0.1,201.76667857170105,30,"67_trial_index=0,alpha=0.3643,autotune=False,buffer_size=10000,capture_video=False,cuda=True,env_id=CartPole-v1,eta=None,exp_name=QREPS,gamma=1.0000,kl_loss=True,linear_schedule=False,num_envs=4,num_rollouts=5,num_updates=30,policy_lr_end=0.0010,policy_lr_start=0.0072,q_lr_end=0.0010,q_lr_start=0.0059,saddle_point_optimization=True,seed=1,target_entropy_scale=0.1000,torch_deterministic=True,total_timesteps=200,track=False,update_epochs=300,update_policy_epochs=450,wandb_entity=TFG,wandb_project_name=QREPS_CartPole-v1",QREPS,1,True,True,False,QREPS_CartPole-v1,TFG,False,CartPole-v1,200,30,10000,300,450,5,4,1.0,0.007225739977588904,0.001,0.005895763117057478,0.001,0.3643165687527505,,False,0.1,False,True,True,0
0808a127,9.0,1711572876,,True,30,2024-03-27_21-54-36,7.434715270996094,215.75908946990967,36219,Nicolass-Air.technicolor.net,127.0.0.1,215.75908946990967,30,"68_trial_index=1,alpha=0.3643,autotune=False,buffer_size=10000,capture_video=False,cuda=True,env_id=CartPole-v1,eta=None,exp_name=QREPS,gamma=1.0000,kl_loss=True,linear_schedule=False,num_envs=4,num_rollouts=5,num_updates=30,policy_lr_end=0.0010,policy_lr_start=0.0072,q_lr_end=0.0010,q_lr_start=0.0059,saddle_point_optimization=True,seed=1,target_entropy_scale=0.1000,torch_deterministic=True,total_timesteps=200,track=False,update_epochs=300,update_policy_epochs=450,wandb_entity=TFG,wandb_project_name=QREPS_CartPole-v1",QREPS,1,True,True,False,QREPS_CartPole-v1,TFG,False,CartPole-v1,200,30,10000,300,450,5,4,1.0,0.007225739977588904,0.001,0.005895763117057478,0.001,0.3643165687527505,,False,0.1,False,True,True,1
8539c381,24.6,1711573111,,True,30,2024-03-27_21-58-31,18.185120582580566,444.45845103263855,36239,Nicolass-Air.technicolor.net,127.0.0.1,444.45845103263855,30,"69_trial_index=2,alpha=0.3643,autotune=False,buffer_size=10000,capture_video=False,cuda=True,env_id=CartPole-v1,eta=None,exp_name=QREPS,gamma=1.0000,kl_loss=True,linear_schedule=False,num_envs=4,num_rollouts=5,num_updates=30,policy_lr_end=0.0010,policy_lr_start=0.0072,q_lr_end=0.0010,q_lr_start=0.0059,saddle_point_optimization=True,seed=1,target_entropy_scale=0.1000,torch_deterministic=True,total_timesteps=200,track=False,update_epochs=300,update_policy_epochs=450,wandb_entity=TFG,wandb_project_name=QREPS_CartPole-v1",QREPS,1,True,True,False,QREPS_CartPole-v1,TFG,False,CartPole-v1,200,30,10000,300,450,5,4,1.0,0.007225739977588904,0.001,0.005895763117057478,0.001,0.3643165687527505,,False,0.1,False,True,True,2
9977da92,9.0,1711572966,,True,30,2024-03-27_21-56-06,7.12092399597168,228.07750701904297,36225,Nicolass-Air.technicolor.net,127.0.0.1,228.07750701904297,30,"70_trial_index=0,alpha=0.3597,autotune=False,buffer_size=10000,capture_video=False,cuda=True,env_id=CartPole-v1,eta=None,exp_name=QREPS,gamma=1.0000,kl_loss=True,linear_schedule=False,num_envs=4,num_rollouts=5,num_updates=30,policy_lr_end=0.0010,policy_lr_start=0.0143,q_lr_end=0.0010,q_lr_start=0.0053,saddle_point_optimization=True,seed=1,target_entropy_scale=0.1000,torch_deterministic=True,total_timesteps=200,track=False,update_epochs=300,update_policy_epochs=450,wandb_entity=TFG,wandb_project_name=QREPS_CartPole-v1",QREPS,1,True,True,False,QREPS_CartPole-v1,TFG,False,CartPole-v1,200,30,10000,300,450,5,4,1.0,0.014329313603692084,0.001,0.005278560079882578,0.001,0.35965692102505925,,False,0.1,False,True,True,0
ba9e294e,9.0,1711572978,,True,30,2024-03-27_21-56-18,6.514849901199341,226.00049781799316,36244,Nicolass-Air.technicolor.net,127.0.0.1,226.00049781799316,30,"71_trial_index=1,alpha=0.3597,autotune=False,buffer_size=10000,capture_video=False,cuda=True,env_id=CartPole-v1,eta=None,exp_name=QREPS,gamma=1.0000,kl_loss=True,linear_schedule=False,num_envs=4,num_rollouts=5,num_updates=30,policy_lr_end=0.0010,policy_lr_start=0.0143,q_lr_end=0.0010,q_lr_start=0.0053,saddle_point_optimization=True,seed=1,target_entropy_scale=0.1000,torch_deterministic=True,total_timesteps=200,track=False,update_epochs=300,update_policy_epochs=450,wandb_entity=TFG,wandb_project_name=QREPS_CartPole-v1",QREPS,1,True,True,False,QREPS_CartPole-v1,TFG,False,CartPole-v1,200,30,10000,300,450,5,4,1.0,0.014329313603692084,0.001,0.005278560079882578,0.001,0.35965692102505925,,False,0.1,False,True,True,1
0fa37bee,9.0,1711573031,,True,30,2024-03-27_21-57-11,7.583716869354248,236.64601731300354,36276,Nicolass-Air.technicolor.net,127.0.0.1,236.64601731300354,30,"72_trial_index=2,alpha=0.3597,autotune=False,buffer_size=10000,capture_video=False,cuda=True,env_id=CartPole-v1,eta=None,exp_name=QREPS,gamma=1.0000,kl_loss=True,linear_schedule=False,num_envs=4,num_rollouts=5,num_updates=30,policy_lr_end=0.0010,policy_lr_start=0.0143,q_lr_end=0.0010,q_lr_start=0.0053,saddle_point_optimization=True,seed=1,target_entropy_scale=0.1000,torch_deterministic=True,total_timesteps=200,track=False,update_epochs=300,update_policy_epochs=450,wandb_entity=TFG,wandb_project_name=QREPS_CartPole-v1",QREPS,1,True,True,False,QREPS_CartPole-v1,TFG,False,CartPole-v1,200,30,10000,300,450,5,4,1.0,0.014329313603692084,0.001,0.005278560079882578,0.001,0.35965692102505925,,False,0.1,False,True,True,2
065cccd9,30.4,1711573368,,True,30,2024-03-27_22-02-48,18.604901790618896,556.8999676704407,36290,Nicolass-Air.technicolor.net,127.0.0.1,556.8999676704407,30,"73_trial_index=0,alpha=0.2277,autotune=False,buffer_size=10000,capture_video=False,cuda=True,env_id=CartPole-v1,eta=None,exp_name=QREPS,gamma=0.9900,kl_loss=True,linear_schedule=False,num_envs=4,num_rollouts=5,num_updates=30,policy_lr_end=0.0010,policy_lr_start=0.0073,q_lr_end=0.0010,q_lr_start=0.0512,saddle_point_optimization=True,seed=1,target_entropy_scale=0.1000,torch_deterministic=True,total_timesteps=200,track=False,update_epochs=300,update_policy_epochs=450,wandb_entity=TFG,wandb_project_name=QREPS_CartPole-v1",QREPS,1,True,True,False,QREPS_CartPole-v1,TFG,False,CartPole-v1,200,30,10000,300,450,5,4,0.99,0.007334126760842431,0.001,0.051219406460241826,0.001,0.22768970366147223,,False,0.1,False,True,True,0
8a2259e1,24.2,1711573410,,True,30,2024-03-27_22-03-30,16.987063884735107,534.0329132080078,36219,Nicolass-Air.technicolor.net,127.0.0.1,534.0329132080078,30,"74_trial_index=1,alpha=0.2277,autotune=False,buffer_size=10000,capture_video=False,cuda=True,env_id=CartPole-v1,eta=None,exp_name=QREPS,gamma=0.9900,kl_loss=True,linear_schedule=False,num_envs=4,num_rollouts=5,num_updates=30,policy_lr_end=0.0010,policy_lr_start=0.0073,q_lr_end=0.0010,q_lr_start=0.0512,saddle_point_optimization=True,seed=1,target_entropy_scale=0.1000,torch_deterministic=True,total_timesteps=200,track=False,update_epochs=300,update_policy_epochs=450,wandb_entity=TFG,wandb_project_name=QREPS_CartPole-v1",QREPS,1,True,True,False,QREPS_CartPole-v1,TFG,False,CartPole-v1,200,30,10000,300,450,5,4,0.99,0.007334126760842431,0.001,0.051219406460241826,0.001,0.22768970366147223,,False,0.1,False,True,True,1
5318f7c1,18.4,1711573423,,True,30,2024-03-27_22-03-43,13.776675701141357,483.1790189743042,36265,Nicolass-Air.technicolor.net,127.0.0.1,483.1790189743042,30,"75_trial_index=2,alpha=0.2277,autotune=False,buffer_size=10000,capture_video=False,cuda=True,env_id=CartPole-v1,eta=None,exp_name=QREPS,gamma=0.9900,kl_loss=True,linear_schedule=False,num_envs=4,num_rollouts=5,num_updates=30,policy_lr_end=0.0010,policy_lr_start=0.0073,q_lr_end=0.0010,q_lr_start=0.0512,saddle_point_optimization=True,seed=1,target_entropy_scale=0.1000,torch_deterministic=True,total_timesteps=200,track=False,update_epochs=300,update_policy_epochs=450,wandb_entity=TFG,wandb_project_name=QREPS_CartPole-v1",QREPS,1,True,True,False,QREPS_CartPole-v1,TFG,False,CartPole-v1,200,30,10000,300,450,5,4,0.99,0.007334126760842431,0.001,0.051219406460241826,0.001,0.22768970366147223,,False,0.1,False,True,True,2
4d1643ae,9.0,1711573218,,True,30,2024-03-27_22-00-18,7.268640041351318,251.5361909866333,36225,Nicolass-Air.technicolor.net,127.0.0.1,251.5361909866333,30,"76_trial_index=0,alpha=0.3445,autotune=False,buffer_size=10000,capture_video=False,cuda=True,env_id=CartPole-v1,eta=None,exp_name=QREPS,gamma=1.0000,kl_loss=True,linear_schedule=False,num_envs=4,num_rollouts=5,num_updates=30,policy_lr_end=0.0010,policy_lr_start=0.0088,q_lr_end=0.0010,q_lr_start=0.0060,saddle_point_optimization=True,seed=1,target_entropy_scale=0.1000,torch_deterministic=True,total_timesteps=200,track=False,update_epochs=300,update_policy_epochs=450,wandb_entity=TFG,wandb_project_name=QREPS_CartPole-v1",QREPS,1,True,True,False,QREPS_CartPole-v1,TFG,False,CartPole-v1,200,30,10000,300,450,5,4,1.0,0.008762423751595451,0.001,0.005985135334647579,0.001,0.34445487484087495,,False,0.1,False,True,True,0
ce7eeb60,9.0,1711573224,,True,30,2024-03-27_22-00-24,7.66755485534668,246.2330105304718,36244,Nicolass-Air.technicolor.net,127.0.0.1,246.2330105304718,30,"77_trial_index=1,alpha=0.3445,autotune=False,buffer_size=10000,capture_video=False,cuda=True,env_id=CartPole-v1,eta=None,exp_name=QREPS,gamma=1.0000,kl_loss=True,linear_schedule=False,num_envs=4,num_rollouts=5,num_updates=30,policy_lr_end=0.0010,policy_lr_start=0.0088,q_lr_end=0.0010,q_lr_start=0.0060,saddle_point_optimization=True,seed=1,target_entropy_scale=0.1000,torch_deterministic=True,total_timesteps=200,track=False,update_epochs=300,update_policy_epochs=450,wandb_entity=TFG,wandb_project_name=QREPS_CartPole-v1",QREPS,1,True,True,False,QREPS_CartPole-v1,TFG,False,CartPole-v1,200,30,10000,300,450,5,4,1.0,0.008762423751595451,0.001,0.005985135334647579,0.001,0.34445487484087495,,False,0.1,False,True,True,1
49440dfb,40.4,1711573503,,True,30,2024-03-27_22-05-03,30.78337812423706,472.314311504364,36276,Nicolass-Air.technicolor.net,127.0.0.1,472.314311504364,30,"78_trial_index=2,alpha=0.3445,autotune=False,buffer_size=10000,capture_video=False,cuda=True,env_id=CartPole-v1,eta=None,exp_name=QREPS,gamma=1.0000,kl_loss=True,linear_schedule=False,num_envs=4,num_rollouts=5,num_updates=30,policy_lr_end=0.0010,policy_lr_start=0.0088,q_lr_end=0.0010,q_lr_start=0.0060,saddle_point_optimization=True,seed=1,target_entropy_scale=0.1000,torch_deterministic=True,total_timesteps=200,track=False,update_epochs=300,update_policy_epochs=450,wandb_entity=TFG,wandb_project_name=QREPS_CartPole-v1",QREPS,1,True,True,False,QREPS_CartPole-v1,TFG,False,CartPole-v1,200,30,10000,300,450,5,4,1.0,0.008762423751595451,0.001,0.005985135334647579,0.001,0.34445487484087495,,False,0.1,False,True,True,2
5b5281b5,26.4,1711573589,,True,30,2024-03-27_22-06-29,16.1268150806427,477.82975220680237,36239,Nicolass-Air.technicolor.net,127.0.0.1,477.82975220680237,30,"79_trial_index=0,alpha=0.2536,autotune=False,buffer_size=10000,capture_video=False,cuda=True,env_id=CartPole-v1,eta=None,exp_name=QREPS,gamma=1.0000,kl_loss=True,linear_schedule=False,num_envs=4,num_rollouts=5,num_updates=30,policy_lr_end=0.0010,policy_lr_start=0.0096,q_lr_end=0.0010,q_lr_start=0.0043,saddle_point_optimization=True,seed=1,target_entropy_scale=0.1000,torch_deterministic=True,total_timesteps=200,track=False,update_epochs=300,update_policy_epochs=450,wandb_entity=TFG,wandb_project_name=QREPS_CartPole-v1",QREPS,1,True,True,False,QREPS_CartPole-v1,TFG,False,CartPole-v1,200,30,10000,300,450,5,4,1.0,0.009623207497358545,0.001,0.004315729328926609,0.001,0.25359136142549016,,False,0.1,False,True,True,0
b215b1b6,9.0,1711573442,,True,30,2024-03-27_22-04-02,6.998347043991089,223.39413142204285,36225,Nicolass-Air.technicolor.net,127.0.0.1,223.39413142204285,30,"80_trial_index=1,alpha=0.2536,autotune=False,buffer_size=10000,capture_video=False,cuda=True,env_id=CartPole-v1,eta=None,exp_name=QREPS,gamma=1.0000,kl_loss=True,linear_schedule=False,num_envs=4,num_rollouts=5,num_updates=30,policy_lr_end=0.0010,policy_lr_start=0.0096,q_lr_end=0.0010,q_lr_start=0.0043,saddle_point_optimization=True,seed=1,target_entropy_scale=0.1000,torch_deterministic=True,total_timesteps=200,track=False,update_epochs=300,update_policy_epochs=450,wandb_entity=TFG,wandb_project_name=QREPS_CartPole-v1",QREPS,1,True,True,False,QREPS_CartPole-v1,TFG,False,CartPole-v1,200,30,10000,300,450,5,4,1.0,0.009623207497358545,0.001,0.004315729328926609,0.001,0.25359136142549016,,False,0.1,False,True,True,1
e4a9ba2a,8.0,1711573456,,True,30,2024-03-27_22-04-16,7.260121822357178,230.87090730667114,36244,Nicolass-Air.technicolor.net,127.0.0.1,230.87090730667114,30,"81_trial_index=2,alpha=0.2536,autotune=False,buffer_size=10000,capture_video=False,cuda=True,env_id=CartPole-v1,eta=None,exp_name=QREPS,gamma=1.0000,kl_loss=True,linear_schedule=False,num_envs=4,num_rollouts=5,num_updates=30,policy_lr_end=0.0010,policy_lr_start=0.0096,q_lr_end=0.0010,q_lr_start=0.0043,saddle_point_optimization=True,seed=1,target_entropy_scale=0.1000,torch_deterministic=True,total_timesteps=200,track=False,update_epochs=300,update_policy_epochs=450,wandb_entity=TFG,wandb_project_name=QREPS_CartPole-v1",QREPS,1,True,True,False,QREPS_CartPole-v1,TFG,False,CartPole-v1,200,30,10000,300,450,5,4,1.0,0.009623207497358545,0.001,0.004315729328926609,0.001,0.25359136142549016,,False,0.1,False,True,True,2
41b4e879,34.8,1711574372,,True,30,2024-03-27_22-19-32,44.96156907081604,1002.5077302455902,36290,Nicolass-Air.technicolor.net,127.0.0.1,1002.5077302455902,30,"82_trial_index=0,alpha=0.4186,autotune=False,buffer_size=10000,capture_video=False,cuda=True,env_id=CartPole-v1,eta=None,exp_name=QREPS,gamma=0.9900,kl_loss=True,linear_schedule=False,num_envs=8,num_rollouts=5,num_updates=30,policy_lr_end=0.0010,policy_lr_start=0.0089,q_lr_end=0.0010,q_lr_start=0.0266,saddle_point_optimization=True,seed=1,target_entropy_scale=0.1000,torch_deterministic=True,total_timesteps=200,track=False,update_epochs=300,update_policy_epochs=500,wandb_entity=TFG,wandb_project_name=QREPS_CartPole-v1",QREPS,1,True,True,False,QREPS_CartPole-v1,TFG,False,CartPole-v1,200,30,10000,300,500,5,8,0.99,0.008896914850958292,0.001,0.02659586689105837,0.001,0.4185596076643659,,False,0.1,False,True,True,0
c5871dc9,42.4,1711574736,,True,30,2024-03-27_22-25-36,74.32120203971863,1322.8440070152283,36219,Nicolass-Air.technicolor.net,127.0.0.1,1322.8440070152283,30,"83_trial_index=1,alpha=0.4186,autotune=False,buffer_size=10000,capture_video=False,cuda=True,env_id=CartPole-v1,eta=None,exp_name=QREPS,gamma=0.9900,kl_loss=True,linear_schedule=False,num_envs=8,num_rollouts=5,num_updates=30,policy_lr_end=0.0010,policy_lr_start=0.0089,q_lr_end=0.0010,q_lr_start=0.0266,saddle_point_optimization=True,seed=1,target_entropy_scale=0.1000,torch_deterministic=True,total_timesteps=200,track=False,update_epochs=300,update_policy_epochs=500,wandb_entity=TFG,wandb_project_name=QREPS_CartPole-v1",QREPS,1,True,True,False,QREPS_CartPole-v1,TFG,False,CartPole-v1,200,30,10000,300,500,5,8,0.99,0.008896914850958292,0.001,0.02659586689105837,0.001,0.4185596076643659,,False,0.1,False,True,True,1
f5f4778f,9.0,1711573872,,True,30,2024-03-27_22-11-12,14.663588047027588,448.83921694755554,36265,Nicolass-Air.technicolor.net,127.0.0.1,448.83921694755554,30,"84_trial_index=2,alpha=0.4186,autotune=False,buffer_size=10000,capture_video=False,cuda=True,env_id=CartPole-v1,eta=None,exp_name=QREPS,gamma=0.9900,kl_loss=True,linear_schedule=False,num_envs=8,num_rollouts=5,num_updates=30,policy_lr_end=0.0010,policy_lr_start=0.0089,q_lr_end=0.0010,q_lr_start=0.0266,saddle_point_optimization=True,seed=1,target_entropy_scale=0.1000,torch_deterministic=True,total_timesteps=200,track=False,update_epochs=300,update_policy_epochs=500,wandb_entity=TFG,wandb_project_name=QREPS_CartPole-v1",QREPS,1,True,True,False,QREPS_CartPole-v1,TFG,False,CartPole-v1,200,30,10000,300,500,5,8,0.99,0.008896914850958292,0.001,0.02659586689105837,0.001,0.4185596076643659,,False,0.1,False,True,True,2
ec487423,0.0,1711573595,,True,19,2024-03-27_22-06-35,4.0815229415893555,153.4608073234558,36225,Nicolass-Air.technicolor.net,127.0.0.1,153.4608073234558,19,"85_trial_index=0,alpha=0.3267,autotune=False,buffer_size=10000,capture_video=False,cuda=True,env_id=CartPole-v1,eta=None,exp_name=QREPS,gamma=0.9900,kl_loss=True,linear_schedule=False,num_envs=4,num_rollouts=5,num_updates=30,policy_lr_end=0.0010,policy_lr_start=0.0096,q_lr_end=0.0010,q_lr_start=0.0140,saddle_point_optimization=True,seed=1,target_entropy_scale=0.1000,torch_deterministic=True,total_timesteps=200,track=False,update_epochs=300,update_policy_epochs=500,wandb_entity=TFG,wandb_project_name=QREPS_CartPole-v1",QREPS,1,True,True,False,QREPS_CartPole-v1,TFG,False,CartPole-v1,200,30,10000,300,500,5,4,0.99,0.009581154961559698,0.001,0.014033861815446736,0.001,0.3266526776407514,,False,0.1,False,True,True,0
50dddbff,27.0,1711573919,,True,30,2024-03-27_22-11-59,18.464425325393677,462.8045320510864,36244,Nicolass-Air.technicolor.net,127.0.0.1,462.8045320510864,30,"86_trial_index=1,alpha=0.3267,autotune=False,buffer_size=10000,capture_video=False,cuda=True,env_id=CartPole-v1,eta=None,exp_name=QREPS,gamma=0.9900,kl_loss=True,linear_schedule=False,num_envs=4,num_rollouts=5,num_updates=30,policy_lr_end=0.0010,policy_lr_start=0.0096,q_lr_end=0.0010,q_lr_start=0.0140,saddle_point_optimization=True,seed=1,target_entropy_scale=0.1000,torch_deterministic=True,total_timesteps=200,track=False,update_epochs=300,update_policy_epochs=500,wandb_entity=TFG,wandb_project_name=QREPS_CartPole-v1",QREPS,1,True,True,False,QREPS_CartPole-v1,TFG,False,CartPole-v1,200,30,10000,300,500,5,4,0.99,0.009581154961559698,0.001,0.014033861815446736,0.001,0.3266526776407514,,False,0.1,False,True,True,1
74b1ada6,8.0,1711573733,,True,30,2024-03-27_22-08-53,7.447504281997681,229.6694815158844,36276,Nicolass-Air.technicolor.net,127.0.0.1,229.6694815158844,30,"87_trial_index=2,alpha=0.3267,autotune=False,buffer_size=10000,capture_video=False,cuda=True,env_id=CartPole-v1,eta=None,exp_name=QREPS,gamma=0.9900,kl_loss=True,linear_schedule=False,num_envs=4,num_rollouts=5,num_updates=30,policy_lr_end=0.0010,policy_lr_start=0.0096,q_lr_end=0.0010,q_lr_start=0.0140,saddle_point_optimization=True,seed=1,target_entropy_scale=0.1000,torch_deterministic=True,total_timesteps=200,track=False,update_epochs=300,update_policy_epochs=500,wandb_entity=TFG,wandb_project_name=QREPS_CartPole-v1",QREPS,1,True,True,False,QREPS_CartPole-v1,TFG,False,CartPole-v1,200,30,10000,300,500,5,4,0.99,0.009581154961559698,0.001,0.014033861815446736,0.001,0.3266526776407514,,False,0.1,False,True,True,2
1c8a15de,34.0,1711574675,,True,30,2024-03-27_22-24-35,41.14250612258911,1084.574184179306,36239,Nicolass-Air.technicolor.net,127.0.0.1,1084.574184179306,30,"88_trial_index=0,alpha=0.3367,autotune=False,buffer_size=10000,capture_video=False,cuda=True,env_id=CartPole-v1,eta=None,exp_name=QREPS,gamma=1.0000,kl_loss=True,linear_schedule=False,num_envs=8,num_rollouts=5,num_updates=30,policy_lr_end=0.0010,policy_lr_start=0.0096,q_lr_end=0.0010,q_lr_start=0.0094,saddle_point_optimization=True,seed=1,target_entropy_scale=0.1000,torch_deterministic=True,total_timesteps=200,track=False,update_epochs=300,update_policy_epochs=450,wandb_entity=TFG,wandb_project_name=QREPS_CartPole-v1",QREPS,1,True,True,False,QREPS_CartPole-v1,TFG,False,CartPole-v1,200,30,10000,300,450,5,8,1.0,0.009566516185363786,0.001,0.009431730059564356,0.001,0.3366851957913614,,False,0.1,False,True,True,0
48a97fa6,44.0,1711574962,,True,30,2024-03-27_22-29-22,56.15703105926514,1366.4270792007446,36225,Nicolass-Air.technicolor.net,127.0.0.1,1366.4270792007446,30,"89_trial_index=1,alpha=0.3367,autotune=False,buffer_size=10000,capture_video=False,cuda=True,env_id=CartPole-v1,eta=None,exp_name=QREPS,gamma=1.0000,kl_loss=True,linear_schedule=False,num_envs=8,num_rollouts=5,num_updates=30,policy_lr_end=0.0010,policy_lr_start=0.0096,q_lr_end=0.0010,q_lr_start=0.0094,saddle_point_optimization=True,seed=1,target_entropy_scale=0.1000,torch_deterministic=True,total_timesteps=200,track=False,update_epochs=300,update_policy_epochs=450,wandb_entity=TFG,wandb_project_name=QREPS_CartPole-v1",QREPS,1,True,True,False,QREPS_CartPole-v1,TFG,False,CartPole-v1,200,30,10000,300,450,5,8,1.0,0.009566516185363786,0.001,0.009431730059564356,0.001,0.3366851957913614,,False,0.1,False,True,True,1
32fbff5a,8.0,1711574099,,True,30,2024-03-27_22-14-59,15.64820909500122,365.4388110637665,36276,Nicolass-Air.technicolor.net,127.0.0.1,365.4388110637665,30,"90_trial_index=2,alpha=0.3367,autotune=False,buffer_size=10000,capture_video=False,cuda=True,env_id=CartPole-v1,eta=None,exp_name=QREPS,gamma=1.0000,kl_loss=True,linear_schedule=False,num_envs=8,num_rollouts=5,num_updates=30,policy_lr_end=0.0010,policy_lr_start=0.0096,q_lr_end=0.0010,q_lr_start=0.0094,saddle_point_optimization=True,seed=1,target_entropy_scale=0.1000,torch_deterministic=True,total_timesteps=200,track=False,update_epochs=300,update_policy_epochs=450,wandb_entity=TFG,wandb_project_name=QREPS_CartPole-v1",QREPS,1,True,True,False,QREPS_CartPole-v1,TFG,False,CartPole-v1,200,30,10000,300,450,5,8,1.0,0.009566516185363786,0.001,0.009431730059564356,0.001,0.3366851957913614,,False,0.1,False,True,True,2
cb848b4f,42.0,1711574551,,True,30,2024-03-27_22-22-31,28.931451320648193,782.701322555542,36234,Nicolass-Air.technicolor.net,127.0.0.1,782.701322555542,30,"91_trial_index=0,alpha=0.3825,autotune=False,buffer_size=10000,capture_video=False,cuda=True,env_id=CartPole-v1,eta=None,exp_name=QREPS,gamma=0.9900,kl_loss=True,linear_schedule=False,num_envs=4,num_rollouts=5,num_updates=30,policy_lr_end=0.0010,policy_lr_start=0.0077,q_lr_end=0.0010,q_lr_start=0.0345,saddle_point_optimization=True,seed=1,target_entropy_scale=0.1000,torch_deterministic=True,total_timesteps=200,track=False,update_epochs=300,update_policy_epochs=500,wandb_entity=TFG,wandb_project_name=QREPS_CartPole-v1",QREPS,1,True,True,False,QREPS_CartPole-v1,TFG,False,CartPole-v1,200,30,10000,300,500,5,4,0.99,0.0077470655983496355,0.001,0.03447383960429239,0.001,0.3825365757485635,,False,0.1,False,True,True,0
55468ee8,0.0,1711574029,,True,17,2024-03-27_22-13-49,3.973573923110962,155.66476964950562,36265,Nicolass-Air.technicolor.net,127.0.0.1,155.66476964950562,17,"92_trial_index=1,alpha=0.3825,autotune=False,buffer_size=10000,capture_video=False,cuda=True,env_id=CartPole-v1,eta=None,exp_name=QREPS,gamma=0.9900,kl_loss=True,linear_schedule=False,num_envs=4,num_rollouts=5,num_updates=30,policy_lr_end=0.0010,policy_lr_start=0.0077,q_lr_end=0.0010,q_lr_start=0.0345,saddle_point_optimization=True,seed=1,target_entropy_scale=0.1000,torch_deterministic=True,total_timesteps=200,track=False,update_epochs=300,update_policy_epochs=500,wandb_entity=TFG,wandb_project_name=QREPS_CartPole-v1",QREPS,1,True,True,False,QREPS_CartPole-v1,TFG,False,CartPole-v1,200,30,10000,300,500,5,4,0.99,0.0077470655983496355,0.001,0.03447383960429239,0.001,0.3825365757485635,,False,0.1,False,True,True,1
b29d2844,0.0,1711574047,,True,15,2024-03-27_22-14-07,2.432844877243042,127.85158824920654,36244,Nicolass-Air.technicolor.net,127.0.0.1,127.85158824920654,15,"93_trial_index=2,alpha=0.3825,autotune=False,buffer_size=10000,capture_video=False,cuda=True,env_id=CartPole-v1,eta=None,exp_name=QREPS,gamma=0.9900,kl_loss=True,linear_schedule=False,num_envs=4,num_rollouts=5,num_updates=30,policy_lr_end=0.0010,policy_lr_start=0.0077,q_lr_end=0.0010,q_lr_start=0.0345,saddle_point_optimization=True,seed=1,target_entropy_scale=0.1000,torch_deterministic=True,total_timesteps=200,track=False,update_epochs=300,update_policy_epochs=500,wandb_entity=TFG,wandb_project_name=QREPS_CartPole-v1",QREPS,1,True,True,False,QREPS_CartPole-v1,TFG,False,CartPole-v1,200,30,10000,300,500,5,4,0.99,0.0077470655983496355,0.001,0.03447383960429239,0.001,0.3825365757485635,,False,0.1,False,True,True,2
1ce04dc3,0.0,1711574206,,True,12,2024-03-27_22-16-46,0.8455832004547119,176.85128450393677,36265,Nicolass-Air.technicolor.net,127.0.0.1,176.85128450393677,12,"94_trial_index=0,alpha=0.3818,autotune=False,buffer_size=10000,capture_video=False,cuda=True,env_id=CartPole-v1,eta=None,exp_name=QREPS,gamma=1.0000,kl_loss=True,linear_schedule=False,num_envs=8,num_rollouts=5,num_updates=30,policy_lr_end=0.0010,policy_lr_start=0.0078,q_lr_end=0.0010,q_lr_start=0.0343,saddle_point_optimization=True,seed=1,target_entropy_scale=0.1000,torch_deterministic=True,total_timesteps=200,track=False,update_epochs=300,update_policy_epochs=450,wandb_entity=TFG,wandb_project_name=QREPS_CartPole-v1",QREPS,1,True,True,False,QREPS_CartPole-v1,TFG,False,CartPole-v1,200,30,10000,300,450,5,8,1.0,0.007798546421124476,0.001,0.03431149433718329,0.001,0.38183748237992754,,False,0.1,False,True,True,0
e415f1cb,31.0,1711575102,,True,30,2024-03-27_22-31-42,23.203375101089478,1054.706062078476,36244,Nicolass-Air.technicolor.net,127.0.0.1,1054.706062078476,30,"95_trial_index=1,alpha=0.3818,autotune=False,buffer_size=10000,capture_video=False,cuda=True,env_id=CartPole-v1,eta=None,exp_name=QREPS,gamma=1.0000,kl_loss=True,linear_schedule=False,num_envs=8,num_rollouts=5,num_updates=30,policy_lr_end=0.0010,policy_lr_start=0.0078,q_lr_end=0.0010,q_lr_start=0.0343,saddle_point_optimization=True,seed=1,target_entropy_scale=0.1000,torch_deterministic=True,total_timesteps=200,track=False,update_epochs=300,update_policy_epochs=450,wandb_entity=TFG,wandb_project_name=QREPS_CartPole-v1",QREPS,1,True,True,False,QREPS_CartPole-v1,TFG,False,CartPole-v1,200,30,10000,300,450,5,8,1.0,0.007798546421124476,0.001,0.03431149433718329,0.001,0.38183748237992754,,False,0.1,False,True,True,1
24152f69,54.6,1711575179,,True,30,2024-03-27_22-32-59,25.55330204963684,1078.8987679481506,36276,Nicolass-Air.technicolor.net,127.0.0.1,1078.8987679481506,30,"96_trial_index=2,alpha=0.3818,autotune=False,buffer_size=10000,capture_video=False,cuda=True,env_id=CartPole-v1,eta=None,exp_name=QREPS,gamma=1.0000,kl_loss=True,linear_schedule=False,num_envs=8,num_rollouts=5,num_updates=30,policy_lr_end=0.0010,policy_lr_start=0.0078,q_lr_end=0.0010,q_lr_start=0.0343,saddle_point_optimization=True,seed=1,target_entropy_scale=0.1000,torch_deterministic=True,total_timesteps=200,track=False,update_epochs=300,update_policy_epochs=450,wandb_entity=TFG,wandb_project_name=QREPS_CartPole-v1",QREPS,1,True,True,False,QREPS_CartPole-v1,TFG,False,CartPole-v1,200,30,10000,300,450,5,8,1.0,0.007798546421124476,0.001,0.03431149433718329,0.001,0.38183748237992754,,False,0.1,False,True,True,2
0b7ffb7c,45.6,1711575136,,True,30,2024-03-27_22-32-16,19.02901601791382,929.2893795967102,36265,Nicolass-Air.technicolor.net,127.0.0.1,929.2893795967102,30,"97_trial_index=0,alpha=0.2880,autotune=False,buffer_size=10000,capture_video=False,cuda=True,env_id=CartPole-v1,eta=None,exp_name=QREPS,gamma=1.0000,kl_loss=True,linear_schedule=False,num_envs=4,num_rollouts=5,num_updates=30,policy_lr_end=0.0010,policy_lr_start=0.0042,q_lr_end=0.0010,q_lr_start=0.0067,saddle_point_optimization=True,seed=1,target_entropy_scale=0.1000,torch_deterministic=True,total_timesteps=200,track=False,update_epochs=300,update_policy_epochs=500,wandb_entity=TFG,wandb_project_name=QREPS_CartPole-v1",QREPS,1,True,True,False,QREPS_CartPole-v1,TFG,False,CartPole-v1,200,30,10000,300,500,5,4,1.0,0.004192265918073626,0.001,0.006689964218769283,0.001,0.28802194027108735,,False,0.1,False,True,True,0
072d4a67,33.2,1711574962,,True,30,2024-03-27_22-29-22,25.49933171272278,589.4248139858246,36290,Nicolass-Air.technicolor.net,127.0.0.1,589.4248139858246,30,"98_trial_index=1,alpha=0.2880,autotune=False,buffer_size=10000,capture_video=False,cuda=True,env_id=CartPole-v1,eta=None,exp_name=QREPS,gamma=1.0000,kl_loss=True,linear_schedule=False,num_envs=4,num_rollouts=5,num_updates=30,policy_lr_end=0.0010,policy_lr_start=0.0042,q_lr_end=0.0010,q_lr_start=0.0067,saddle_point_optimization=True,seed=1,target_entropy_scale=0.1000,torch_deterministic=True,total_timesteps=200,track=False,update_epochs=300,update_policy_epochs=500,wandb_entity=TFG,wandb_project_name=QREPS_CartPole-v1",QREPS,1,True,True,False,QREPS_CartPole-v1,TFG,False,CartPole-v1,200,30,10000,300,500,5,4,1.0,0.004192265918073626,0.001,0.006689964218769283,0.001,0.28802194027108735,,False,0.1,False,True,True,1
6f538107,36.4,1711575071,,True,30,2024-03-27_22-31-11,17.70198082923889,519.2331719398499,36234,Nicolass-Air.technicolor.net,127.0.0.1,519.2331719398499,30,"99_trial_index=2,alpha=0.2880,autotune=False,buffer_size=10000,capture_video=False,cuda=True,env_id=CartPole-v1,eta=None,exp_name=QREPS,gamma=1.0000,kl_loss=True,linear_schedule=False,num_envs=4,num_rollouts=5,num_updates=30,policy_lr_end=0.0010,policy_lr_start=0.0042,q_lr_end=0.0010,q_lr_start=0.0067,saddle_point_optimization=True,seed=1,target_entropy_scale=0.1000,torch_deterministic=True,total_timesteps=200,track=False,update_epochs=300,update_policy_epochs=500,wandb_entity=TFG,wandb_project_name=QREPS_CartPole-v1",QREPS,1,True,True,False,QREPS_CartPole-v1,TFG,False,CartPole-v1,200,30,10000,300,500,5,4,1.0,0.004192265918073626,0.001,0.006689964218769283,0.001,0.28802194027108735,,False,0.1,False,True,True,2
fbf93f14,111.4,1711575428,,True,30,2024-03-27_22-37-08,31.060572862625122,751.9407846927643,36239,Nicolass-Air.technicolor.net,127.0.0.1,751.9407846927643,30,"100_trial_index=0,alpha=0.3214,autotune=False,buffer_size=10000,capture_video=False,cuda=True,env_id=CartPole-v1,eta=None,exp_name=QREPS,gamma=1.0000,kl_loss=True,linear_schedule=False,num_envs=4,num_rollouts=5,num_updates=30,policy_lr_end=0.0010,policy_lr_start=0.0048,q_lr_end=0.0010,q_lr_start=0.0064,saddle_point_optimization=True,seed=1,target_entropy_scale=0.1000,torch_deterministic=True,total_timesteps=200,track=False,update_epochs=300,update_policy_epochs=450,wandb_entity=TFG,wandb_project_name=QREPS_CartPole-v1",QREPS,1,True,True,False,QREPS_CartPole-v1,TFG,False,CartPole-v1,200,30,10000,300,450,5,4,1.0,0.004814692192004353,0.001,0.006394882413808501,0.001,0.3213673985647509,,False,0.1,False,True,True,0
