trial_id,reward,timestamp,checkpoint_dir_name,done,training_iteration,date,time_this_iter_s,time_total_s,pid,hostname,node_ip,time_since_restore,iterations_since_restore,experiment_tag,config/exp_name,config/seed,config/torch_deterministic,config/cuda,config/track,config/wandb_project_name,config/wandb_entity,config/capture_video,config/env_id,config/total_timesteps,config/num_updates,config/buffer_size,config/update_epochs,config/update_policy_epochs,config/num_rollouts,config/num_envs,config/gamma,config/policy_lr_start,config/policy_lr_end,config/q_lr_start,config/q_lr_end,config/alpha,config/eta,config/autotune,config/target_entropy_scale,config/use_linear_schedule,config/saddle_point_optimization,config/use_kl_loss
6d51c_00000,0.0,1711726889.0,,True,24.0,2024-03-29_16-41-29,1.5756020545959473,149.10367345809937,12307.0,Nicolass-Air.technicolor.net,127.0.0.1,149.10367345809937,24.0,"0_alpha=0.2000,gamma=0.9900,num_envs=1,policy_lr_start=0.1000,q_lr_start=0.1000,update_epochs=50,update_policy_epochs=300",QREPS,1.0,True,True,False,QREPS_CartPole-v1,TFG,False,LunarLander-v2,1000.0,100.0,10000.0,50.0,300.0,5.0,1.0,0.99,0.1,0.001,0.1,0.001,0.2,,False,0.1,False,True,True
6d51c_00001,0.0,1711727056.0,,True,40.0,2024-03-29_16-44-16,1.1158599853515625,316.3254005908966,12308.0,Nicolass-Air.technicolor.net,127.0.0.1,316.3254005908966,40.0,"1_alpha=2,gamma=0.9900,num_envs=1,policy_lr_start=0.1000,q_lr_start=0.1000,update_epochs=50,update_policy_epochs=300",QREPS,1.0,True,True,False,QREPS_CartPole-v1,TFG,False,LunarLander-v2,1000.0,100.0,10000.0,50.0,300.0,5.0,1.0,0.99,0.1,0.001,0.1,0.001,2.0,,False,0.1,False,True,True
6d51c_00002,0.0,1711727106.0,,True,45.0,2024-03-29_16-45-06,1.2173690795898438,365.6507730484009,12309.0,Nicolass-Air.technicolor.net,127.0.0.1,365.6507730484009,45.0,"2_alpha=3,gamma=0.9900,num_envs=1,policy_lr_start=0.1000,q_lr_start=0.1000,update_epochs=50,update_policy_epochs=300",QREPS,1.0,True,True,False,QREPS_CartPole-v1,TFG,False,LunarLander-v2,1000.0,100.0,10000.0,50.0,300.0,5.0,1.0,0.99,0.1,0.001,0.1,0.001,3.0,,False,0.1,False,True,True
6d51c_00003,0.0,1711727039.0,,True,37.0,2024-03-29_16-43-59,2.5485458374023438,298.0794234275818,12310.0,Nicolass-Air.technicolor.net,127.0.0.1,298.0794234275818,37.0,"3_alpha=5,gamma=0.9900,num_envs=1,policy_lr_start=0.1000,q_lr_start=0.1000,update_epochs=50,update_policy_epochs=300",QREPS,1.0,True,True,False,QREPS_CartPole-v1,TFG,False,LunarLander-v2,1000.0,100.0,10000.0,50.0,300.0,5.0,1.0,0.99,0.1,0.001,0.1,0.001,5.0,,False,0.1,False,True,True
6d51c_00004,0.0,1711726892.0,,True,26.0,2024-03-29_16-41-32,0.5029528141021729,152.04604578018188,12311.0,Nicolass-Air.technicolor.net,127.0.0.1,152.04604578018188,26.0,"4_alpha=6,gamma=0.9900,num_envs=1,policy_lr_start=0.1000,q_lr_start=0.1000,update_epochs=50,update_policy_epochs=300",QREPS,1.0,True,True,False,QREPS_CartPole-v1,TFG,False,LunarLander-v2,1000.0,100.0,10000.0,50.0,300.0,5.0,1.0,0.99,0.1,0.001,0.1,0.001,6.0,,False,0.1,False,True,True
6d51c_00005,0.0,1711726879.0,,True,24.0,2024-03-29_16-41-19,1.2204077243804932,138.7852771282196,12312.0,Nicolass-Air.technicolor.net,127.0.0.1,138.7852771282196,24.0,"5_alpha=0.2000,gamma=1.0000,num_envs=1,policy_lr_start=0.1000,q_lr_start=0.1000,update_epochs=50,update_policy_epochs=300",QREPS,1.0,True,True,False,QREPS_CartPole-v1,TFG,False,LunarLander-v2,1000.0,100.0,10000.0,50.0,300.0,5.0,1.0,1.0,0.1,0.001,0.1,0.001,0.2,,False,0.1,False,True,True
6d51c_00006,0.0,1711727089.0,,True,44.0,2024-03-29_16-44-49,0.6677350997924805,348.7135660648346,12313.0,Nicolass-Air.technicolor.net,127.0.0.1,348.7135660648346,44.0,"6_alpha=2,gamma=1.0000,num_envs=1,policy_lr_start=0.1000,q_lr_start=0.1000,update_epochs=50,update_policy_epochs=300",QREPS,1.0,True,True,False,QREPS_CartPole-v1,TFG,False,LunarLander-v2,1000.0,100.0,10000.0,50.0,300.0,5.0,1.0,1.0,0.1,0.001,0.1,0.001,2.0,,False,0.1,False,True,True
6d51c_00007,0.0,1711727110.0,,True,45.0,2024-03-29_16-45-10,0.518049955368042,369.55813908576965,12314.0,Nicolass-Air.technicolor.net,127.0.0.1,369.55813908576965,45.0,"7_alpha=3,gamma=1.0000,num_envs=1,policy_lr_start=0.1000,q_lr_start=0.1000,update_epochs=50,update_policy_epochs=300",QREPS,1.0,True,True,False,QREPS_CartPole-v1,TFG,False,LunarLander-v2,1000.0,100.0,10000.0,50.0,300.0,5.0,1.0,1.0,0.1,0.001,0.1,0.001,3.0,,False,0.1,False,True,True
6d51c_00008,0.0,1711727031.0,,True,25.0,2024-03-29_16-43-51,1.555919885635376,151.50340962409973,12312.0,Nicolass-Air.technicolor.net,127.0.0.1,151.50340962409973,25.0,"8_alpha=5,gamma=1.0000,num_envs=1,policy_lr_start=0.1000,q_lr_start=0.1000,update_epochs=50,update_policy_epochs=300",QREPS,1.0,True,True,False,QREPS_CartPole-v1,TFG,False,LunarLander-v2,1000.0,100.0,10000.0,50.0,300.0,5.0,1.0,1.0,0.1,0.001,0.1,0.001,5.0,,False,0.1,False,True,True
6d51c_00009,0.0,1711727213.0,,True,38.0,2024-03-29_16-46-53,0.918220043182373,322.8132185935974,12307.0,Nicolass-Air.technicolor.net,127.0.0.1,322.8132185935974,38.0,"9_alpha=6,gamma=1.0000,num_envs=1,policy_lr_start=0.1000,q_lr_start=0.1000,update_epochs=50,update_policy_epochs=300",QREPS,1.0,True,True,False,QREPS_CartPole-v1,TFG,False,LunarLander-v2,1000.0,100.0,10000.0,50.0,300.0,5.0,1.0,1.0,0.1,0.001,0.1,0.001,6.0,,False,0.1,False,True,True
6d51c_00010,0.0,1711727152.0,,True,15.0,2024-03-29_16-45-52,2.58475399017334,259.34136986732483,12311.0,Nicolass-Air.technicolor.net,127.0.0.1,259.34136986732483,15.0,"10_alpha=0.2000,gamma=0.9900,num_envs=4,policy_lr_start=0.1000,q_lr_start=0.1000,update_epochs=50,update_policy_epochs=300",QREPS,1.0,True,True,False,QREPS_CartPole-v1,TFG,False,LunarLander-v2,1000.0,100.0,10000.0,50.0,300.0,5.0,4.0,0.99,0.1,0.001,0.1,0.001,0.2,,False,0.1,False,True,True
6d51c_00011,0.0,1711727589.0,,True,33.0,2024-03-29_16-53-09,4.966554164886475,557.4759664535522,12312.0,Nicolass-Air.technicolor.net,127.0.0.1,557.4759664535522,33.0,"11_alpha=2,gamma=0.9900,num_envs=4,policy_lr_start=0.1000,q_lr_start=0.1000,update_epochs=50,update_policy_epochs=300",QREPS,1.0,True,True,False,QREPS_CartPole-v1,TFG,False,LunarLander-v2,1000.0,100.0,10000.0,50.0,300.0,5.0,4.0,0.99,0.1,0.001,0.1,0.001,2.0,,False,0.1,False,True,True
6d51c_00012,0.0,1711727645.0,,True,34.0,2024-03-29_16-54-05,2.7999250888824463,606.4509515762329,12310.0,Nicolass-Air.technicolor.net,127.0.0.1,606.4509515762329,34.0,"12_alpha=3,gamma=0.9900,num_envs=4,policy_lr_start=0.1000,q_lr_start=0.1000,update_epochs=50,update_policy_epochs=300",QREPS,1.0,True,True,False,QREPS_CartPole-v1,TFG,False,LunarLander-v2,1000.0,100.0,10000.0,50.0,300.0,5.0,4.0,0.99,0.1,0.001,0.1,0.001,3.0,,False,0.1,False,True,True
6d51c_00013,0.0,1711727733.0,,True,39.0,2024-03-29_16-55-33,4.345424175262451,676.1670145988464,12308.0,Nicolass-Air.technicolor.net,127.0.0.1,676.1670145988464,39.0,"13_alpha=5,gamma=0.9900,num_envs=4,policy_lr_start=0.1000,q_lr_start=0.1000,update_epochs=50,update_policy_epochs=300",QREPS,1.0,True,True,False,QREPS_CartPole-v1,TFG,False,LunarLander-v2,1000.0,100.0,10000.0,50.0,300.0,5.0,4.0,0.99,0.1,0.001,0.1,0.001,5.0,,False,0.1,False,True,True
6d51c_00014,0.0,1711727950.0,,True,30.0,2024-03-29_16-59-10,3.1168782711029053,860.8603677749634,12313.0,Nicolass-Air.technicolor.net,127.0.0.1,860.8603677749634,30.0,"14_alpha=6,gamma=0.9900,num_envs=4,policy_lr_start=0.1000,q_lr_start=0.1000,update_epochs=50,update_policy_epochs=300",QREPS,1.0,True,True,False,QREPS_CartPole-v1,TFG,False,LunarLander-v2,1000.0,100.0,10000.0,50.0,300.0,5.0,4.0,0.99,0.1,0.001,0.1,0.001,6.0,,False,0.1,False,True,True
6d51c_00015,0.0,1711727201.0,,True,6.0,2024-03-29_16-46-41,3.828144073486328,95.20010757446289,12309.0,Nicolass-Air.technicolor.net,127.0.0.1,95.20010757446289,6.0,"15_alpha=0.2000,gamma=1.0000,num_envs=4,policy_lr_start=0.1000,q_lr_start=0.1000,update_epochs=50,update_policy_epochs=300",QREPS,1.0,True,True,False,QREPS_CartPole-v1,TFG,False,LunarLander-v2,1000.0,100.0,10000.0,50.0,300.0,5.0,4.0,1.0,0.1,0.001,0.1,0.001,0.2,,False,0.1,False,True,True
6d51c_00016,0.0,1711727634.0,,True,30.0,2024-03-29_16-53-54,4.150407791137695,523.6156225204468,12314.0,Nicolass-Air.technicolor.net,127.0.0.1,523.6156225204468,30.0,"16_alpha=2,gamma=1.0000,num_envs=4,policy_lr_start=0.1000,q_lr_start=0.1000,update_epochs=50,update_policy_epochs=300",QREPS,1.0,True,True,False,QREPS_CartPole-v1,TFG,False,LunarLander-v2,1000.0,100.0,10000.0,50.0,300.0,5.0,4.0,1.0,0.1,0.001,0.1,0.001,2.0,,False,0.1,False,True,True
6d51c_00017,0.0,1711728035.0,,True,31.0,2024-03-29_17-00-35,4.902212142944336,882.9711029529572,12311.0,Nicolass-Air.technicolor.net,127.0.0.1,882.9711029529572,31.0,"17_alpha=3,gamma=1.0000,num_envs=4,policy_lr_start=0.1000,q_lr_start=0.1000,update_epochs=50,update_policy_epochs=300",QREPS,1.0,True,True,False,QREPS_CartPole-v1,TFG,False,LunarLander-v2,1000.0,100.0,10000.0,50.0,300.0,5.0,4.0,1.0,0.1,0.001,0.1,0.001,3.0,,False,0.1,False,True,True
6d51c_00018,0.0,1711727727.0,,True,30.0,2024-03-29_16-55-27,1.6576461791992188,524.9883451461792,12309.0,Nicolass-Air.technicolor.net,127.0.0.1,524.9883451461792,30.0,"18_alpha=5,gamma=1.0000,num_envs=4,policy_lr_start=0.1000,q_lr_start=0.1000,update_epochs=50,update_policy_epochs=300",QREPS,1.0,True,True,False,QREPS_CartPole-v1,TFG,False,LunarLander-v2,1000.0,100.0,10000.0,50.0,300.0,5.0,4.0,1.0,0.1,0.001,0.1,0.001,5.0,,False,0.1,False,True,True
6d51c_00019,0.0,1711727508.0,,True,17.0,2024-03-29_16-51-48,3.32620906829834,294.78370904922485,12307.0,Nicolass-Air.technicolor.net,127.0.0.1,294.78370904922485,17.0,"19_alpha=6,gamma=1.0000,num_envs=4,policy_lr_start=0.1000,q_lr_start=0.1000,update_epochs=50,update_policy_epochs=300",QREPS,1.0,True,True,False,QREPS_CartPole-v1,TFG,False,LunarLander-v2,1000.0,100.0,10000.0,50.0,300.0,5.0,4.0,1.0,0.1,0.001,0.1,0.001,6.0,,False,0.1,False,True,True
6d51c_00020,0.0,1711727668.0,,True,26.0,2024-03-29_16-54-28,0.37818312644958496,159.40647912025452,12307.0,Nicolass-Air.technicolor.net,127.0.0.1,159.40647912025452,26.0,"20_alpha=0.2000,gamma=0.9900,num_envs=1,policy_lr_start=0.0250,q_lr_start=0.1000,update_epochs=50,update_policy_epochs=300",QREPS,1.0,True,True,False,QREPS_CartPole-v1,TFG,False,LunarLander-v2,1000.0,100.0,10000.0,50.0,300.0,5.0,1.0,0.99,0.025,0.001,0.1,0.001,0.2,,False,0.1,False,True,True
6d51c_00021,0.0,1711727958.0,,True,45.0,2024-03-29_16-59-18,1.1653869152069092,368.88630747795105,12312.0,Nicolass-Air.technicolor.net,127.0.0.1,368.88630747795105,45.0,"21_alpha=2,gamma=0.9900,num_envs=1,policy_lr_start=0.0250,q_lr_start=0.1000,update_epochs=50,update_policy_epochs=300",QREPS,1.0,True,True,False,QREPS_CartPole-v1,TFG,False,LunarLander-v2,1000.0,100.0,10000.0,50.0,300.0,5.0,1.0,0.99,0.025,0.001,0.1,0.001,2.0,,False,0.1,False,True,True
6d51c_00022,0.0,1711727960.0,,True,40.0,2024-03-29_16-59-20,1.3483431339263916,325.0584406852722,12314.0,Nicolass-Air.technicolor.net,127.0.0.1,325.0584406852722,40.0,"22_alpha=3,gamma=0.9900,num_envs=1,policy_lr_start=0.0250,q_lr_start=0.1000,update_epochs=50,update_policy_epochs=300",QREPS,1.0,True,True,False,QREPS_CartPole-v1,TFG,False,LunarLander-v2,1000.0,100.0,10000.0,50.0,300.0,5.0,1.0,0.99,0.025,0.001,0.1,0.001,3.0,,False,0.1,False,True,True
6d51c_00023,0.0,1711728034.0,,True,46.0,2024-03-29_17-00-34,1.9601459503173828,387.9756004810333,12310.0,Nicolass-Air.technicolor.net,127.0.0.1,387.9756004810333,46.0,"23_alpha=5,gamma=0.9900,num_envs=1,policy_lr_start=0.0250,q_lr_start=0.1000,update_epochs=50,update_policy_epochs=300",QREPS,1.0,True,True,False,QREPS_CartPole-v1,TFG,False,LunarLander-v2,1000.0,100.0,10000.0,50.0,300.0,5.0,1.0,0.99,0.025,0.001,0.1,0.001,5.0,,False,0.1,False,True,True
6d51c_00024,0.0,1711728128.0,,True,69.0,2024-03-29_17-02-08,0.3658418655395508,459.3141281604767,12307.0,Nicolass-Air.technicolor.net,127.0.0.1,459.3141281604767,69.0,"24_alpha=6,gamma=0.9900,num_envs=1,policy_lr_start=0.0250,q_lr_start=0.1000,update_epochs=50,update_policy_epochs=300",QREPS,1.0,True,True,False,QREPS_CartPole-v1,TFG,False,LunarLander-v2,1000.0,100.0,10000.0,50.0,300.0,5.0,1.0,0.99,0.025,0.001,0.1,0.001,6.0,,False,0.1,False,True,True
6d51c_00025,0.0,1711727846.0,,True,19.0,2024-03-29_16-57-26,0.5202159881591797,119.10487174987793,12309.0,Nicolass-Air.technicolor.net,127.0.0.1,119.10487174987793,19.0,"25_alpha=0.2000,gamma=1.0000,num_envs=1,policy_lr_start=0.0250,q_lr_start=0.1000,update_epochs=50,update_policy_epochs=300",QREPS,1.0,True,True,False,QREPS_CartPole-v1,TFG,False,LunarLander-v2,1000.0,100.0,10000.0,50.0,300.0,5.0,1.0,1.0,0.025,0.001,0.1,0.001,0.2,,False,0.1,False,True,True
6d51c_00026,0.0,1711727838.0,,True,17.0,2024-03-29_16-57-18,0.47946596145629883,105.32747197151184,12308.0,Nicolass-Air.technicolor.net,127.0.0.1,105.32747197151184,17.0,"26_alpha=2,gamma=1.0000,num_envs=1,policy_lr_start=0.0250,q_lr_start=0.1000,update_epochs=50,update_policy_epochs=300",QREPS,1.0,True,True,False,QREPS_CartPole-v1,TFG,False,LunarLander-v2,1000.0,100.0,10000.0,50.0,300.0,5.0,1.0,1.0,0.025,0.001,0.1,0.001,2.0,,False,0.1,False,True,True
6d51c_00027,0.0,1711728004.0,,True,26.0,2024-03-29_17-00-04,1.0922350883483887,164.9984107017517,12308.0,Nicolass-Air.technicolor.net,127.0.0.1,164.9984107017517,26.0,"27_alpha=3,gamma=1.0000,num_envs=1,policy_lr_start=0.0250,q_lr_start=0.1000,update_epochs=50,update_policy_epochs=300",QREPS,1.0,True,True,False,QREPS_CartPole-v1,TFG,False,LunarLander-v2,1000.0,100.0,10000.0,50.0,300.0,5.0,1.0,1.0,0.025,0.001,0.1,0.001,3.0,,False,0.1,False,True,True
6d51c_00028,0.0,1711728187.0,,True,40.0,2024-03-29_17-03-07,2.4556097984313965,340.0795645713806,12309.0,Nicolass-Air.technicolor.net,127.0.0.1,340.0795645713806,40.0,"28_alpha=5,gamma=1.0000,num_envs=1,policy_lr_start=0.0250,q_lr_start=0.1000,update_epochs=50,update_policy_epochs=300",QREPS,1.0,True,True,False,QREPS_CartPole-v1,TFG,False,LunarLander-v2,1000.0,100.0,10000.0,50.0,300.0,5.0,1.0,1.0,0.025,0.001,0.1,0.001,5.0,,False,0.1,False,True,True
6d51c_00029,0.0,1711728145.0,,True,29.0,2024-03-29_17-02-25,1.3874099254608154,194.7169578075409,12313.0,Nicolass-Air.technicolor.net,127.0.0.1,194.7169578075409,29.0,"29_alpha=6,gamma=1.0000,num_envs=1,policy_lr_start=0.0250,q_lr_start=0.1000,update_epochs=50,update_policy_epochs=300",QREPS,1.0,True,True,False,QREPS_CartPole-v1,TFG,False,LunarLander-v2,1000.0,100.0,10000.0,50.0,300.0,5.0,1.0,1.0,0.025,0.001,0.1,0.001,6.0,,False,0.1,False,True,True
6d51c_00030,0.0,1711728356.0,,True,20.0,2024-03-29_17-05-56,1.9001879692077637,397.77453565597534,12312.0,Nicolass-Air.technicolor.net,127.0.0.1,397.77453565597534,20.0,"30_alpha=0.2000,gamma=0.9900,num_envs=4,policy_lr_start=0.0250,q_lr_start=0.1000,update_epochs=50,update_policy_epochs=300",QREPS,1.0,True,True,False,QREPS_CartPole-v1,TFG,False,LunarLander-v2,1000.0,100.0,10000.0,50.0,300.0,5.0,4.0,0.99,0.025,0.001,0.1,0.001,0.2,,False,0.1,False,True,True
6d51c_00031,0.0,1711729141.0,,True,42.0,2024-03-29_17-19-01,1.3205020427703857,1180.077478647232,12314.0,Nicolass-Air.technicolor.net,127.0.0.1,1180.077478647232,42.0,"31_alpha=2,gamma=0.9900,num_envs=4,policy_lr_start=0.0250,q_lr_start=0.1000,update_epochs=50,update_policy_epochs=300",QREPS,1.0,True,True,False,QREPS_CartPole-v1,TFG,False,LunarLander-v2,1000.0,100.0,10000.0,50.0,300.0,5.0,4.0,0.99,0.025,0.001,0.1,0.001,2.0,,False,0.1,False,True,True
6d51c_00032,0.0,1711728718.0,,True,41.0,2024-03-29_17-11-58,1.1581649780273438,713.4250910282135,12308.0,Nicolass-Air.technicolor.net,127.0.0.1,713.4250910282135,41.0,"32_alpha=3,gamma=0.9900,num_envs=4,policy_lr_start=0.0250,q_lr_start=0.1000,update_epochs=50,update_policy_epochs=300",QREPS,1.0,True,True,False,QREPS_CartPole-v1,TFG,False,LunarLander-v2,1000.0,100.0,10000.0,50.0,300.0,5.0,4.0,0.99,0.025,0.001,0.1,0.001,3.0,,False,0.1,False,True,True
6d51c_00033,0.0,1711729133.0,,True,40.0,2024-03-29_17-18-53,11.255068063735962,1098.693461894989,12310.0,Nicolass-Air.technicolor.net,127.0.0.1,1098.693461894989,40.0,"33_alpha=5,gamma=0.9900,num_envs=4,policy_lr_start=0.0250,q_lr_start=0.1000,update_epochs=50,update_policy_epochs=300",QREPS,1.0,True,True,False,QREPS_CartPole-v1,TFG,False,LunarLander-v2,1000.0,100.0,10000.0,50.0,300.0,5.0,4.0,0.99,0.025,0.001,0.1,0.001,5.0,,False,0.1,False,True,True
6d51c_00034,0.0,1711729080.0,,True,38.0,2024-03-29_17-18-00,2.855772018432617,1044.0690233707428,12311.0,Nicolass-Air.technicolor.net,127.0.0.1,1044.0690233707428,38.0,"34_alpha=6,gamma=0.9900,num_envs=4,policy_lr_start=0.0250,q_lr_start=0.1000,update_epochs=50,update_policy_epochs=300",QREPS,1.0,True,True,False,QREPS_CartPole-v1,TFG,False,LunarLander-v2,1000.0,100.0,10000.0,50.0,300.0,5.0,4.0,0.99,0.025,0.001,0.1,0.001,6.0,,False,0.1,False,True,True
6d51c_00035,0.0,1711728358.0,,True,13.0,2024-03-29_17-05-58,2.573267936706543,230.3082230091095,12307.0,Nicolass-Air.technicolor.net,127.0.0.1,230.3082230091095,13.0,"35_alpha=0.2000,gamma=1.0000,num_envs=4,policy_lr_start=0.0250,q_lr_start=0.1000,update_epochs=50,update_policy_epochs=300",QREPS,1.0,True,True,False,QREPS_CartPole-v1,TFG,False,LunarLander-v2,1000.0,100.0,10000.0,50.0,300.0,5.0,4.0,1.0,0.025,0.001,0.1,0.001,0.2,,False,0.1,False,True,True
6d51c_00036,0.0,1711728735.0,,True,32.0,2024-03-29_17-12-15,1.410595178604126,589.2016034126282,12313.0,Nicolass-Air.technicolor.net,127.0.0.1,589.2016034126282,32.0,"36_alpha=2,gamma=1.0000,num_envs=4,policy_lr_start=0.0250,q_lr_start=0.1000,update_epochs=50,update_policy_epochs=300",QREPS,1.0,True,True,False,QREPS_CartPole-v1,TFG,False,LunarLander-v2,1000.0,100.0,10000.0,50.0,300.0,5.0,4.0,1.0,0.025,0.001,0.1,0.001,2.0,,False,0.1,False,True,True
6d51c_00037,0.0,1711728699.0,,True,30.0,2024-03-29_17-11-39,2.679965019226074,511.3064284324646,12309.0,Nicolass-Air.technicolor.net,127.0.0.1,511.3064284324646,30.0,"37_alpha=3,gamma=1.0000,num_envs=4,policy_lr_start=0.0250,q_lr_start=0.1000,update_epochs=50,update_policy_epochs=300",QREPS,1.0,True,True,False,QREPS_CartPole-v1,TFG,False,LunarLander-v2,1000.0,100.0,10000.0,50.0,300.0,5.0,4.0,1.0,0.025,0.001,0.1,0.001,3.0,,False,0.1,False,True,True
6d51c_00038,0.0,1711729260.0,,True,54.0,2024-03-29_17-21-00,4.801149845123291,901.441086769104,12312.0,Nicolass-Air.technicolor.net,127.0.0.1,901.441086769104,54.0,"38_alpha=5,gamma=1.0000,num_envs=4,policy_lr_start=0.0250,q_lr_start=0.1000,update_epochs=50,update_policy_epochs=300",QREPS,1.0,True,True,False,QREPS_CartPole-v1,TFG,False,LunarLander-v2,1000.0,100.0,10000.0,50.0,300.0,5.0,4.0,1.0,0.025,0.001,0.1,0.001,5.0,,False,0.1,False,True,True
6d51c_00039,0.0,1711729738.0,,True,92.0,2024-03-29_17-28-58,1.133580207824707,1377.9261901378632,12307.0,Nicolass-Air.technicolor.net,127.0.0.1,1377.9261901378632,92.0,"39_alpha=6,gamma=1.0000,num_envs=4,policy_lr_start=0.0250,q_lr_start=0.1000,update_epochs=50,update_policy_epochs=300",QREPS,1.0,True,True,False,QREPS_CartPole-v1,TFG,False,LunarLander-v2,1000.0,100.0,10000.0,50.0,300.0,5.0,4.0,1.0,0.025,0.001,0.1,0.001,6.0,,False,0.1,False,True,True
6d51c_00040,-658.7522875268958,1711729584.0,,True,100.0,2024-03-29_17-26-24,7.145101070404053,883.311758518219,12309.0,Nicolass-Air.technicolor.net,127.0.0.1,883.311758518219,100.0,"40_alpha=0.2000,gamma=0.9900,num_envs=1,policy_lr_start=0.0025,q_lr_start=0.1000,update_epochs=50,update_policy_epochs=300",QREPS,1.0,True,True,False,QREPS_CartPole-v1,TFG,False,LunarLander-v2,1000.0,100.0,10000.0,50.0,300.0,5.0,1.0,0.99,0.0025,0.001,0.1,0.001,0.2,,False,0.1,False,True,True
6d51c_00041,-563.3739276556125,1711729502.0,,True,100.0,2024-03-29_17-25-02,6.219014883041382,782.5509593486786,12308.0,Nicolass-Air.technicolor.net,127.0.0.1,782.5509593486786,100.0,"41_alpha=2,gamma=0.9900,num_envs=1,policy_lr_start=0.0025,q_lr_start=0.1000,update_epochs=50,update_policy_epochs=300",QREPS,1.0,True,True,False,QREPS_CartPole-v1,TFG,False,LunarLander-v2,1000.0,100.0,10000.0,50.0,300.0,5.0,1.0,0.99,0.0025,0.001,0.1,0.001,2.0,,False,0.1,False,True,True
6d51c_00042,-144.24729299295433,1711729552.0,,True,100.0,2024-03-29_17-25-52,6.588481903076172,815.8440639972687,12313.0,Nicolass-Air.technicolor.net,127.0.0.1,815.8440639972687,100.0,"42_alpha=3,gamma=0.9900,num_envs=1,policy_lr_start=0.0025,q_lr_start=0.1000,update_epochs=50,update_policy_epochs=300",QREPS,1.0,True,True,False,QREPS_CartPole-v1,TFG,False,LunarLander-v2,1000.0,100.0,10000.0,50.0,300.0,5.0,1.0,0.99,0.0025,0.001,0.1,0.001,3.0,,False,0.1,False,True,True
6d51c_00043,-486.4829623231179,1711729775.0,,True,100.0,2024-03-29_17-29-35,9.231964349746704,694.6517331600189,12311.0,Nicolass-Air.technicolor.net,127.0.0.1,694.6517331600189,100.0,"43_alpha=5,gamma=0.9900,num_envs=1,policy_lr_start=0.0025,q_lr_start=0.1000,update_epochs=50,update_policy_epochs=300",QREPS,1.0,True,True,False,QREPS_CartPole-v1,TFG,False,LunarLander-v2,1000.0,100.0,10000.0,50.0,300.0,5.0,1.0,0.99,0.0025,0.001,0.1,0.001,5.0,,False,0.1,False,True,True
6d51c_00044,-196.3652215987235,1711729849.0,,True,100.0,2024-03-29_17-30-49,8.944787979125977,713.0531959533691,12310.0,Nicolass-Air.technicolor.net,127.0.0.1,713.0531959533691,100.0,"44_alpha=6,gamma=0.9900,num_envs=1,policy_lr_start=0.0025,q_lr_start=0.1000,update_epochs=50,update_policy_epochs=300",QREPS,1.0,True,True,False,QREPS_CartPole-v1,TFG,False,LunarLander-v2,1000.0,100.0,10000.0,50.0,300.0,5.0,1.0,0.99,0.0025,0.001,0.1,0.001,6.0,,False,0.1,False,True,True
6d51c_00045,0.0,1711729825.0,,True,83.0,2024-03-29_17-30-25,2.906087875366211,682.868444442749,12314.0,Nicolass-Air.technicolor.net,127.0.0.1,682.868444442749,83.0,"45_alpha=0.2000,gamma=1.0000,num_envs=1,policy_lr_start=0.0025,q_lr_start=0.1000,update_epochs=50,update_policy_epochs=300",QREPS,1.0,True,True,False,QREPS_CartPole-v1,TFG,False,LunarLander-v2,1000.0,100.0,10000.0,50.0,300.0,5.0,1.0,1.0,0.0025,0.001,0.1,0.001,0.2,,False,0.1,False,True,True
6d51c_00046,-176.95915816948778,1711730181.0,,True,100.0,2024-03-29_17-36-21,9.417873859405518,918.8882865905762,12312.0,Nicolass-Air.technicolor.net,127.0.0.1,918.8882865905762,100.0,"46_alpha=2,gamma=1.0000,num_envs=1,policy_lr_start=0.0025,q_lr_start=0.1000,update_epochs=50,update_policy_epochs=300",QREPS,1.0,True,True,False,QREPS_CartPole-v1,TFG,False,LunarLander-v2,1000.0,100.0,10000.0,50.0,300.0,5.0,1.0,1.0,0.0025,0.001,0.1,0.001,2.0,,False,0.1,False,True,True
6d51c_00047,-439.53727062697214,1711730283.0,,True,100.0,2024-03-29_17-38-03,7.650700092315674,779.9844396114349,12308.0,Nicolass-Air.technicolor.net,127.0.0.1,779.9844396114349,100.0,"47_alpha=3,gamma=1.0000,num_envs=1,policy_lr_start=0.0025,q_lr_start=0.1000,update_epochs=50,update_policy_epochs=300",QREPS,1.0,True,True,False,QREPS_CartPole-v1,TFG,False,LunarLander-v2,1000.0,100.0,10000.0,50.0,300.0,5.0,1.0,1.0,0.0025,0.001,0.1,0.001,3.0,,False,0.1,False,True,True
6d51c_00048,-544.7983834272496,1711730307.0,,True,100.0,2024-03-29_17-38-27,6.878937721252441,753.7508220672607,12313.0,Nicolass-Air.technicolor.net,127.0.0.1,753.7508220672607,100.0,"48_alpha=5,gamma=1.0000,num_envs=1,policy_lr_start=0.0025,q_lr_start=0.1000,update_epochs=50,update_policy_epochs=300",QREPS,1.0,True,True,False,QREPS_CartPole-v1,TFG,False,LunarLander-v2,1000.0,100.0,10000.0,50.0,300.0,5.0,1.0,1.0,0.0025,0.001,0.1,0.001,5.0,,False,0.1,False,True,True
6d51c_00049,-702.7421623761237,1711730335.0,,True,100.0,2024-03-29_17-38-55,14.364965915679932,749.8089277744293,12309.0,Nicolass-Air.technicolor.net,127.0.0.1,749.8089277744293,100.0,"49_alpha=6,gamma=1.0000,num_envs=1,policy_lr_start=0.0025,q_lr_start=0.1000,update_epochs=50,update_policy_epochs=300",QREPS,1.0,True,True,False,QREPS_CartPole-v1,TFG,False,LunarLander-v2,1000.0,100.0,10000.0,50.0,300.0,5.0,1.0,1.0,0.0025,0.001,0.1,0.001,6.0,,False,0.1,False,True,True
6d51c_00050,-156.23360433475915,1711732768.0,,True,100.0,2024-03-29_18-19-28,45.284300088882446,3028.5242795944214,12307.0,Nicolass-Air.technicolor.net,127.0.0.1,3028.5242795944214,100.0,"50_alpha=0.2000,gamma=0.9900,num_envs=4,policy_lr_start=0.0025,q_lr_start=0.1000,update_epochs=50,update_policy_epochs=300",QREPS,1.0,True,True,False,QREPS_CartPole-v1,TFG,False,LunarLander-v2,1000.0,100.0,10000.0,50.0,300.0,5.0,4.0,0.99,0.0025,0.001,0.1,0.001,0.2,,False,0.1,False,True,True
6d51c_00051,-298.5257268853802,1711732238.0,,True,100.0,2024-03-29_18-10-38,34.50903606414795,2460.983330488205,12311.0,Nicolass-Air.technicolor.net,127.0.0.1,2460.983330488205,100.0,"51_alpha=2,gamma=0.9900,num_envs=4,policy_lr_start=0.0025,q_lr_start=0.1000,update_epochs=50,update_policy_epochs=300",QREPS,1.0,True,True,False,QREPS_CartPole-v1,TFG,False,LunarLander-v2,1000.0,100.0,10000.0,50.0,300.0,5.0,4.0,0.99,0.0025,0.001,0.1,0.001,2.0,,False,0.1,False,True,True
6d51c_00052,-458.24383071196945,1711732222.0,,True,100.0,2024-03-29_18-10-22,33.95890212059021,2394.580645084381,12314.0,Nicolass-Air.technicolor.net,127.0.0.1,2394.580645084381,100.0,"52_alpha=3,gamma=0.9900,num_envs=4,policy_lr_start=0.0025,q_lr_start=0.1000,update_epochs=50,update_policy_epochs=300",QREPS,1.0,True,True,False,QREPS_CartPole-v1,TFG,False,LunarLander-v2,1000.0,100.0,10000.0,50.0,300.0,5.0,4.0,0.99,0.0025,0.001,0.1,0.001,3.0,,False,0.1,False,True,True
6d51c_00053,-330.1881168766266,1711732318.0,,True,100.0,2024-03-29_18-11-58,33.07587194442749,2467.989111185074,12310.0,Nicolass-Air.technicolor.net,127.0.0.1,2467.989111185074,100.0,"53_alpha=5,gamma=0.9900,num_envs=4,policy_lr_start=0.0025,q_lr_start=0.1000,update_epochs=50,update_policy_epochs=300",QREPS,1.0,True,True,False,QREPS_CartPole-v1,TFG,False,LunarLander-v2,1000.0,100.0,10000.0,50.0,300.0,5.0,4.0,0.99,0.0025,0.001,0.1,0.001,5.0,,False,0.1,False,True,True
6d51c_00054,-406.44074982621345,1711732536.0,,True,100.0,2024-03-29_18-15-36,24.8659348487854,2353.320294380188,12312.0,Nicolass-Air.technicolor.net,127.0.0.1,2353.320294380188,100.0,"54_alpha=6,gamma=0.9900,num_envs=4,policy_lr_start=0.0025,q_lr_start=0.1000,update_epochs=50,update_policy_epochs=300",QREPS,1.0,True,True,False,QREPS_CartPole-v1,TFG,False,LunarLander-v2,1000.0,100.0,10000.0,50.0,300.0,5.0,4.0,0.99,0.0025,0.001,0.1,0.001,6.0,,False,0.1,False,True,True
6d51c_00055,-183.08724849258368,1711733319.0,,True,100.0,2024-03-29_18-28-39,40.8958740234375,3034.5721406936646,12308.0,Nicolass-Air.technicolor.net,127.0.0.1,3034.5721406936646,100.0,"55_alpha=0.2000,gamma=1.0000,num_envs=4,policy_lr_start=0.0025,q_lr_start=0.1000,update_epochs=50,update_policy_epochs=300",QREPS,1.0,True,True,False,QREPS_CartPole-v1,TFG,False,LunarLander-v2,1000.0,100.0,10000.0,50.0,300.0,5.0,4.0,1.0,0.0025,0.001,0.1,0.001,0.2,,False,0.1,False,True,True
6d51c_00056,-414.53864577637813,1711732811.0,,True,100.0,2024-03-29_18-20-11,28.631339073181152,2501.700991868973,12313.0,Nicolass-Air.technicolor.net,127.0.0.1,2501.700991868973,100.0,"56_alpha=2,gamma=1.0000,num_envs=4,policy_lr_start=0.0025,q_lr_start=0.1000,update_epochs=50,update_policy_epochs=300",QREPS,1.0,True,True,False,QREPS_CartPole-v1,TFG,False,LunarLander-v2,1000.0,100.0,10000.0,50.0,300.0,5.0,4.0,1.0,0.0025,0.001,0.1,0.001,2.0,,False,0.1,False,True,True
6d51c_00057,-363.6024882018118,1711732758.0,,True,100.0,2024-03-29_18-19-18,39.24847888946533,2420.6370713710785,12309.0,Nicolass-Air.technicolor.net,127.0.0.1,2420.6370713710785,100.0,"57_alpha=3,gamma=1.0000,num_envs=4,policy_lr_start=0.0025,q_lr_start=0.1000,update_epochs=50,update_policy_epochs=300",QREPS,1.0,True,True,False,QREPS_CartPole-v1,TFG,False,LunarLander-v2,1000.0,100.0,10000.0,50.0,300.0,5.0,4.0,1.0,0.0025,0.001,0.1,0.001,3.0,,False,0.1,False,True,True
6d51c_00058,-365.26417297061744,1711734692.0,,True,100.0,2024-03-29_18-51-32,29.630430936813354,2468.963758945465,12314.0,Nicolass-Air.technicolor.net,127.0.0.1,2468.963758945465,100.0,"58_alpha=5,gamma=1.0000,num_envs=4,policy_lr_start=0.0025,q_lr_start=0.1000,update_epochs=50,update_policy_epochs=300",QREPS,1.0,True,True,False,QREPS_CartPole-v1,TFG,False,LunarLander-v2,1000.0,100.0,10000.0,50.0,300.0,5.0,4.0,1.0,0.0025,0.001,0.1,0.001,5.0,,False,0.1,False,True,True
6d51c_00059,-362.2735083590785,1711734705.0,,True,100.0,2024-03-29_18-51-45,27.068878173828125,2464.885228395462,12311.0,Nicolass-Air.technicolor.net,127.0.0.1,2464.885228395462,100.0,"59_alpha=6,gamma=1.0000,num_envs=4,policy_lr_start=0.0025,q_lr_start=0.1000,update_epochs=50,update_policy_epochs=300",QREPS,1.0,True,True,False,QREPS_CartPole-v1,TFG,False,LunarLander-v2,1000.0,100.0,10000.0,50.0,300.0,5.0,4.0,1.0,0.0025,0.001,0.1,0.001,6.0,,False,0.1,False,True,True
6d51c_00060,0.0,1711732774.0,,True,79.0,2024-03-29_18-19-34,0.9255199432373047,454.1297278404236,12310.0,Nicolass-Air.technicolor.net,127.0.0.1,454.1297278404236,79.0,"60_alpha=0.2000,gamma=0.9900,num_envs=1,policy_lr_start=0.1000,q_lr_start=0.0250,update_epochs=50,update_policy_epochs=300",QREPS,1.0,True,True,False,QREPS_CartPole-v1,TFG,False,LunarLander-v2,1000.0,100.0,10000.0,50.0,300.0,5.0,1.0,0.99,0.1,0.001,0.025,0.001,0.2,,False,0.1,False,True,True
6d51c_00061,0.0,1711732900.0,,True,64.0,2024-03-29_18-21-40,0.4485318660736084,363.15441846847534,12312.0,Nicolass-Air.technicolor.net,127.0.0.1,363.15441846847534,64.0,"61_alpha=2,gamma=0.9900,num_envs=1,policy_lr_start=0.1000,q_lr_start=0.0250,update_epochs=50,update_policy_epochs=300",QREPS,1.0,True,True,False,QREPS_CartPole-v1,TFG,False,LunarLander-v2,1000.0,100.0,10000.0,50.0,300.0,5.0,1.0,0.99,0.1,0.001,0.025,0.001,2.0,,False,0.1,False,True,True
6d51c_00062,0.0,1711733282.0,,True,95.0,2024-03-29_18-28-02,1.6746878623962402,523.4995768070221,12309.0,Nicolass-Air.technicolor.net,127.0.0.1,523.4995768070221,95.0,"62_alpha=3,gamma=0.9900,num_envs=1,policy_lr_start=0.1000,q_lr_start=0.0250,update_epochs=50,update_policy_epochs=300",QREPS,1.0,True,True,False,QREPS_CartPole-v1,TFG,False,LunarLander-v2,1000.0,100.0,10000.0,50.0,300.0,5.0,1.0,0.99,0.1,0.001,0.025,0.001,3.0,,False,0.1,False,True,True
6d51c_00063,0.0,1711733142.0,,True,65.0,2024-03-29_18-25-42,1.430130958557129,373.55118012428284,12307.0,Nicolass-Air.technicolor.net,127.0.0.1,373.55118012428284,65.0,"63_alpha=5,gamma=0.9900,num_envs=1,policy_lr_start=0.1000,q_lr_start=0.0250,update_epochs=50,update_policy_epochs=300",QREPS,1.0,True,True,False,QREPS_CartPole-v1,TFG,False,LunarLander-v2,1000.0,100.0,10000.0,50.0,300.0,5.0,1.0,0.99,0.1,0.001,0.025,0.001,5.0,,False,0.1,False,True,True
6d51c_00064,0.0,1711733138.0,,True,67.0,2024-03-29_18-25-38,0.2537119388580322,363.7011182308197,12310.0,Nicolass-Air.technicolor.net,127.0.0.1,363.7011182308197,67.0,"64_alpha=6,gamma=0.9900,num_envs=1,policy_lr_start=0.1000,q_lr_start=0.0250,update_epochs=50,update_policy_epochs=300",QREPS,1.0,True,True,False,QREPS_CartPole-v1,TFG,False,LunarLander-v2,1000.0,100.0,10000.0,50.0,300.0,5.0,1.0,0.99,0.1,0.001,0.025,0.001,6.0,,False,0.1,False,True,True
6d51c_00065,0.0,1711733082.0,,True,51.0,2024-03-29_18-24-42,1.6197962760925293,270.26691126823425,12313.0,Nicolass-Air.technicolor.net,127.0.0.1,270.26691126823425,51.0,"65_alpha=0.2000,gamma=1.0000,num_envs=1,policy_lr_start=0.1000,q_lr_start=0.0250,update_epochs=50,update_policy_epochs=300",QREPS,1.0,True,True,False,QREPS_CartPole-v1,TFG,False,LunarLander-v2,1000.0,100.0,10000.0,50.0,300.0,5.0,1.0,1.0,0.1,0.001,0.025,0.001,0.2,,False,0.1,False,True,True
6d51c_00066,-839.2514506963128,1711733655.0,,True,100.0,2024-03-29_18-34-15,6.809748888015747,753.9507322311401,12312.0,Nicolass-Air.technicolor.net,127.0.0.1,753.9507322311401,100.0,"66_alpha=2,gamma=1.0000,num_envs=1,policy_lr_start=0.1000,q_lr_start=0.0250,update_epochs=50,update_policy_epochs=300",QREPS,1.0,True,True,False,QREPS_CartPole-v1,TFG,False,LunarLander-v2,1000.0,100.0,10000.0,50.0,300.0,5.0,1.0,1.0,0.1,0.001,0.025,0.001,2.0,,False,0.1,False,True,True
6d51c_00067,0.0,1711733425.0,,True,64.0,2024-03-29_18-30-25,0.44280505180358887,342.77081322669983,12313.0,Nicolass-Air.technicolor.net,127.0.0.1,342.77081322669983,64.0,"67_alpha=3,gamma=1.0000,num_envs=1,policy_lr_start=0.1000,q_lr_start=0.0250,update_epochs=50,update_policy_epochs=300",QREPS,1.0,True,True,False,QREPS_CartPole-v1,TFG,False,LunarLander-v2,1000.0,100.0,10000.0,50.0,300.0,5.0,1.0,1.0,0.1,0.001,0.025,0.001,3.0,,False,0.1,False,True,True
6d51c_00068,-692.5089499992339,1711733731.0,,True,100.0,2024-03-29_18-35-31,5.0579400062561035,591.5169756412506,12310.0,Nicolass-Air.technicolor.net,127.0.0.1,591.5169756412506,100.0,"68_alpha=5,gamma=1.0000,num_envs=1,policy_lr_start=0.1000,q_lr_start=0.0250,update_epochs=50,update_policy_epochs=300",QREPS,1.0,True,True,False,QREPS_CartPole-v1,TFG,False,LunarLander-v2,1000.0,100.0,10000.0,50.0,300.0,5.0,1.0,1.0,0.1,0.001,0.025,0.001,5.0,,False,0.1,False,True,True
6d51c_00069,-839.2514506963128,1711733902.0,,True,100.0,2024-03-29_18-38-22,6.938007831573486,756.3122618198395,12307.0,Nicolass-Air.technicolor.net,127.0.0.1,756.3122618198395,100.0,"69_alpha=6,gamma=1.0000,num_envs=1,policy_lr_start=0.1000,q_lr_start=0.0250,update_epochs=50,update_policy_epochs=300",QREPS,1.0,True,True,False,QREPS_CartPole-v1,TFG,False,LunarLander-v2,1000.0,100.0,10000.0,50.0,300.0,5.0,1.0,1.0,0.1,0.001,0.025,0.001,6.0,,False,0.1,False,True,True
6d51c_00070,0.0,1711734085.0,,True,50.0,2024-03-29_18-41-25,3.9369499683380127,802.2427277565002,12309.0,Nicolass-Air.technicolor.net,127.0.0.1,802.2427277565002,50.0,"70_alpha=0.2000,gamma=0.9900,num_envs=4,policy_lr_start=0.1000,q_lr_start=0.0250,update_epochs=50,update_policy_epochs=300",QREPS,1.0,True,True,False,QREPS_CartPole-v1,TFG,False,LunarLander-v2,1000.0,100.0,10000.0,50.0,300.0,5.0,4.0,0.99,0.1,0.001,0.025,0.001,0.2,,False,0.1,False,True,True
6d51c_00071,-529.6527685182625,1711734853.0,,True,100.0,2024-03-29_18-54-13,14.888864040374756,1532.4690515995026,12308.0,Nicolass-Air.technicolor.net,127.0.0.1,1532.4690515995026,100.0,"71_alpha=2,gamma=0.9900,num_envs=4,policy_lr_start=0.1000,q_lr_start=0.0250,update_epochs=50,update_policy_epochs=300",QREPS,1.0,True,True,False,QREPS_CartPole-v1,TFG,False,LunarLander-v2,1000.0,100.0,10000.0,50.0,300.0,5.0,4.0,0.99,0.1,0.001,0.025,0.001,2.0,,False,0.1,False,True,True
6d51c_00072,-744.1662281234279,1711736061.0,,True,100.0,2024-03-29_19-14-21,24.136186838150024,2634.514394044876,12313.0,Nicolass-Air.technicolor.net,127.0.0.1,2634.514394044876,100.0,"72_alpha=3,gamma=0.9900,num_envs=4,policy_lr_start=0.1000,q_lr_start=0.0250,update_epochs=50,update_policy_epochs=300",QREPS,1.0,True,True,False,QREPS_CartPole-v1,TFG,False,LunarLander-v2,1000.0,100.0,10000.0,50.0,300.0,5.0,4.0,0.99,0.1,0.001,0.025,0.001,3.0,,False,0.1,False,True,True
6d51c_00073,-61.88483728223937,1711735241.0,,True,100.0,2024-03-29_19-00-41,16.487443208694458,1584.4234173297882,12312.0,Nicolass-Air.technicolor.net,127.0.0.1,1584.4234173297882,100.0,"73_alpha=5,gamma=0.9900,num_envs=4,policy_lr_start=0.1000,q_lr_start=0.0250,update_epochs=50,update_policy_epochs=300",QREPS,1.0,True,True,False,QREPS_CartPole-v1,TFG,False,LunarLander-v2,1000.0,100.0,10000.0,50.0,300.0,5.0,4.0,0.99,0.1,0.001,0.025,0.001,5.0,,False,0.1,False,True,True
6d51c_00074,-61.88483728223937,1711735373.0,,True,100.0,2024-03-29_19-02-53,19.817123889923096,1639.5750966072083,12310.0,Nicolass-Air.technicolor.net,127.0.0.1,1639.5750966072083,100.0,"74_alpha=6,gamma=0.9900,num_envs=4,policy_lr_start=0.1000,q_lr_start=0.0250,update_epochs=50,update_policy_epochs=300",QREPS,1.0,True,True,False,QREPS_CartPole-v1,TFG,False,LunarLander-v2,1000.0,100.0,10000.0,50.0,300.0,5.0,4.0,0.99,0.1,0.001,0.025,0.001,6.0,,False,0.1,False,True,True
6d51c_00075,0.0,1711734470.0,,True,35.0,2024-03-29_18-47-50,2.792912006378174,566.997234582901,12307.0,Nicolass-Air.technicolor.net,127.0.0.1,566.997234582901,35.0,"75_alpha=0.2000,gamma=1.0000,num_envs=4,policy_lr_start=0.1000,q_lr_start=0.0250,update_epochs=50,update_policy_epochs=300",QREPS,1.0,True,True,False,QREPS_CartPole-v1,TFG,False,LunarLander-v2,1000.0,100.0,10000.0,50.0,300.0,5.0,4.0,1.0,0.1,0.001,0.025,0.001,0.2,,False,0.1,False,True,True
6d51c_00076,0.0,1711735028.0,,True,60.0,2024-03-29_18-57-08,2.5290722846984863,942.2893056869507,12309.0,Nicolass-Air.technicolor.net,127.0.0.1,942.2893056869507,60.0,"76_alpha=2,gamma=1.0000,num_envs=4,policy_lr_start=0.1000,q_lr_start=0.0250,update_epochs=50,update_policy_epochs=300",QREPS,1.0,True,True,False,QREPS_CartPole-v1,TFG,False,LunarLander-v2,1000.0,100.0,10000.0,50.0,300.0,5.0,4.0,1.0,0.1,0.001,0.025,0.001,2.0,,False,0.1,False,True,True
6d51c_00077,0.0,1711735410.0,,True,57.0,2024-03-29_19-03-30,3.7791030406951904,938.9481334686279,12307.0,Nicolass-Air.technicolor.net,127.0.0.1,938.9481334686279,57.0,"77_alpha=3,gamma=1.0000,num_envs=4,policy_lr_start=0.1000,q_lr_start=0.0250,update_epochs=50,update_policy_epochs=300",QREPS,1.0,True,True,False,QREPS_CartPole-v1,TFG,False,LunarLander-v2,1000.0,100.0,10000.0,50.0,300.0,5.0,4.0,1.0,0.1,0.001,0.025,0.001,3.0,,False,0.1,False,True,True
6d51c_00078,-61.88483728223937,1711736377.0,,True,100.0,2024-03-29_19-19-37,17.62020206451416,1683.3903505802155,12314.0,Nicolass-Air.technicolor.net,127.0.0.1,1683.3903505802155,100.0,"78_alpha=5,gamma=1.0000,num_envs=4,policy_lr_start=0.1000,q_lr_start=0.0250,update_epochs=50,update_policy_epochs=300",QREPS,1.0,True,True,False,QREPS_CartPole-v1,TFG,False,LunarLander-v2,1000.0,100.0,10000.0,50.0,300.0,5.0,4.0,1.0,0.1,0.001,0.025,0.001,5.0,,False,0.1,False,True,True
6d51c_00079,0.0,1711735571.0,,True,54.0,2024-03-29_19-06-11,4.426279067993164,865.2473700046539,12311.0,Nicolass-Air.technicolor.net,127.0.0.1,865.2473700046539,54.0,"79_alpha=6,gamma=1.0000,num_envs=4,policy_lr_start=0.1000,q_lr_start=0.0250,update_epochs=50,update_policy_epochs=300",QREPS,1.0,True,True,False,QREPS_CartPole-v1,TFG,False,LunarLander-v2,1000.0,100.0,10000.0,50.0,300.0,5.0,4.0,1.0,0.1,0.001,0.025,0.001,6.0,,False,0.1,False,True,True
6d51c_00080,0.0,1711735446.0,,True,98.0,2024-03-29_19-04-06,0.5545210838317871,591.525021314621,12308.0,Nicolass-Air.technicolor.net,127.0.0.1,591.525021314621,98.0,"80_alpha=0.2000,gamma=0.9900,num_envs=1,policy_lr_start=0.0250,q_lr_start=0.0250,update_epochs=50,update_policy_epochs=300",QREPS,1.0,True,True,False,QREPS_CartPole-v1,TFG,False,LunarLander-v2,1000.0,100.0,10000.0,50.0,300.0,5.0,1.0,0.99,0.025,0.001,0.025,0.001,0.2,,False,0.1,False,True,True
6d51c_00081,-692.5089499992339,1711735628.0,,True,100.0,2024-03-29_19-07-08,5.475944995880127,598.3060245513916,12309.0,Nicolass-Air.technicolor.net,127.0.0.1,598.3060245513916,100.0,"81_alpha=2,gamma=0.9900,num_envs=1,policy_lr_start=0.0250,q_lr_start=0.0250,update_epochs=50,update_policy_epochs=300",QREPS,1.0,True,True,False,QREPS_CartPole-v1,TFG,False,LunarLander-v2,1000.0,100.0,10000.0,50.0,300.0,5.0,1.0,0.99,0.025,0.001,0.025,0.001,2.0,,False,0.1,False,True,True
6d51c_00082,-692.5089499992339,1711735845.0,,True,100.0,2024-03-29_19-10-45,6.516674041748047,603.4721047878265,12312.0,Nicolass-Air.technicolor.net,127.0.0.1,603.4721047878265,100.0,"82_alpha=3,gamma=0.9900,num_envs=1,policy_lr_start=0.0250,q_lr_start=0.0250,update_epochs=50,update_policy_epochs=300",QREPS,1.0,True,True,False,QREPS_CartPole-v1,TFG,False,LunarLander-v2,1000.0,100.0,10000.0,50.0,300.0,5.0,1.0,0.99,0.025,0.001,0.025,0.001,3.0,,False,0.1,False,True,True
6d51c_00083,-839.2514506963128,1711736176.0,,True,100.0,2024-03-29_19-16-16,7.1961798667907715,802.0447804927826,12310.0,Nicolass-Air.technicolor.net,127.0.0.1,802.0447804927826,100.0,"83_alpha=5,gamma=0.9900,num_envs=1,policy_lr_start=0.0250,q_lr_start=0.0250,update_epochs=50,update_policy_epochs=300",QREPS,1.0,True,True,False,QREPS_CartPole-v1,TFG,False,LunarLander-v2,1000.0,100.0,10000.0,50.0,300.0,5.0,1.0,0.99,0.025,0.001,0.025,0.001,5.0,,False,0.1,False,True,True
6d51c_00084,-839.2514506963128,1711736147.0,,True,100.0,2024-03-29_19-15-47,6.5905280113220215,736.3009028434753,12307.0,Nicolass-Air.technicolor.net,127.0.0.1,736.3009028434753,100.0,"84_alpha=6,gamma=0.9900,num_envs=1,policy_lr_start=0.0250,q_lr_start=0.0250,update_epochs=50,update_policy_epochs=300",QREPS,1.0,True,True,False,QREPS_CartPole-v1,TFG,False,LunarLander-v2,1000.0,100.0,10000.0,50.0,300.0,5.0,1.0,0.99,0.025,0.001,0.025,0.001,6.0,,False,0.1,False,True,True
6d51c_00085,-839.2514506963128,1711736179.0,,True,100.0,2024-03-29_19-16-19,6.782037019729614,731.4757859706879,12308.0,Nicolass-Air.technicolor.net,127.0.0.1,731.4757859706879,100.0,"85_alpha=0.2000,gamma=1.0000,num_envs=1,policy_lr_start=0.0250,q_lr_start=0.0250,update_epochs=50,update_policy_epochs=300",QREPS,1.0,True,True,False,QREPS_CartPole-v1,TFG,False,LunarLander-v2,1000.0,100.0,10000.0,50.0,300.0,5.0,1.0,1.0,0.025,0.001,0.025,0.001,0.2,,False,0.1,False,True,True
6d51c_00086,0.0,1711736099.0,,True,93.0,2024-03-29_19-14-59,0.9788148403167725,527.4077026844025,12311.0,Nicolass-Air.technicolor.net,127.0.0.1,527.4077026844025,93.0,"86_alpha=2,gamma=1.0000,num_envs=1,policy_lr_start=0.0250,q_lr_start=0.0250,update_epochs=50,update_policy_epochs=300",QREPS,1.0,True,True,False,QREPS_CartPole-v1,TFG,False,LunarLander-v2,1000.0,100.0,10000.0,50.0,300.0,5.0,1.0,1.0,0.025,0.001,0.025,0.001,2.0,,False,0.1,False,True,True
6d51c_00087,-839.2514506963128,1711736417.0,,True,100.0,2024-03-29_19-20-17,7.977538108825684,787.3807754516602,12309.0,Nicolass-Air.technicolor.net,127.0.0.1,787.3807754516602,100.0,"87_alpha=3,gamma=1.0000,num_envs=1,policy_lr_start=0.0250,q_lr_start=0.0250,update_epochs=50,update_policy_epochs=300",QREPS,1.0,True,True,False,QREPS_CartPole-v1,TFG,False,LunarLander-v2,1000.0,100.0,10000.0,50.0,300.0,5.0,1.0,1.0,0.025,0.001,0.025,0.001,3.0,,False,0.1,False,True,True
6d51c_00088,0.0,1711736390.0,,True,97.0,2024-03-29_19-19-50,1.590723991394043,543.2568964958191,12312.0,Nicolass-Air.technicolor.net,127.0.0.1,543.2568964958191,97.0,"88_alpha=5,gamma=1.0000,num_envs=1,policy_lr_start=0.0250,q_lr_start=0.0250,update_epochs=50,update_policy_epochs=300",QREPS,1.0,True,True,False,QREPS_CartPole-v1,TFG,False,LunarLander-v2,1000.0,100.0,10000.0,50.0,300.0,5.0,1.0,1.0,0.025,0.001,0.025,0.001,5.0,,False,0.1,False,True,True
6d51c_00089,-839.2514506963128,1711736847.0,,True,100.0,2024-03-29_19-27-27,7.323393106460571,784.2261636257172,12313.0,Nicolass-Air.technicolor.net,127.0.0.1,784.2261636257172,100.0,"89_alpha=6,gamma=1.0000,num_envs=1,policy_lr_start=0.0250,q_lr_start=0.0250,update_epochs=50,update_policy_epochs=300",QREPS,1.0,True,True,False,QREPS_CartPole-v1,TFG,False,LunarLander-v2,1000.0,100.0,10000.0,50.0,300.0,5.0,1.0,1.0,0.025,0.001,0.025,0.001,6.0,,False,0.1,False,True,True
6d51c_00090,-744.1662281234279,1711738023.0,,False,68.0,2024-03-29_19-47-03,29.998215913772583,1922.7217302322388,12311.0,Nicolass-Air.technicolor.net,127.0.0.1,1922.7217302322388,68.0,"90_alpha=0.2000,gamma=0.9900,num_envs=4,policy_lr_start=0.0250,q_lr_start=0.0250,update_epochs=50,update_policy_epochs=300",QREPS,1.0,True,True,False,QREPS_CartPole-v1,TFG,False,LunarLander-v2,1000.0,100.0,10000.0,50.0,300.0,5.0,4.0,0.99,0.025,0.001,0.025,0.001,0.2,,False,0.1,False,True,True
6d51c_00091,-527.5580530456438,1711737759.0,,True,100.0,2024-03-29_19-42-39,16.452543020248413,1609.962856054306,12307.0,Nicolass-Air.technicolor.net,127.0.0.1,1609.962856054306,100.0,"91_alpha=2,gamma=0.9900,num_envs=4,policy_lr_start=0.0250,q_lr_start=0.0250,update_epochs=50,update_policy_epochs=300",QREPS,1.0,True,True,False,QREPS_CartPole-v1,TFG,False,LunarLander-v2,1000.0,100.0,10000.0,50.0,300.0,5.0,4.0,0.99,0.025,0.001,0.025,0.001,2.0,,False,0.1,False,True,True
6d51c_00092,-526.0261480945896,1711737847.0,,True,100.0,2024-03-29_19-44-07,14.12510895729065,1668.7225277423859,12310.0,Nicolass-Air.technicolor.net,127.0.0.1,1668.7225277423859,100.0,"92_alpha=3,gamma=0.9900,num_envs=4,policy_lr_start=0.0250,q_lr_start=0.0250,update_epochs=50,update_policy_epochs=300",QREPS,1.0,True,True,False,QREPS_CartPole-v1,TFG,False,LunarLander-v2,1000.0,100.0,10000.0,50.0,300.0,5.0,4.0,0.99,0.025,0.001,0.025,0.001,3.0,,False,0.1,False,True,True
6d51c_00093,-744.1662281234279,1711738023.0,,False,66.0,2024-03-29_19-47-03,28.603423833847046,1842.2184793949127,12308.0,Nicolass-Air.technicolor.net,127.0.0.1,1842.2184793949127,66.0,"93_alpha=5,gamma=0.9900,num_envs=4,policy_lr_start=0.0250,q_lr_start=0.0250,update_epochs=50,update_policy_epochs=300",QREPS,1.0,True,True,False,QREPS_CartPole-v1,TFG,False,LunarLander-v2,1000.0,100.0,10000.0,50.0,300.0,5.0,4.0,0.99,0.025,0.001,0.025,0.001,5.0,,False,0.1,False,True,True
6d51c_00094,-744.1662281234279,1711738025.0,,False,58.0,2024-03-29_19-47-05,29.814973831176758,1647.6191000938416,12314.0,Nicolass-Air.technicolor.net,127.0.0.1,1647.6191000938416,58.0,"94_alpha=6,gamma=0.9900,num_envs=4,policy_lr_start=0.0250,q_lr_start=0.0250,update_epochs=50,update_policy_epochs=300",QREPS,1.0,True,True,False,QREPS_CartPole-v1,TFG,False,LunarLander-v2,1000.0,100.0,10000.0,50.0,300.0,5.0,4.0,0.99,0.025,0.001,0.025,0.001,6.0,,False,0.1,False,True,True
6d51c_00095,0.0,1711737830.0,,True,78.0,2024-03-29_19-43-50,1.8070919513702393,1435.9844965934753,12312.0,Nicolass-Air.technicolor.net,127.0.0.1,1435.9844965934753,78.0,"95_alpha=0.2000,gamma=1.0000,num_envs=4,policy_lr_start=0.0250,q_lr_start=0.0250,update_epochs=50,update_policy_epochs=300",QREPS,1.0,True,True,False,QREPS_CartPole-v1,TFG,False,LunarLander-v2,1000.0,100.0,10000.0,50.0,300.0,5.0,4.0,1.0,0.025,0.001,0.025,0.001,0.2,,False,0.1,False,True,True
6d51c_00096,-61.88483728223937,1711738017.0,,False,95.0,2024-03-29_19-46-57,18.52261781692505,1598.235801935196,12309.0,Nicolass-Air.technicolor.net,127.0.0.1,1598.235801935196,95.0,"96_alpha=2,gamma=1.0000,num_envs=4,policy_lr_start=0.0250,q_lr_start=0.0250,update_epochs=50,update_policy_epochs=300",QREPS,1.0,True,True,False,QREPS_CartPole-v1,TFG,False,LunarLander-v2,1000.0,100.0,10000.0,50.0,300.0,5.0,4.0,1.0,0.025,0.001,0.025,0.001,2.0,,False,0.1,False,True,True
6d51c_00097,-527.5580530456438,1711738025.0,,False,69.0,2024-03-29_19-47-05,18.62669587135315,1176.5510449409485,12313.0,Nicolass-Air.technicolor.net,127.0.0.1,1176.5510449409485,69.0,"97_alpha=3,gamma=1.0000,num_envs=4,policy_lr_start=0.0250,q_lr_start=0.0250,update_epochs=50,update_policy_epochs=300",QREPS,1.0,True,True,False,QREPS_CartPole-v1,TFG,False,LunarLander-v2,1000.0,100.0,10000.0,50.0,300.0,5.0,4.0,1.0,0.025,0.001,0.025,0.001,3.0,,False,0.1,False,True,True
6d51c_00098,-744.1662281234279,1711738024.0,,False,10.0,2024-03-29_19-47-04,27.78195095062256,264.4893493652344,12307.0,Nicolass-Air.technicolor.net,127.0.0.1,264.4893493652344,10.0,"98_alpha=5,gamma=1.0000,num_envs=4,policy_lr_start=0.0250,q_lr_start=0.0250,update_epochs=50,update_policy_epochs=300",QREPS,1.0,True,True,False,QREPS_CartPole-v1,TFG,False,LunarLander-v2,1000.0,100.0,10000.0,50.0,300.0,5.0,4.0,1.0,0.025,0.001,0.025,0.001,5.0,,False,0.1,False,True,True
6d51c_00099,-744.1662281234279,1711738018.0,,False,7.0,2024-03-29_19-46-58,29.633013010025024,187.9424979686737,12312.0,Nicolass-Air.technicolor.net,127.0.0.1,187.9424979686737,7.0,"99_alpha=6,gamma=1.0000,num_envs=4,policy_lr_start=0.0250,q_lr_start=0.0250,update_epochs=50,update_policy_epochs=300",QREPS,1.0,True,True,False,QREPS_CartPole-v1,TFG,False,LunarLander-v2,1000.0,100.0,10000.0,50.0,300.0,5.0,4.0,1.0,0.025,0.001,0.025,0.001,6.0,,False,0.1,False,True,True
6d51c_00100,-427.77961408414177,1711738025.0,,False,19.0,2024-03-29_19-47-05,9.816824197769165,177.58816170692444,12310.0,Nicolass-Air.technicolor.net,127.0.0.1,177.58816170692444,19.0,"100_alpha=0.2000,gamma=0.9900,num_envs=1,policy_lr_start=0.0025,q_lr_start=0.0250,update_epochs=50,update_policy_epochs=300",QREPS,1.0,True,True,False,QREPS_CartPole-v1,TFG,False,LunarLander-v2,1000.0,100.0,10000.0,50.0,300.0,5.0,1.0,0.99,0.0025,0.001,0.025,0.001,0.2,,False,0.1,False,True,True
6d51c_00101,,,,,,,,,,,,,,,,,,,,,,,,,,,,,,,,,,,,,,,,,,
6d51c_00102,,,,,,,,,,,,,,,,,,,,,,,,,,,,,,,,,,,,,,,,,,
6d51c_00103,,,,,,,,,,,,,,,,,,,,,,,,,,,,,,,,,,,,,,,,,,
6d51c_00104,,,,,,,,,,,,,,,,,,,,,,,,,,,,,,,,,,,,,,,,,,
6d51c_00105,,,,,,,,,,,,,,,,,,,,,,,,,,,,,,,,,,,,,,,,,,
6d51c_00106,,,,,,,,,,,,,,,,,,,,,,,,,,,,,,,,,,,,,,,,,,
6d51c_00107,,,,,,,,,,,,,,,,,,,,,,,,,,,,,,,,,,,,,,,,,,
6d51c_00108,,,,,,,,,,,,,,,,,,,,,,,,,,,,,,,,,,,,,,,,,,
6d51c_00109,,,,,,,,,,,,,,,,,,,,,,,,,,,,,,,,,,,,,,,,,,
6d51c_00110,,,,,,,,,,,,,,,,,,,,,,,,,,,,,,,,,,,,,,,,,,
6d51c_00111,,,,,,,,,,,,,,,,,,,,,,,,,,,,,,,,,,,,,,,,,,
6d51c_00112,,,,,,,,,,,,,,,,,,,,,,,,,,,,,,,,,,,,,,,,,,
6d51c_00113,,,,,,,,,,,,,,,,,,,,,,,,,,,,,,,,,,,,,,,,,,
6d51c_00114,,,,,,,,,,,,,,,,,,,,,,,,,,,,,,,,,,,,,,,,,,
6d51c_00115,,,,,,,,,,,,,,,,,,,,,,,,,,,,,,,,,,,,,,,,,,
6d51c_00116,,,,,,,,,,,,,,,,,,,,,,,,,,,,,,,,,,,,,,,,,,
